id,state_code,city_name,active,priority,scheduled_activation,waitlist_count,created_at,activated_at
38f09cd3-1d01-4882-ae2a-295a4fef6ba9,AC,Acrelândia,f,0,,0,2025-12-19 20:37:22.576461+00,
e0ca36f7-629a-4625-87c2-e0bf081ff4d3,AC,Assis Brasil,f,0,,0,2025-12-19 20:37:22.576461+00,
8dbbb853-45a3-4734-8723-d8515c9a193a,AC,Brasiléia,f,0,,0,2025-12-19 20:37:22.576461+00,
06380a71-46f9-4259-976d-0af082b7f05c,AC,Bujari,f,0,,0,2025-12-19 20:37:22.576461+00,
eb8b367a-b5ff-43b7-b9da-b9bc76d5080c,AC,Capixaba,f,0,,0,2025-12-19 20:37:22.576461+00,
c3ccaf2b-a872-4bbb-a45b-8992260fe883,AC,Cruzeiro do Sul,f,0,,0,2025-12-19 20:37:22.576461+00,
5c61edb6-1d0c-48f9-9416-dd21d0510f84,AC,Epitaciolândia,f,0,,0,2025-12-19 20:37:22.576461+00,
2f41a6ca-4247-445a-a449-4d20f9ab7bd2,AC,Feijó,f,0,,0,2025-12-19 20:37:22.576461+00,
e2582920-6439-4b85-9212-97dc67151623,AC,Jordão,f,0,,0,2025-12-19 20:37:22.576461+00,
87acb68b-2883-402b-88e5-e4d421eb1e7b,AC,Mâncio Lima,f,0,,0,2025-12-19 20:37:22.576461+00,
6a3ea9d6-1d1d-430f-8ba7-72b2ca20ee71,AC,Manoel Urbano,f,0,,0,2025-12-19 20:37:22.576461+00,
cfaf452b-20a7-4c0d-a409-9afedc849a41,AC,Marechal Thaumaturgo,f,0,,0,2025-12-19 20:37:22.576461+00,
0a58d673-37ea-4ccd-a52d-849d8e5810c2,AC,Plácido de Castro,f,0,,0,2025-12-19 20:37:22.576461+00,
a8dd7dfa-f39c-4b55-81ca-2f0a6412d745,AC,Porto Acre,f,0,,0,2025-12-19 20:37:22.576461+00,
373cc1d5-195e-42a4-893b-30c90cdbfe9d,AC,Porto Walter,f,0,,0,2025-12-19 20:37:22.576461+00,
2d6a0c15-3de1-4962-a9b6-051c45da2ec3,AC,Rio Branco,f,0,,0,2025-12-19 20:37:22.576461+00,
0945ec9d-f881-4d0a-aa52-2b84efd18d72,AC,Rodrigues Alves,f,0,,0,2025-12-19 20:37:22.576461+00,
e3dd1b1d-5088-4cde-b8a7-d59888bc3e36,AC,Santa Rosa do Purus,f,0,,0,2025-12-19 20:37:22.576461+00,
ca5b16ae-ab56-474e-bc0c-c34f0a2daf31,AC,Sena Madureira,f,0,,0,2025-12-19 20:37:22.576461+00,
cb8104ed-877c-4db9-b52b-1024ca43ab05,AC,Senador Guiomard,f,0,,0,2025-12-19 20:37:22.576461+00,
44fc94c1-003e-47e3-b832-678bdb5670da,AC,Tarauacá,f,0,,0,2025-12-19 20:37:22.576461+00,
9f2da45b-f793-434b-a029-bfbf2690bbd6,AC,Xapuri,f,0,,0,2025-12-19 20:37:22.576461+00,
fc68ed97-825b-4620-bdfa-148845b98b3d,AL,Água Branca,f,0,,0,2025-12-19 20:37:22.576461+00,
1d7c6ca9-8735-49ff-b407-df0939ead5dc,AL,Anadia,f,0,,0,2025-12-19 20:37:22.576461+00,
6597b171-c66e-4813-a2d8-dc66f6cea175,AL,Arapiraca,f,0,,0,2025-12-19 20:37:22.576461+00,
51fe44ec-0d6f-4251-9a94-c96924758ca9,AL,Atalaia,f,0,,0,2025-12-19 20:37:22.576461+00,
50738836-ae8d-431b-b0ae-a3738df694d3,AL,Barra de Santo Antônio,f,0,,0,2025-12-19 20:37:22.576461+00,
bc077815-4f00-433f-bcf0-a3004049d757,AL,Barra de São Miguel,f,0,,0,2025-12-19 20:37:22.576461+00,
ab458b75-de93-44f4-9a89-0673e6d86055,AL,Batalha,f,0,,0,2025-12-19 20:37:22.576461+00,
bf63a2de-2192-4333-8958-7ee41bf872b0,AL,Belém,f,0,,0,2025-12-19 20:37:22.576461+00,
2a3875d7-7a37-4aa1-9741-cf19bdccff21,AL,Belo Monte,f,0,,0,2025-12-19 20:37:22.576461+00,
10edabc8-945b-461d-bbe4-dd7ce9160364,AL,Boca da Mata,f,0,,0,2025-12-19 20:37:22.576461+00,
564c1ab6-59b4-4d1f-8f27-f7114a0589e4,AL,Branquinha,f,0,,0,2025-12-19 20:37:22.576461+00,
aabcdd1c-6e39-4442-b549-4468fd441d58,AL,Cacimbinhas,f,0,,0,2025-12-19 20:37:22.576461+00,
a33fa23d-595b-46de-a6ef-9e312fc8419d,AL,Cajueiro,f,0,,0,2025-12-19 20:37:22.576461+00,
e42b1264-c57e-42eb-9b37-58d89d47418c,AL,Campestre,f,0,,0,2025-12-19 20:37:22.576461+00,
0da101bd-8808-45e1-a083-c99db118eb5c,AL,Campo Alegre,f,0,,0,2025-12-19 20:37:22.576461+00,
af6b0cfe-8702-4a04-b57d-33bc2ba8a2f5,AL,Campo Grande,f,0,,0,2025-12-19 20:37:22.576461+00,
8a8d2f54-1525-4440-bbad-f3eae1de0281,AL,Canapi,f,0,,0,2025-12-19 20:37:22.576461+00,
dc7be094-12e6-4e7f-8090-ffb6e1aeff74,AL,Capela,f,0,,0,2025-12-19 20:37:22.576461+00,
a1a1d2c8-dcd5-4a7c-8ef6-4aca87208539,AL,Carneiros,f,0,,0,2025-12-19 20:37:22.576461+00,
ca9be9f2-cd64-4362-8cea-e833b4f08718,AL,Chã Preta,f,0,,0,2025-12-19 20:37:22.576461+00,
98da6550-6ac4-4ed9-bfe9-99eb3995672d,AL,Coité do Nóia,f,0,,0,2025-12-19 20:37:22.576461+00,
d8590f90-5f68-4107-be24-0107a9fa9ef8,AL,Colônia Leopoldina,f,0,,0,2025-12-19 20:37:22.576461+00,
0b3d50a8-76a7-43b7-a17e-12f6562e9874,AL,Coqueiro Seco,f,0,,0,2025-12-19 20:37:22.576461+00,
9fd4fb55-b946-456f-8f19-48cefaea9332,AL,Coruripe,f,0,,0,2025-12-19 20:37:22.576461+00,
2c8a83c0-0910-4891-8c26-63701afa428b,AL,Craíbas,f,0,,0,2025-12-19 20:37:22.576461+00,
30b90cad-c9f8-4b9f-aeb8-f1d9c78be218,AL,Delmiro Gouveia,f,0,,0,2025-12-19 20:37:22.576461+00,
daaf2901-321d-45bf-a229-6b703bb82c27,AL,Dois Riachos,f,0,,0,2025-12-19 20:37:22.576461+00,
6adcc1ae-90d2-4fc3-b884-bb9528d898f5,AL,Estrela de Alagoas,f,0,,0,2025-12-19 20:37:22.576461+00,
37734e1a-0a01-4995-8958-c102f70bef0f,AL,Feira Grande,f,0,,0,2025-12-19 20:37:22.576461+00,
705a6ed2-39e9-4633-9a7a-a2b0a77a535f,AL,Feliz Deserto,f,0,,0,2025-12-19 20:37:22.576461+00,
d3773863-04ef-410c-8c73-6859722bd037,AL,Flexeiras,f,0,,0,2025-12-19 20:37:22.576461+00,
09de6796-103b-444b-a060-cd5ed65270b9,AL,Girau do Ponciano,f,0,,0,2025-12-19 20:37:22.576461+00,
5032296d-1969-4516-b994-e8d4a3025a81,AL,Ibateguara,f,0,,0,2025-12-19 20:37:22.576461+00,
b5009bb7-1f66-4fbe-80be-a6da303bd436,AL,Igaci,f,0,,0,2025-12-19 20:37:22.576461+00,
26c6771f-9d5a-4115-8dbb-389ecb6d9d2f,AL,Igreja Nova,f,0,,0,2025-12-19 20:37:22.576461+00,
79372084-56af-4751-ac49-3b982374cfef,AL,Inhapi,f,0,,0,2025-12-19 20:37:22.576461+00,
fc71ac0c-a7e4-4f4c-9acb-c729448ca20d,AL,Jacaré dos Homens,f,0,,0,2025-12-19 20:37:22.576461+00,
53192a22-5a60-42ec-98f9-b411a428330e,AL,Jacuípe,f,0,,0,2025-12-19 20:37:22.576461+00,
7732b6b3-166e-4d2d-8c33-4d65cea97897,AL,Japaratinga,f,0,,0,2025-12-19 20:37:22.576461+00,
078abdac-3da3-4744-98fc-a73c654438a5,AL,Jaramataia,f,0,,0,2025-12-19 20:37:22.576461+00,
bc6eb440-e0f9-46da-84cc-72aaa4c83670,AL,Jequiá da Praia,f,0,,0,2025-12-19 20:37:22.576461+00,
69495b15-d6ad-4017-978d-502e64505a61,AL,Joaquim Gomes,f,0,,0,2025-12-19 20:37:22.576461+00,
b3490bf2-8dea-4087-a3a2-ca07f7b669c3,AL,Jundiá,f,0,,0,2025-12-19 20:37:22.576461+00,
de7afcd4-fcb0-43e8-8bc8-e69f092515c3,AL,Junqueiro,f,0,,0,2025-12-19 20:37:22.576461+00,
39aceb80-638b-416d-a070-dc363fe8eb98,AL,Lagoa da Canoa,f,0,,0,2025-12-19 20:37:22.576461+00,
e54f62d4-12eb-43b7-aae6-f993bfa7d815,AL,Limoeiro de Anadia,f,0,,0,2025-12-19 20:37:22.576461+00,
da141833-91e4-4be6-b0a4-b4f83245acbc,AL,Maceió,f,0,,0,2025-12-19 20:37:22.576461+00,
63337136-afac-42cb-acc7-8fe9159ae2da,AL,Major Isidoro,f,0,,0,2025-12-19 20:37:22.576461+00,
43655493-c570-4e3c-a126-f82a1a8bfe2f,AL,Mar Vermelho,f,0,,0,2025-12-19 20:37:22.576461+00,
0ed45928-05aa-457f-bf39-3835b114df8a,AL,Maragogi,f,0,,0,2025-12-19 20:37:22.576461+00,
b9b7862e-e7a4-4273-9b25-78f0e1d225ea,AL,Maravilha,f,0,,0,2025-12-19 20:37:22.576461+00,
a6206b98-75e3-4512-a72e-8ab5a2617106,AL,Marechal Deodoro,f,0,,0,2025-12-19 20:37:22.576461+00,
1d559703-ff79-4550-9f19-e97cf4febe01,AL,Maribondo,f,0,,0,2025-12-19 20:37:22.576461+00,
d82409fb-2d1d-4604-9e2a-d030836137ac,AL,Mata Grande,f,0,,0,2025-12-19 20:37:22.576461+00,
30e13fe8-2c6b-4746-9808-103760b58862,AL,Matriz de Camaragibe,f,0,,0,2025-12-19 20:37:22.576461+00,
7c14911e-6d3e-4328-9141-16e98da0c324,AL,Messias,f,0,,0,2025-12-19 20:37:22.576461+00,
3c63d25a-c18a-4902-850e-460e3ff84dfe,AL,Minador do Negrão,f,0,,0,2025-12-19 20:37:22.576461+00,
f03b2ff0-967b-4f3a-bdff-4427cae01a1b,AL,Monteirópolis,f,0,,0,2025-12-19 20:37:22.576461+00,
ba88547d-91b4-4f4d-8a6c-bb5770eb7f28,AL,Murici,f,0,,0,2025-12-19 20:37:22.576461+00,
48d16ad2-01e7-4115-9eff-a2335e8a53aa,AL,Novo Lino,f,0,,0,2025-12-19 20:37:22.576461+00,
2938e6c6-0025-4ea5-b32d-d87f52aa0ca1,AL,Olho d'Água das Flores,f,0,,0,2025-12-19 20:37:22.576461+00,
4f6934af-fb8e-4855-9838-7d5064123636,AL,Olho d'Água do Casado,f,0,,0,2025-12-19 20:37:22.576461+00,
dea3fa81-5f00-495b-8968-6a58ed7c687f,AL,Olho d'Água Grande,f,0,,0,2025-12-19 20:37:22.576461+00,
d10123c2-6a3a-4019-9a68-94cafa866339,AL,Olivença,f,0,,0,2025-12-19 20:37:22.576461+00,
dd02a36e-9137-4a3e-8b35-a3347e6e0285,AL,Ouro Branco,f,0,,0,2025-12-19 20:37:22.576461+00,
5260236a-8146-4f8f-bef6-37e927c7e2f4,AL,Palestina,f,0,,0,2025-12-19 20:37:22.576461+00,
e8460ba8-727e-422b-90b2-b62cfb004fd9,AL,Palmeira dos Índios,f,0,,0,2025-12-19 20:37:22.576461+00,
a4a3f417-60ae-4b01-a69a-a53568747e2d,AL,Pão de Açúcar,f,0,,0,2025-12-19 20:37:22.576461+00,
add09b9b-dc8f-4d63-bee5-06a5b8222fa9,AL,Pariconha,f,0,,0,2025-12-19 20:37:22.576461+00,
5c8dd5cb-74e9-4c41-b499-5d733bad8c34,AL,Paripueira,f,0,,0,2025-12-19 20:37:22.576461+00,
b214a33e-8d8f-4935-8d3f-0a2c2742ebf4,AL,Passo de Camaragibe,f,0,,0,2025-12-19 20:37:22.576461+00,
bb6da46a-894c-459a-8f1f-ce6ec7d7245b,AL,Paulo Jacinto,f,0,,0,2025-12-19 20:37:22.576461+00,
ee6fb9ef-2e95-4039-8774-255ca808a36a,AL,Penedo,f,0,,0,2025-12-19 20:37:22.576461+00,
721709fb-2291-4b89-a6fb-394e8a98e3c9,AL,Piaçabuçu,f,0,,0,2025-12-19 20:37:22.576461+00,
233f105b-f48e-4143-92f0-ddf30d0e6472,AL,Pilar,f,0,,0,2025-12-19 20:37:22.576461+00,
6d10c39a-b41f-4e43-b33b-067b0fbc2a80,AL,Pindoba,f,0,,0,2025-12-19 20:37:22.576461+00,
6f8cba0b-5403-4927-8cc1-eac602604770,AL,Piranhas,f,0,,0,2025-12-19 20:37:22.576461+00,
5dd5be26-ae5b-4701-82ad-547998b1af01,AL,Poço das Trincheiras,f,0,,0,2025-12-19 20:37:22.576461+00,
0b3b7896-4e34-4f88-a653-27069035ed32,AL,Porto Calvo,f,0,,0,2025-12-19 20:37:22.576461+00,
b611235a-849f-473b-8acb-f66b353b65f7,AL,Porto de Pedras,f,0,,0,2025-12-19 20:37:22.576461+00,
2ee67024-f28a-4979-8195-b742a86c357f,AL,Porto Real do Colégio,f,0,,0,2025-12-19 20:37:22.576461+00,
44efdcea-d606-4309-b5b4-b4c211575069,AL,Quebrangulo,f,0,,0,2025-12-19 20:37:22.576461+00,
0b217270-56f6-4a32-b785-3174b0338f5e,AL,Rio Largo,f,0,,0,2025-12-19 20:37:22.576461+00,
c2ed6d3f-3472-44dd-b469-5ad52c3c4020,AL,Roteiro,f,0,,0,2025-12-19 20:37:22.576461+00,
0b7cf2b7-d350-4e64-8185-e75aa812b6e0,AL,Santa Luzia do Norte,f,0,,0,2025-12-19 20:37:22.576461+00,
a2c59f95-dd49-40cf-a99c-a16e55ffebe8,AL,Santana do Ipanema,f,0,,0,2025-12-19 20:37:22.576461+00,
5e89e327-4c7c-4dd2-83c7-e5297ea916a1,AL,Santana do Mundaú,f,0,,0,2025-12-19 20:37:22.576461+00,
c5ecbdb6-42b7-4558-8bae-f6db26cd6358,AL,São Brás,f,0,,0,2025-12-19 20:37:22.576461+00,
46ec139a-b85d-4662-81b2-26a129e8fb9a,AL,São José da Laje,f,0,,0,2025-12-19 20:37:22.576461+00,
27910806-31de-4d05-923e-c1fb1f74f452,AL,São José da Tapera,f,0,,0,2025-12-19 20:37:22.576461+00,
128d7246-156e-42a9-a728-9d46bf2c5f02,AL,São Luís do Quitunde,f,0,,0,2025-12-19 20:37:22.576461+00,
78ebd799-e2f3-41da-9d63-440d8bd769f3,AL,São Miguel dos Campos,f,0,,0,2025-12-19 20:37:22.576461+00,
5f5e31cd-4969-4233-b081-3e4e69dd9123,AL,São Miguel dos Milagres,f,0,,0,2025-12-19 20:37:22.576461+00,
47ce6968-abd6-457f-a7c8-2ff137568985,AL,São Sebastião,f,0,,0,2025-12-19 20:37:22.576461+00,
9144bd22-28c7-45f0-a79b-81f59ea60be0,AL,Satuba,f,0,,0,2025-12-19 20:37:22.576461+00,
b728f17e-c4a3-4d54-a498-f00ad13f8f69,AL,Senador Rui Palmeira,f,0,,0,2025-12-19 20:37:22.576461+00,
5a25d575-5d40-4f9b-948f-02cedc159843,AL,Tanque d'Arca,f,0,,0,2025-12-19 20:37:22.576461+00,
32747159-5121-4ab5-8e92-7f0b0f994c70,AL,Taquarana,f,0,,0,2025-12-19 20:37:22.576461+00,
fb96cd10-1d2b-4a3a-9bbf-8fd1c868167e,AL,Teotônio Vilela,f,0,,0,2025-12-19 20:37:22.576461+00,
4bb7351f-a09f-4e72-9d5d-7fa8f8ff6af1,AL,Traipu,f,0,,0,2025-12-19 20:37:22.576461+00,
d0515139-3361-46c8-b08f-f2556954e0bd,AL,União dos Palmares,f,0,,0,2025-12-19 20:37:22.576461+00,
2dcb06ea-f712-4b2c-bff3-072ef767aebf,AL,Viçosa,f,0,,0,2025-12-19 20:37:22.576461+00,
654108ea-2382-4b29-8d55-f90098caa390,AP,Amapá,f,0,,0,2025-12-19 20:37:22.576461+00,
7e42259a-da32-4cea-9276-cdd48aa2c37d,AP,Calçoene,f,0,,0,2025-12-19 20:37:22.576461+00,
2f1ee025-f4c8-4f64-ab1a-b981e7746b52,AP,Cutias,f,0,,0,2025-12-19 20:37:22.576461+00,
1ef5e8d6-69c6-45a6-8f65-7456f218a9e4,AP,Ferreira Gomes,f,0,,0,2025-12-19 20:37:22.576461+00,
9a7445c7-b351-4024-b5cc-e4917e3ded5b,AP,Itaubal,f,0,,0,2025-12-19 20:37:22.576461+00,
ea3fbb86-52ea-4540-bc37-11c9e8cd51bb,AP,Laranjal do Jari,f,0,,0,2025-12-19 20:37:22.576461+00,
80ade0cc-40e0-45c9-bd08-cc8d80fdf6a4,AP,Macapá,f,0,,0,2025-12-19 20:37:22.576461+00,
c2c9064c-cc8f-433f-a9d6-5b9ebdc2eee1,AP,Mazagão,f,0,,0,2025-12-19 20:37:22.576461+00,
ccf3848f-34f4-4945-853e-3674c5f8ee1d,AP,Oiapoque,f,0,,0,2025-12-19 20:37:22.576461+00,
74d8c2a0-6358-4474-8887-45808c8374ba,AP,Pedra Branca do Amapari,f,0,,0,2025-12-19 20:37:22.576461+00,
404e7a1c-a66d-4e52-83d0-41c233eaa9a1,AP,Porto Grande,f,0,,0,2025-12-19 20:37:22.576461+00,
0cf51e0c-9ff6-45d1-912b-188c1a216b4b,AP,Pracuúba,f,0,,0,2025-12-19 20:37:22.576461+00,
a484733d-1771-42c6-9793-8de54ca2b937,AP,Santana,f,0,,0,2025-12-19 20:37:22.576461+00,
de167cb1-2e5e-4a6b-9f9d-01edafe79bed,AP,Serra do Navio,f,0,,0,2025-12-19 20:37:22.576461+00,
abb2559a-20f8-472f-8778-13f960a00010,AP,Tartarugalzinho,f,0,,0,2025-12-19 20:37:22.576461+00,
f12997c8-6eb6-4dab-abad-04a7af216517,AP,Vitória do Jari,f,0,,0,2025-12-19 20:37:22.576461+00,
e49e4d48-21e2-43d7-a1b0-da956203e2f3,AM,Alvarães,f,0,,0,2025-12-19 20:37:22.576461+00,
2d7bf803-fd9d-4264-a099-ffcc45b62bce,AM,Amaturá,f,0,,0,2025-12-19 20:37:22.576461+00,
323398a7-16bc-4910-bc95-e0456a716eee,AM,Anamã,f,0,,0,2025-12-19 20:37:22.576461+00,
50c5d472-e729-473f-9e35-8cd186375527,AM,Anori,f,0,,0,2025-12-19 20:37:22.576461+00,
c020df10-f8cc-4af4-9d71-509b791f939e,AM,Apuí,f,0,,0,2025-12-19 20:37:22.576461+00,
b56334e0-2257-45a5-ab83-25204c1df459,AM,Atalaia do Norte,f,0,,0,2025-12-19 20:37:22.576461+00,
a47dfa80-11c6-4c33-b6dd-b958feb35992,AM,Autazes,f,0,,0,2025-12-19 20:37:22.576461+00,
44a9c236-489b-403a-9ee7-4daab88cb470,AM,Barcelos,f,0,,0,2025-12-19 20:37:22.576461+00,
8382320e-fc26-4e12-8325-937b9cbce416,AM,Barreirinha,f,0,,0,2025-12-19 20:37:22.576461+00,
13a43bb7-7002-4378-8887-49f62e67337b,AM,Benjamin Constant,f,0,,0,2025-12-19 20:37:22.576461+00,
f051d82f-3ba6-457d-96c7-fb50fe6ea1cf,AM,Beruri,f,0,,0,2025-12-19 20:37:22.576461+00,
761b1727-d36f-4c53-84fe-96e97a23bcce,AM,Boa Vista do Ramos,f,0,,0,2025-12-19 20:37:22.576461+00,
1155f42a-130f-4f06-9d4a-0916495f4ee2,AM,Boca do Acre,f,0,,0,2025-12-19 20:37:22.576461+00,
93919689-db4d-425b-8561-e807be3703e9,AM,Borba,f,0,,0,2025-12-19 20:37:22.576461+00,
f61872ce-2007-4952-ab6e-73f81588ac3a,AM,Caapiranga,f,0,,0,2025-12-19 20:37:22.576461+00,
036787e6-61ec-4fb6-99cc-48a2e55c931f,AM,Canutama,f,0,,0,2025-12-19 20:37:22.576461+00,
de23e0de-4839-4e78-9c7e-dcef9e5bcf02,AM,Carauari,f,0,,0,2025-12-19 20:37:22.576461+00,
9225e858-e760-4fd3-b268-5a0b7e387401,AM,Careiro,f,0,,0,2025-12-19 20:37:22.576461+00,
4354daa6-4307-4554-b1c6-cd5daaaea2cf,AM,Careiro da Várzea,f,0,,0,2025-12-19 20:37:22.576461+00,
910bf9fb-e044-4326-9151-e42cb671c2d4,AM,Coari,f,0,,0,2025-12-19 20:37:22.576461+00,
3085a461-ca13-49cc-a0f5-e6de3359a32d,AM,Codajás,f,0,,0,2025-12-19 20:37:22.576461+00,
8bd9beb6-b185-477c-a4d2-3d8a5bb6f423,AM,Eirunepé,f,0,,0,2025-12-19 20:37:22.576461+00,
58799bda-6150-4190-b757-531e8d39432e,AM,Envira,f,0,,0,2025-12-19 20:37:22.576461+00,
87991cfb-4cfc-40c3-8992-b5f46f6022bf,AM,Fonte Boa,f,0,,0,2025-12-19 20:37:22.576461+00,
9d55021d-8e1b-4cbd-93f5-f2a5c9ada105,AM,Guajará,f,0,,0,2025-12-19 20:37:22.576461+00,
ef9df4c5-1b31-4cb8-9f16-a95642cfab6c,AM,Humaitá,f,0,,0,2025-12-19 20:37:22.576461+00,
ecefc1f1-f3c9-4918-a2e1-e6024e6dff3d,AM,Ipixuna,f,0,,0,2025-12-19 20:37:22.576461+00,
7d91fb56-36ed-439f-b1e7-561b58070bb5,AM,Iranduba,f,0,,0,2025-12-19 20:37:22.576461+00,
851fdc32-06e8-4951-a98e-c383ff5a88d2,AM,Itacoatiara,f,0,,0,2025-12-19 20:37:22.576461+00,
1167b0f6-b8e0-4884-8412-d51f97566012,AM,Itamarati,f,0,,0,2025-12-19 20:37:22.576461+00,
0bee1a65-7c9f-4ed3-897b-884a7eeb765d,AM,Itapiranga,f,0,,0,2025-12-19 20:37:22.576461+00,
e54718f9-e131-4864-8eee-2e78d4840884,AM,Japurá,f,0,,0,2025-12-19 20:37:22.576461+00,
52398a1c-f40a-4a94-ac52-cfe2f5891559,AM,Juruá,f,0,,0,2025-12-19 20:37:22.576461+00,
700b16b5-4f84-404b-8f9d-c7386620f5af,AM,Jutaí,f,0,,0,2025-12-19 20:37:22.576461+00,
8e39a5bc-6983-439c-a53b-f2651a682844,AM,Lábrea,f,0,,0,2025-12-19 20:37:22.576461+00,
5cf4f8ef-d1d8-4edd-a2ab-0317f2370713,AM,Manacapuru,f,0,,0,2025-12-19 20:37:22.576461+00,
d133c2ba-2a9f-4080-baf3-57ba8b548bea,AM,Manaquiri,f,0,,0,2025-12-19 20:37:22.576461+00,
115bd947-85d0-4d00-bcdc-4c19bb493bb2,AM,Manaus,f,0,,0,2025-12-19 20:37:22.576461+00,
54390491-faa1-4191-b593-ee9e6a25d50d,AM,Manicoré,f,0,,0,2025-12-19 20:37:22.576461+00,
ae5e6281-4695-44a6-bb98-b8db8452a449,AM,Maraã,f,0,,0,2025-12-19 20:37:22.576461+00,
3625128c-8d4f-4d63-a5df-b0bad00b0fe7,AM,Maués,f,0,,0,2025-12-19 20:37:22.576461+00,
2ac3717a-5c3c-421d-8769-ce91b26a1b90,AM,Nhamundá,f,0,,0,2025-12-19 20:37:22.576461+00,
6d4ae8ae-818c-480d-b6fb-f6130b377000,AM,Nova Olinda do Norte,f,0,,0,2025-12-19 20:37:22.576461+00,
f1508a34-73a0-4546-8da6-eda1631e241c,AM,Novo Airão,f,0,,0,2025-12-19 20:37:22.576461+00,
d2f97262-2072-4226-a6a8-0d2c8414ec18,AM,Novo Aripuanã,f,0,,0,2025-12-19 20:37:22.576461+00,
b7d33481-02c2-451a-a357-fb5d46ddd428,AM,Parintins,f,0,,0,2025-12-19 20:37:22.576461+00,
948a155d-8e1e-4a4c-bfc4-9ea7197cff35,AM,Pauini,f,0,,0,2025-12-19 20:37:22.576461+00,
89e99a39-2cee-4c10-ae4f-0b2ee4f56ab4,AM,Presidente Figueiredo,f,0,,0,2025-12-19 20:37:22.576461+00,
29db6657-3688-47df-8aa0-6fa47845ffd5,AM,Rio Preto da Eva,f,0,,0,2025-12-19 20:37:22.576461+00,
57f079ab-1dac-4e2a-97e5-74f03afcfbbd,AM,Santa Isabel do Rio Negro,f,0,,0,2025-12-19 20:37:22.576461+00,
7b67925e-9fd2-4ca2-a500-64cf3f3b8ae9,AM,Santo Antônio do Içá,f,0,,0,2025-12-19 20:37:22.576461+00,
230db03c-0a87-41a1-a83b-051b834de0fa,AM,São Gabriel da Cachoeira,f,0,,0,2025-12-19 20:37:22.576461+00,
b0fb4c26-2a9e-433e-9ea3-e12369ca37df,AM,São Paulo de Olivença,f,0,,0,2025-12-19 20:37:22.576461+00,
0af46e23-9b92-4158-81cd-d3acc775e375,AM,São Sebastião do Uatumã,f,0,,0,2025-12-19 20:37:22.576461+00,
9a430868-d294-4f57-8eea-17ebf19b2a19,AM,Silves,f,0,,0,2025-12-19 20:37:22.576461+00,
93f028c5-18a5-43b1-a279-91f401c466d9,AM,Tabatinga,f,0,,0,2025-12-19 20:37:22.576461+00,
36bcad18-7956-41d9-a395-1595bfd069c3,AM,Tapauá,f,0,,0,2025-12-19 20:37:22.576461+00,
14936e79-be0a-458a-9342-e998769b5e7b,AM,Tefé,f,0,,0,2025-12-19 20:37:22.576461+00,
9c36f81a-e342-4f1e-8553-5bc121d8010d,AM,Tonantins,f,0,,0,2025-12-19 20:37:22.576461+00,
cdf487cc-35df-49e8-b860-bb17d6ce06f5,AM,Uarini,f,0,,0,2025-12-19 20:37:22.576461+00,
4fe3357c-c0fb-4424-b7ff-818b442f980a,AM,Urucará,f,0,,0,2025-12-19 20:37:22.576461+00,
76ee5509-f104-483d-bf74-6664822260c4,AM,Urucurituba,f,0,,0,2025-12-19 20:37:22.576461+00,
d0b618e4-0913-4f14-8643-4f645dccd82e,BA,Abaíra,f,0,,0,2025-12-19 20:37:22.576461+00,
3c48b075-a798-4414-8917-f889f22555cc,BA,Abaré,f,0,,0,2025-12-19 20:37:22.576461+00,
9fcd04d7-2d5c-4bc3-97d9-b2c1ea3056e2,BA,Acajutiba,f,0,,0,2025-12-19 20:37:22.576461+00,
a194b40c-f066-47bb-89a2-d1e725f42c33,BA,Adustina,f,0,,0,2025-12-19 20:37:22.576461+00,
1ded4da6-62ad-4997-a5e3-0e56f40c7802,BA,Água Fria,f,0,,0,2025-12-19 20:37:22.576461+00,
cb13704f-b3c7-4422-9c24-ca5597caceae,BA,Aiquara,f,0,,0,2025-12-19 20:37:22.576461+00,
d660c241-71ce-4bfa-b250-01dcd8c28207,BA,Alagoinhas,f,0,,0,2025-12-19 20:37:22.576461+00,
3de46a9c-c360-41cb-9ea7-3e81b84b9f4e,BA,Alcobaça,f,0,,0,2025-12-19 20:37:22.576461+00,
20c22d29-3304-4483-833c-4bcb9adb6329,BA,Almadina,f,0,,0,2025-12-19 20:37:22.576461+00,
5711288d-e740-4a09-abde-8ca1b6be5b5a,BA,Amargosa,f,0,,0,2025-12-19 20:37:22.576461+00,
780d4950-f3ff-4bfd-8855-c109d8dc682c,BA,Amélia Rodrigues,f,0,,0,2025-12-19 20:37:22.576461+00,
6f4f96a1-5334-46cf-8414-bb6911accbf1,BA,América Dourada,f,0,,0,2025-12-19 20:37:22.576461+00,
73b29e61-deb7-41de-9a63-a4f4baaceba6,BA,Anagé,f,0,,0,2025-12-19 20:37:22.576461+00,
bdd2a3d9-5105-4c66-a27c-674e87a70ae4,BA,Andaraí,f,0,,0,2025-12-19 20:37:22.576461+00,
c05ce0fe-de0d-410b-92f0-5121289e03bf,BA,Andorinha,f,0,,0,2025-12-19 20:37:22.576461+00,
462b439b-1cad-42a9-8526-b38f86824c67,BA,Angical,f,0,,0,2025-12-19 20:37:22.576461+00,
7f01cce5-9081-4c50-bba8-653b2bc69fe9,BA,Anguera,f,0,,0,2025-12-19 20:37:22.576461+00,
593b0c03-663a-4369-9e7d-3c0c36cb0625,BA,Antas,f,0,,0,2025-12-19 20:37:22.576461+00,
ceeeb4c1-2593-4e2c-9c0b-046da69c2a2e,BA,Antônio Cardoso,f,0,,0,2025-12-19 20:37:22.576461+00,
279628cf-659c-4cf4-ac3e-e683337229d4,BA,Antônio Gonçalves,f,0,,0,2025-12-19 20:37:22.576461+00,
8fb2757c-b0fa-45d0-8504-26c58baeb6e1,BA,Aporá,f,0,,0,2025-12-19 20:37:22.576461+00,
cf9602ed-ff80-472f-8a8a-c58bf479abd1,BA,Apuarema,f,0,,0,2025-12-19 20:37:22.576461+00,
ea114af0-a524-415b-b01e-405074c8643f,BA,Araçás,f,0,,0,2025-12-19 20:37:22.576461+00,
ac619870-978d-48d7-80d5-a7fd5f9780cb,BA,Aracatu,f,0,,0,2025-12-19 20:37:22.576461+00,
c492aabc-c55a-4fc5-8215-149e7e160ae2,BA,Araci,f,0,,0,2025-12-19 20:37:22.576461+00,
40341b48-076f-49bd-9b20-52404c0969e5,BA,Aramari,f,0,,0,2025-12-19 20:37:22.576461+00,
1e47712a-b147-4a0c-9547-3ccef9c49342,BA,Arataca,f,0,,0,2025-12-19 20:37:22.576461+00,
babcd53a-03d5-47df-b6de-44fb1c0ee6d6,BA,Aratuípe,f,0,,0,2025-12-19 20:37:22.576461+00,
e0cded1b-d566-4a48-86dd-6ea3988ddd23,BA,Aurelino Leal,f,0,,0,2025-12-19 20:37:22.576461+00,
783d30b7-9201-4882-a087-c96d9f1cef95,BA,Baianópolis,f,0,,0,2025-12-19 20:37:22.576461+00,
757a1163-ed4c-4cea-affe-92dcf5c9f35c,BA,Baixa Grande,f,0,,0,2025-12-19 20:37:22.576461+00,
9f417d9b-f620-45ad-91f5-fd64225b2945,BA,Banzaê,f,0,,0,2025-12-19 20:37:22.576461+00,
cf9009e4-8415-47fd-98d3-f99e679b3b2d,BA,Barra,f,0,,0,2025-12-19 20:37:22.576461+00,
6cf5c165-bf94-403e-9979-fbf98ece9c51,BA,Barra da Estiva,f,0,,0,2025-12-19 20:37:22.576461+00,
f9083c8f-69ad-4e0d-a4c8-97bbb7036786,BA,Barra do Choça,f,0,,0,2025-12-19 20:37:22.576461+00,
a2073b00-2397-4367-a604-bb364835ed42,BA,Barra do Mendes,f,0,,0,2025-12-19 20:37:22.576461+00,
f2f7836e-3b0f-461b-9234-96f5d7fcd80a,BA,Barra do Rocha,f,0,,0,2025-12-19 20:37:22.576461+00,
b25ab211-61f1-499c-8758-c0e89bc799af,BA,Barreiras,f,0,,0,2025-12-19 20:37:22.576461+00,
3e543b09-4059-4859-81f2-690cca9ebfe0,BA,Barro Alto,f,0,,0,2025-12-19 20:37:22.576461+00,
dad240fe-a9db-4f08-9123-2e91e70b4f57,BA,Barrocas,f,0,,0,2025-12-19 20:37:22.576461+00,
534d7726-b522-42e4-9ba9-6e58f384e746,BA,Barro Preto,f,0,,0,2025-12-19 20:37:22.576461+00,
b0539df5-d358-4205-855a-956c70e0210b,BA,Belmonte,f,0,,0,2025-12-19 20:37:22.576461+00,
774e2362-1d32-4b78-883e-1789122186f8,BA,Belo Campo,f,0,,0,2025-12-19 20:37:22.576461+00,
d24b9353-6122-473d-8357-efc2b20e9d10,BA,Biritinga,f,0,,0,2025-12-19 20:37:22.576461+00,
70ead590-fd8d-43bc-b5cd-64aca373c6a2,BA,Boa Nova,f,0,,0,2025-12-19 20:37:22.576461+00,
123de0b5-0a24-4e99-b45f-abe9ff95e6d3,BA,Boa Vista do Tupim,f,0,,0,2025-12-19 20:37:22.576461+00,
e1795784-cf61-4688-8413-8681caef0767,BA,Bom Jesus da Lapa,f,0,,0,2025-12-19 20:37:22.576461+00,
57132359-8d41-4573-82de-a107c4e4b3a9,BA,Bom Jesus da Serra,f,0,,0,2025-12-19 20:37:22.576461+00,
c7ffd2b9-c693-40ab-91a9-a0ab02a26384,BA,Boninal,f,0,,0,2025-12-19 20:37:22.576461+00,
41a009a1-18dc-424e-b8ae-676a193040c1,BA,Bonito,f,0,,0,2025-12-19 20:37:22.576461+00,
3baad4ba-876f-475b-838e-892a1cf04554,BA,Boquira,f,0,,0,2025-12-19 20:37:22.576461+00,
65de7c35-6eac-4951-8fea-7b8bb22c2b19,BA,Botuporã,f,0,,0,2025-12-19 20:37:22.576461+00,
c1143461-8f98-4ca2-8f27-6c4f3a7479ea,BA,Brejões,f,0,,0,2025-12-19 20:37:22.576461+00,
9bf084a8-96ea-4d03-9b49-c37e97c7e556,BA,Brejolândia,f,0,,0,2025-12-19 20:37:22.576461+00,
4edb209a-ade5-479b-9f75-38b99dd62477,BA,Brotas de Macaúbas,f,0,,0,2025-12-19 20:37:22.576461+00,
86a02d9c-1979-4312-80e5-9d124cc1c034,BA,Brumado,f,0,,0,2025-12-19 20:37:22.576461+00,
4b04eaed-300c-4e26-aa59-6e5e53ee4621,BA,Buerarema,f,0,,0,2025-12-19 20:37:22.576461+00,
0244e4db-4e1d-42b6-ba16-e0292f5c3c87,BA,Buritirama,f,0,,0,2025-12-19 20:37:22.576461+00,
757df29e-b8f1-4c4d-8e0a-03d800d4e1af,BA,Caatiba,f,0,,0,2025-12-19 20:37:22.576461+00,
639fd8cf-c6eb-437f-99e0-cc550ae560ef,BA,Cabaceiras do Paraguaçu,f,0,,0,2025-12-19 20:37:22.576461+00,
a1acdfe4-eec4-4a31-808b-0d5a9183fccf,BA,Cachoeira,f,0,,0,2025-12-19 20:37:22.576461+00,
5b4a17aa-0456-4b88-9f35-004ac6b32778,BA,Caculé,f,0,,0,2025-12-19 20:37:22.576461+00,
cae0ab9a-f2f9-45cd-a42e-4270453f4cdd,BA,Caém,f,0,,0,2025-12-19 20:37:22.576461+00,
083de91f-6c82-48d3-85c7-7d7f85e695b3,BA,Caetanos,f,0,,0,2025-12-19 20:37:22.576461+00,
654bd216-ce01-4833-95c1-8183e1148e5d,BA,Caetité,f,0,,0,2025-12-19 20:37:22.576461+00,
41010b4b-8c7b-4b88-9283-cfcb4c6f2ca2,BA,Cafarnaum,f,0,,0,2025-12-19 20:37:22.576461+00,
d8f04d7a-13c6-408b-80b3-830d63962a32,BA,Cairu,f,0,,0,2025-12-19 20:37:22.576461+00,
1c7b7d72-5de3-4706-91bb-766868d659bd,BA,Caldeirão Grande,f,0,,0,2025-12-19 20:37:22.576461+00,
d13c029a-a073-4094-b50f-4156b28259ae,BA,Camacan,f,0,,0,2025-12-19 20:37:22.576461+00,
e4a2c25d-b76f-45e7-9f4f-825e1a88f9a3,BA,Camaçari,f,0,,0,2025-12-19 20:37:22.576461+00,
3e3c49c1-12bc-4045-a962-62a312660b94,BA,Camamu,f,0,,0,2025-12-19 20:37:22.576461+00,
e580e9ee-c7a5-4451-a7ae-6ff163f6cad0,BA,Campo Alegre de Lourdes,f,0,,0,2025-12-19 20:37:22.576461+00,
f3a26334-63ea-497f-ab0f-ba1f30d5a1e4,BA,Campo Formoso,f,0,,0,2025-12-19 20:37:22.576461+00,
b1fa35cf-105a-4360-97d4-5b96f8c2a5f2,BA,Canápolis,f,0,,0,2025-12-19 20:37:22.576461+00,
b0c2e6d5-c9a7-4a3c-af50-b7f4ff23ad87,BA,Canarana,f,0,,0,2025-12-19 20:37:22.576461+00,
cb45b0a0-8a3a-424f-b2f8-a80a743db5a5,BA,Canavieiras,f,0,,0,2025-12-19 20:37:22.576461+00,
429009a2-1ce5-4a14-b936-cb8a0fc106b1,BA,Candeal,f,0,,0,2025-12-19 20:37:22.576461+00,
20c0cf16-b7fa-4e87-9cfc-59f0cbbf137e,BA,Candeias,f,0,,0,2025-12-19 20:37:22.576461+00,
4562aea5-5c4f-4ac7-b45e-c1245dde9db4,BA,Candiba,f,0,,0,2025-12-19 20:37:22.576461+00,
b867da91-3048-4c6a-9210-7a4d23f06d73,BA,Cândido Sales,f,0,,0,2025-12-19 20:37:22.576461+00,
eee456ca-7085-4b4e-a0f8-383d1fbae777,BA,Cansanção,f,0,,0,2025-12-19 20:37:22.576461+00,
a2390a53-f779-4925-9070-3448d1d03373,BA,Canudos,f,0,,0,2025-12-19 20:37:22.576461+00,
4f092399-19c6-4487-99df-d5abc85e7d42,BA,Capela do Alto Alegre,f,0,,0,2025-12-19 20:37:22.576461+00,
16a167be-55eb-41ac-a195-614569011684,BA,Capim Grosso,f,0,,0,2025-12-19 20:37:22.576461+00,
613fe80a-43dd-407c-8e8f-e956b31953a3,BA,Caraíbas,f,0,,0,2025-12-19 20:37:22.576461+00,
da19a601-7b00-45cc-8b67-9bb4fadd1b25,BA,Caravelas,f,0,,0,2025-12-19 20:37:22.576461+00,
ff1489d4-8a09-46ea-925a-580dd2735c73,BA,Cardeal da Silva,f,0,,0,2025-12-19 20:37:22.576461+00,
6fc866b5-ea44-4f81-8a10-ac2198a83700,BA,Carinhanha,f,0,,0,2025-12-19 20:37:22.576461+00,
4d14370e-5605-410b-a384-f0d2dfc5b30d,BA,Casa Nova,f,0,,0,2025-12-19 20:37:22.576461+00,
4d8eb59b-f896-44ba-ac35-17893c86f777,BA,Castro Alves,f,0,,0,2025-12-19 20:37:22.576461+00,
8258bcdc-4421-46ba-ae8f-94ad80e5309c,BA,Catolândia,f,0,,0,2025-12-19 20:37:22.576461+00,
42238606-8056-4ce3-ba27-f6238548f6db,BA,Catu,f,0,,0,2025-12-19 20:37:22.576461+00,
8449ed53-bacc-477b-8ffa-9007ff722a8d,BA,Caturama,f,0,,0,2025-12-19 20:37:22.576461+00,
6561e413-129a-4e38-b1f3-4169e1807e5b,BA,Central,f,0,,0,2025-12-19 20:37:22.576461+00,
ecd8bbeb-f116-4997-b092-1be055275053,BA,Chorrochó,f,0,,0,2025-12-19 20:37:22.576461+00,
304dc41a-0fb6-4714-b4e6-de6a0134ecc6,BA,Cícero Dantas,f,0,,0,2025-12-19 20:37:22.576461+00,
1512e4fa-2ded-4b20-94c2-0a8716cf5baf,BA,Cipó,f,0,,0,2025-12-19 20:37:22.576461+00,
29be71d8-33d2-4d2d-9570-8d87ce39a701,BA,Coaraci,f,0,,0,2025-12-19 20:37:22.576461+00,
67795837-0213-4724-8b25-a8d2b23fc101,BA,Cocos,f,0,,0,2025-12-19 20:37:22.576461+00,
70ecfde4-f6c0-41b1-ab83-aa38acf7bfb5,BA,Conceição da Feira,f,0,,0,2025-12-19 20:37:22.576461+00,
91f17c39-1747-4f7f-ad98-c69aa7586784,BA,Conceição do Almeida,f,0,,0,2025-12-19 20:37:22.576461+00,
2f79e93c-99fb-4be3-a998-c0209f770b72,BA,Conceição do Coité,f,0,,0,2025-12-19 20:37:22.576461+00,
2ec1261e-4d45-4600-9cdf-5f7007b17f1e,BA,Conceição do Jacuípe,f,0,,0,2025-12-19 20:37:22.576461+00,
a98addfd-e814-4c4a-9e85-6cb9c0594e9a,BA,Conde,f,0,,0,2025-12-19 20:37:22.576461+00,
6476a54f-8d3e-44bf-9901-4ffb68dcef68,BA,Condeúba,f,0,,0,2025-12-19 20:37:22.576461+00,
e01f0514-c8da-448d-b43d-0b9243aa2e3f,BA,Contendas do Sincorá,f,0,,0,2025-12-19 20:37:22.576461+00,
dbf63efd-d2c8-498a-b8fc-065587c16262,BA,Coração de Maria,f,0,,0,2025-12-19 20:37:22.576461+00,
150d7704-a07a-4078-80bd-a9c7be69c4bd,BA,Cordeiros,f,0,,0,2025-12-19 20:37:22.576461+00,
ff776809-0837-46e0-9421-3e8cae9bfedb,BA,Coribe,f,0,,0,2025-12-19 20:37:22.576461+00,
a155a44c-e93b-4e79-91fb-4e66a163484b,BA,Coronel João Sá,f,0,,0,2025-12-19 20:37:22.576461+00,
0e79c278-a70a-4967-940d-4c22f62b7b93,BA,Correntina,f,0,,0,2025-12-19 20:37:22.576461+00,
2665c62a-b83d-4f04-a5f6-dcec38a4fec2,BA,Cotegipe,f,0,,0,2025-12-19 20:37:22.576461+00,
01fdc162-324a-4cd2-bdc8-74859a36beb0,BA,Cravolândia,f,0,,0,2025-12-19 20:37:22.576461+00,
e1039e48-0bd1-4bec-87ac-32bff3377916,BA,Crisópolis,f,0,,0,2025-12-19 20:37:22.576461+00,
d596b652-3cdb-425c-b849-69690e71bfb8,BA,Cristópolis,f,0,,0,2025-12-19 20:37:22.576461+00,
ce0bfab0-1f45-49a7-90fe-7730edf980bd,BA,Cruz das Almas,f,0,,0,2025-12-19 20:37:22.576461+00,
806e2bd1-4941-43ae-9f01-b7b8d201161b,BA,Curaçá,f,0,,0,2025-12-19 20:37:22.576461+00,
b2e3406a-460a-4054-8a51-ba28caf83760,BA,Dário Meira,f,0,,0,2025-12-19 20:37:22.576461+00,
7a8d91b3-543f-42fb-94d3-64580dcfedfd,BA,Dias d'Ávila,f,0,,0,2025-12-19 20:37:22.576461+00,
c7309257-c21a-4dd1-be24-09192feb17d5,BA,Dom Basílio,f,0,,0,2025-12-19 20:37:22.576461+00,
1df421b1-7771-41d1-9375-b8166a9c243f,BA,Dom Macedo Costa,f,0,,0,2025-12-19 20:37:22.576461+00,
66b4b5c0-a47a-468d-8fbc-15643e9eb9e8,BA,Elísio Medrado,f,0,,0,2025-12-19 20:37:22.576461+00,
e6ebdd61-2742-41c7-9d9a-7f1e91b41c66,BA,Encruzilhada,f,0,,0,2025-12-19 20:37:22.576461+00,
956c3038-8752-434f-a6c2-f4a46ec266ba,BA,Entre Rios,f,0,,0,2025-12-19 20:37:22.576461+00,
576a5b69-1809-4ad6-91f8-d9272d65ea62,BA,Érico Cardoso,f,0,,0,2025-12-19 20:37:22.576461+00,
f2386a9b-f190-4bf6-a730-8cd0491f3367,BA,Esplanada,f,0,,0,2025-12-19 20:37:22.576461+00,
3529619f-9b4d-4063-a931-14ee2eaa7806,BA,Euclides da Cunha,f,0,,0,2025-12-19 20:37:22.576461+00,
f6de483c-5131-4ffa-91d6-7b46980028fe,BA,Eunápolis,f,0,,0,2025-12-19 20:37:22.576461+00,
9d10535d-cdd5-4c7e-816e-dd4844a4b39f,BA,Fátima,f,0,,0,2025-12-19 20:37:22.576461+00,
7503d1c2-5e4f-4713-a93e-4349eb6610b1,BA,Feira da Mata,f,0,,0,2025-12-19 20:37:22.576461+00,
d9d88c53-b33e-4907-ac05-333074d106f9,BA,Feira de Santana,f,0,,0,2025-12-19 20:37:22.576461+00,
bc5d76b9-2029-4681-8db0-665606abebab,BA,Filadélfia,f,0,,0,2025-12-19 20:37:22.576461+00,
31289d54-99ba-4c0f-aa50-511638820602,BA,Firmino Alves,f,0,,0,2025-12-19 20:37:22.576461+00,
6b6c0c9d-396b-4917-934e-80667237cb38,BA,Floresta Azul,f,0,,0,2025-12-19 20:37:22.576461+00,
5c1f3403-8581-465e-92b1-dbed50d210f8,BA,Formosa do Rio Preto,f,0,,0,2025-12-19 20:37:22.576461+00,
c4d4ef7f-8dd3-4346-bb31-4f7fd02bfe0c,BA,Gandu,f,0,,0,2025-12-19 20:37:22.576461+00,
982967b2-3dd8-4dcb-9ad0-494bba32cdef,BA,Gavião,f,0,,0,2025-12-19 20:37:22.576461+00,
e54feebb-70a0-45d5-b243-dc6a868cc514,BA,Gentio do Ouro,f,0,,0,2025-12-19 20:37:22.576461+00,
b370c2be-0074-4ca6-8dc2-0cbde7b3cde0,BA,Glória,f,0,,0,2025-12-19 20:37:22.576461+00,
15fe8d16-a1b0-4d38-b520-f186bd40e6ff,BA,Gongogi,f,0,,0,2025-12-19 20:37:22.576461+00,
ad407f26-3f34-4f54-a108-414acb5a68d3,BA,Governador Mangabeira,f,0,,0,2025-12-19 20:37:22.576461+00,
7569a0d8-ee57-49ce-a6d1-c4b0c6c08d67,BA,Guajeru,f,0,,0,2025-12-19 20:37:22.576461+00,
41ac56c6-774a-48fe-bbbd-bcf063f75675,BA,Guanambi,f,0,,0,2025-12-19 20:37:22.576461+00,
c6bf3784-ec32-456e-b00a-3335ffb41fff,BA,Guaratinga,f,0,,0,2025-12-19 20:37:22.576461+00,
f6f51e2e-ebbf-431c-a9be-fae68d8f0dbc,BA,Heliópolis,f,0,,0,2025-12-19 20:37:22.576461+00,
df7cb8b1-98f7-4e09-bf6b-b9a406e83353,BA,Iaçu,f,0,,0,2025-12-19 20:37:22.576461+00,
0bbeb79a-6f4c-45d8-b75a-ec6beaddc68c,BA,Ibiassucê,f,0,,0,2025-12-19 20:37:22.576461+00,
b98ffd93-5b05-484b-b0d7-358fc0b444b4,BA,Ibicaraí,f,0,,0,2025-12-19 20:37:22.576461+00,
75b59dde-1db4-45fc-b352-08aa166d0cd3,BA,Ibicoara,f,0,,0,2025-12-19 20:37:22.576461+00,
828c470c-9479-47b2-b1f1-05fa1545e7e7,BA,Ibicuí,f,0,,0,2025-12-19 20:37:22.576461+00,
0f951c9d-30c7-4415-ba38-ca5aea28113c,BA,Ibipeba,f,0,,0,2025-12-19 20:37:22.576461+00,
98ab01fd-2f7e-4747-b62e-b62b26e5bbde,BA,Ibipitanga,f,0,,0,2025-12-19 20:37:22.576461+00,
2af59bbc-6b2a-4341-9372-6790e5e8ec66,BA,Ibiquera,f,0,,0,2025-12-19 20:37:22.576461+00,
9a3f6442-1b74-4fcc-baa2-ea47b9ade05e,BA,Ibirapitanga,f,0,,0,2025-12-19 20:37:22.576461+00,
1c7fd78b-9538-4041-8c0a-dc46518ac43c,BA,Ibirapuã,f,0,,0,2025-12-19 20:37:22.576461+00,
49563efa-b7f3-4efa-81d1-12441d316e18,BA,Ibirataia,f,0,,0,2025-12-19 20:37:22.576461+00,
b588a04e-06d4-4dbc-9495-236895c5db7b,BA,Ibitiara,f,0,,0,2025-12-19 20:37:22.576461+00,
c94fa7db-0a12-49b7-9a60-c4888480e766,BA,Ibititá,f,0,,0,2025-12-19 20:37:22.576461+00,
b7c76319-33df-431b-941d-81f210d2a227,BA,Ibotirama,f,0,,0,2025-12-19 20:37:22.576461+00,
6aafdb01-fdb2-4539-a106-439f2a00a57b,BA,Ichu,f,0,,0,2025-12-19 20:37:22.576461+00,
0c1de629-7d20-4e1e-8d57-b2276ae4ceab,BA,Igaporã,f,0,,0,2025-12-19 20:37:22.576461+00,
999aeadf-ce3b-46a4-a8d1-beb1fa3f2559,BA,Igrapiúna,f,0,,0,2025-12-19 20:37:22.576461+00,
3ed365f0-729a-4974-98ab-92c0aab5c5c5,BA,Iguaí,f,0,,0,2025-12-19 20:37:22.576461+00,
432d0ff2-9849-498a-8b21-c68e7dbf0ef3,BA,Ilhéus,f,0,,0,2025-12-19 20:37:22.576461+00,
461bf644-3238-481c-84e5-7d66c88e63f3,BA,Inhambupe,f,0,,0,2025-12-19 20:37:22.576461+00,
9e28ab0b-eae3-4b0e-9313-72ac93447cd4,BA,Ipecaetá,f,0,,0,2025-12-19 20:37:22.576461+00,
6529616b-bd2a-47c4-ba77-abc1ff4bee37,BA,Ipiaú,f,0,,0,2025-12-19 20:37:22.576461+00,
c638c632-21f0-4974-9f3a-757418a23360,BA,Ipirá,f,0,,0,2025-12-19 20:37:22.576461+00,
87598d8b-bf46-452e-a135-70f52c467ba2,BA,Ipupiara,f,0,,0,2025-12-19 20:37:22.576461+00,
9ed1cc12-95f2-461d-94ec-1823b2dfe023,BA,Irajuba,f,0,,0,2025-12-19 20:37:22.576461+00,
85231b90-cf6a-4636-8877-4a3ec9de52fa,BA,Iramaia,f,0,,0,2025-12-19 20:37:22.576461+00,
e8085444-45da-4a3c-92b0-c65725c901ba,BA,Iraquara,f,0,,0,2025-12-19 20:37:22.576461+00,
8fe42064-ad88-4f68-926c-6027cb6e5364,BA,Irará,f,0,,0,2025-12-19 20:37:22.576461+00,
b923cd42-4b8c-4b88-95b8-a948fca92eec,BA,Irecê,f,0,,0,2025-12-19 20:37:22.576461+00,
4d2e36b0-03a0-4910-89c3-6699412efc99,BA,Itabela,f,0,,0,2025-12-19 20:37:22.576461+00,
9c095c70-0c54-42f7-9d9e-1cfb6c121e34,BA,Itaberaba,f,0,,0,2025-12-19 20:37:22.576461+00,
c9c80433-f7a6-4ca5-9f66-30d86cfa7c01,BA,Itabuna,f,0,,0,2025-12-19 20:37:22.576461+00,
89a04840-effa-4d78-bbb3-d1f7040eea80,BA,Itacaré,f,0,,0,2025-12-19 20:37:22.576461+00,
f4415127-d147-4607-8aab-699b0f41577c,BA,Itaeté,f,0,,0,2025-12-19 20:37:22.576461+00,
3f26f99c-b19d-4531-94a5-dd8aa5ec7c08,BA,Itagi,f,0,,0,2025-12-19 20:37:22.576461+00,
e36befce-1bf2-44bf-9c4b-a9fe67ed0b1c,BA,Itagibá,f,0,,0,2025-12-19 20:37:22.576461+00,
bc0557ef-c312-44d9-824f-dc206de68a89,BA,Itagimirim,f,0,,0,2025-12-19 20:37:22.576461+00,
af552042-257c-4ed1-b3fc-c81b4da3448b,BA,Itaguaçu da Bahia,f,0,,0,2025-12-19 20:37:22.576461+00,
f514f013-bc18-4413-b83c-71b49e8cbd04,BA,Itaju do Colônia,f,0,,0,2025-12-19 20:37:22.576461+00,
91c558db-d6c7-4ae9-ba2d-957fe052d947,BA,Itajuípe,f,0,,0,2025-12-19 20:37:22.576461+00,
c2b1c659-8233-43c7-9962-4727fa70c20c,BA,Itamaraju,f,0,,0,2025-12-19 20:37:22.576461+00,
286890b3-e3ac-4adb-9e05-bb01951c72e2,BA,Itamari,f,0,,0,2025-12-19 20:37:22.576461+00,
cb5462ee-2703-4b0b-a345-3ccfe86ee16e,BA,Itambé,f,0,,0,2025-12-19 20:37:22.576461+00,
4b972345-9b6d-4380-bb08-96d8a19697cd,BA,Itanagra,f,0,,0,2025-12-19 20:37:22.576461+00,
c60d3b61-8623-433a-ae60-d086d566c073,BA,Itanhém,f,0,,0,2025-12-19 20:37:22.576461+00,
702bfd3c-2da0-43f4-be40-67826966b65b,BA,Itaparica,f,0,,0,2025-12-19 20:37:22.576461+00,
0f0b413c-7d79-44db-bc51-49cb90a831e2,BA,Itapé,f,0,,0,2025-12-19 20:37:22.576461+00,
948e18ca-fef2-4dd5-b422-522853e9722b,BA,Itapebi,f,0,,0,2025-12-19 20:37:22.576461+00,
5f0223a4-8592-4664-a8b0-1dcd31f34e0c,BA,Itapetinga,f,0,,0,2025-12-19 20:37:22.576461+00,
de8eeb53-99a9-4fab-a720-0ad1c8917eab,BA,Itapicuru,f,0,,0,2025-12-19 20:37:22.576461+00,
61d9eeab-3eff-4e34-ac30-5a7eba3e4ae4,BA,Itapitanga,f,0,,0,2025-12-19 20:37:22.576461+00,
5f96fe1f-a63a-47bf-84c8-df42b5583172,BA,Itaquara,f,0,,0,2025-12-19 20:37:22.576461+00,
f54aa0e0-cb66-47e1-9fd5-0db75a8f8aa4,BA,Itarantim,f,0,,0,2025-12-19 20:37:22.576461+00,
ef0d7dee-4db3-4406-addd-8ddfd23e2c70,BA,Itatim,f,0,,0,2025-12-19 20:37:22.576461+00,
80fc63ca-189b-48b9-8f7f-5305e3a22f12,BA,Itiruçu,f,0,,0,2025-12-19 20:37:22.576461+00,
ff3d29e3-67d1-48a6-8d1e-3ce91f42ff7b,BA,Itiúba,f,0,,0,2025-12-19 20:37:22.576461+00,
9e2f3131-c51a-4063-9861-6c17522064a6,BA,Itororó,f,0,,0,2025-12-19 20:37:22.576461+00,
5b38bb0a-84c8-4d02-97e2-2db8e7d4d7af,BA,Ituaçu,f,0,,0,2025-12-19 20:37:22.576461+00,
0941a5e3-e34e-43d6-8d22-8926a9e7467c,BA,Ituberá,f,0,,0,2025-12-19 20:37:22.576461+00,
f503ae2a-23e3-4fad-b8d6-89c96e41d357,BA,Iuiú,f,0,,0,2025-12-19 20:37:22.576461+00,
9a315b66-d993-4cc7-ab81-5ba5ec04fc61,BA,Jaborandi,f,0,,0,2025-12-19 20:37:22.576461+00,
40c45aa8-bf64-4865-a956-aa7d422b0e9e,BA,Jacaraci,f,0,,0,2025-12-19 20:37:22.576461+00,
88d61105-6e0a-44f8-b441-0084626b2c99,BA,Jacobina,f,0,,0,2025-12-19 20:37:22.576461+00,
9b84a95d-7d4c-4a98-b83d-289420a22cdf,BA,Jaguaquara,f,0,,0,2025-12-19 20:37:22.576461+00,
46140b5a-c2be-4fb6-8690-b1a2338f1490,BA,Jaguarari,f,0,,0,2025-12-19 20:37:22.576461+00,
dee216df-8045-4e55-a8fd-e91970c1fbb5,BA,Jaguaripe,f,0,,0,2025-12-19 20:37:22.576461+00,
ca415c6c-4cb9-4ad3-bdc0-ec4b4682df0c,BA,Jandaíra,f,0,,0,2025-12-19 20:37:22.576461+00,
e3eaa68a-718b-4def-862b-5d78691dce23,BA,Jequié,f,0,,0,2025-12-19 20:37:22.576461+00,
b21ca8e9-a8e1-4ce2-88fc-65c62743f84e,BA,Jeremoabo,f,0,,0,2025-12-19 20:37:22.576461+00,
ef79a1ae-39f1-4627-b637-6b4f0b2ccb57,BA,Jiquiriçá,f,0,,0,2025-12-19 20:37:22.576461+00,
19384d7a-83f4-4a31-91e5-b569c34e90fa,BA,Jitaúna,f,0,,0,2025-12-19 20:37:22.576461+00,
ff4b061a-f3df-4338-a215-66ffecebee58,BA,João Dourado,f,0,,0,2025-12-19 20:37:22.576461+00,
9835cf08-ae28-4ac4-867e-43db605dc263,BA,Juazeiro,f,0,,0,2025-12-19 20:37:22.576461+00,
7fd07acb-528d-4784-a7a1-21c392dc2788,BA,Jucuruçu,f,0,,0,2025-12-19 20:37:22.576461+00,
bb1b432a-79e6-41a9-967b-466adb7aecbd,BA,Jussara,f,0,,0,2025-12-19 20:37:22.576461+00,
bae60251-03d8-45b1-bdb4-e792d55ca1f1,BA,Jussari,f,0,,0,2025-12-19 20:37:22.576461+00,
b299146d-b85b-4b87-b0d4-7cc64127d1eb,BA,Jussiape,f,0,,0,2025-12-19 20:37:22.576461+00,
d34428c3-938b-4c20-b41e-9d1d0991129b,BA,Lafaiete Coutinho,f,0,,0,2025-12-19 20:37:22.576461+00,
3b1bb320-5419-4af5-a23e-9423d8ae7c13,BA,Lagoa Real,f,0,,0,2025-12-19 20:37:22.576461+00,
5c4050d3-4927-4d23-9b31-4105f5ee4a95,BA,Laje,f,0,,0,2025-12-19 20:37:22.576461+00,
0fcb1944-99b8-48bd-b8bf-62c271e17616,BA,Lajedão,f,0,,0,2025-12-19 20:37:22.576461+00,
6cf71604-754c-4750-8c99-bfbeea8c4fea,BA,Lajedinho,f,0,,0,2025-12-19 20:37:22.576461+00,
ce264a45-ea80-46d4-b684-0e10c8de9925,BA,Lajedo do Tabocal,f,0,,0,2025-12-19 20:37:22.576461+00,
1af2dab7-d86c-487f-8507-3608de1f8482,BA,Lamarão,f,0,,0,2025-12-19 20:37:22.576461+00,
eedb7481-cbc0-4ba4-84a4-44970b40f18f,BA,Lapão,f,0,,0,2025-12-19 20:37:22.576461+00,
d9edf8d0-f502-4038-a1e8-24d3dc2be77c,BA,Lauro de Freitas,f,0,,0,2025-12-19 20:37:22.576461+00,
58b38df3-86b5-4964-9eb9-a96522674889,BA,Lençóis,f,0,,0,2025-12-19 20:37:22.576461+00,
1f279acc-0959-49c4-be8a-d94995396dd4,BA,Licínio de Almeida,f,0,,0,2025-12-19 20:37:22.576461+00,
774ea3cf-10c6-4ff7-a40a-0be26abae309,BA,Livramento de Nossa Senhora,f,0,,0,2025-12-19 20:37:22.576461+00,
52703969-945f-4277-85b7-fa08ed97df38,BA,Luís Eduardo Magalhães,f,0,,0,2025-12-19 20:37:22.576461+00,
b709e9a2-2a7c-49e2-8a4e-deee545ebddf,BA,Macajuba,f,0,,0,2025-12-19 20:37:22.576461+00,
089674ca-4315-485b-b952-8f118643e3e0,BA,Macarani,f,0,,0,2025-12-19 20:37:22.576461+00,
0129276c-f29f-4c95-ae98-6c9655025418,BA,Macaúbas,f,0,,0,2025-12-19 20:37:22.576461+00,
d5333a18-7334-4afe-9e7c-3227638c4911,BA,Macururé,f,0,,0,2025-12-19 20:37:22.576461+00,
adfb33d7-db6d-4367-aecb-4ff3154e63b5,BA,Madre de Deus,f,0,,0,2025-12-19 20:37:22.576461+00,
318ec607-1195-498a-b23b-3e6f878318db,BA,Maetinga,f,0,,0,2025-12-19 20:37:22.576461+00,
0ff74ae5-1093-4144-990c-76a7a79678f0,BA,Maiquinique,f,0,,0,2025-12-19 20:37:22.576461+00,
ac0a3b86-929d-4e6b-980f-95fe1170093c,BA,Mairi,f,0,,0,2025-12-19 20:37:22.576461+00,
a779099d-a8cd-43b2-b523-f7d1c5375950,BA,Malhada,f,0,,0,2025-12-19 20:37:22.576461+00,
eff3d69c-efd4-4650-9d8b-b3b034cb5528,BA,Malhada de Pedras,f,0,,0,2025-12-19 20:37:22.576461+00,
16902626-7410-493c-8edc-0e74c05e9133,BA,Manoel Vitorino,f,0,,0,2025-12-19 20:37:22.576461+00,
4a2e2241-47e3-4dec-b846-0c24423c4784,BA,Mansidão,f,0,,0,2025-12-19 20:37:22.576461+00,
628fcb3b-a345-4b12-b13e-9b2128672366,BA,Maracás,f,0,,0,2025-12-19 20:37:22.576461+00,
a179ef34-c1a1-4d28-b0c4-3d0c46656d4d,BA,Maragogipe,f,0,,0,2025-12-19 20:37:22.576461+00,
0d678309-a4d9-4325-abaf-c15cc5defbe6,BA,Maraú,f,0,,0,2025-12-19 20:37:22.576461+00,
2e51a75f-5847-408e-8c53-6b1117072147,BA,Marcionílio Souza,f,0,,0,2025-12-19 20:37:22.576461+00,
8d7dba0e-aaf8-489d-8d67-2be1e2757723,BA,Mascote,f,0,,0,2025-12-19 20:37:22.576461+00,
9038f5fc-9228-4e58-b591-579428d63375,BA,Mata de São João,f,0,,0,2025-12-19 20:37:22.576461+00,
796e0ff7-7a44-43d0-b1a3-a9540189f53c,BA,Matina,f,0,,0,2025-12-19 20:37:22.576461+00,
3b5c6dfc-5121-4c79-948f-a17f73ee6b6c,BA,Medeiros Neto,f,0,,0,2025-12-19 20:37:22.576461+00,
9c396acc-8bb2-4771-aee9-7bffa7ca2ad1,BA,Miguel Calmon,f,0,,0,2025-12-19 20:37:22.576461+00,
958891ea-39db-451c-8f09-f5613051c2d7,BA,Milagres,f,0,,0,2025-12-19 20:37:22.576461+00,
652b1e45-5d7a-4a19-8186-1879f31665f4,BA,Mirangaba,f,0,,0,2025-12-19 20:37:22.576461+00,
65c3282f-1d28-4fb5-a81d-0adcfaf14294,BA,Mirante,f,0,,0,2025-12-19 20:37:22.576461+00,
224416a9-c9c2-4c11-8756-953f3b4bab86,BA,Monte Santo,f,0,,0,2025-12-19 20:37:22.576461+00,
999facc6-781b-4ef3-85a5-00ac0ee660f2,BA,Morpará,f,0,,0,2025-12-19 20:37:22.576461+00,
fc2b8a80-0b0e-4528-9918-db0bccb19739,BA,Morro do Chapéu,f,0,,0,2025-12-19 20:37:22.576461+00,
b28a7b7b-0499-410a-bf70-ae95e1353749,BA,Mortugaba,f,0,,0,2025-12-19 20:37:22.576461+00,
aa8472b8-8b4b-4b2a-a4f5-bfece036e15e,BA,Mucugê,f,0,,0,2025-12-19 20:37:22.576461+00,
f2e86ba2-3a08-4d87-b3c9-bfc3135604ef,BA,Mucuri,f,0,,0,2025-12-19 20:37:22.576461+00,
19ce2926-e51e-4c67-9583-9cb45d236253,BA,Mulungu do Morro,f,0,,0,2025-12-19 20:37:22.576461+00,
36aa3367-6a84-4682-98cb-5bd5a7198a13,BA,Mundo Novo,f,0,,0,2025-12-19 20:37:22.576461+00,
b7def003-eda2-45ca-983e-1effd48e025e,BA,Muniz Ferreira,f,0,,0,2025-12-19 20:37:22.576461+00,
acc27cb1-21d0-49d5-bade-ed24b0cc05bf,BA,Muquém do São Francisco,f,0,,0,2025-12-19 20:37:22.576461+00,
52461e85-c189-4d8c-a49f-3b8fd384ddc7,BA,Muritiba,f,0,,0,2025-12-19 20:37:22.576461+00,
99fab5d5-c060-457b-a0ba-987c0c6a374e,BA,Mutuípe,f,0,,0,2025-12-19 20:37:22.576461+00,
ba2d63f2-0647-418a-9cd7-dfbc001a5c39,BA,Nazaré,f,0,,0,2025-12-19 20:37:22.576461+00,
609012a8-3479-4003-aafb-558be60e2aaa,BA,Nilo Peçanha,f,0,,0,2025-12-19 20:37:22.576461+00,
37362b5b-eba5-4e16-a32d-01e00eae2347,BA,Nordestina,f,0,,0,2025-12-19 20:37:22.576461+00,
13950558-59cf-4bf8-b059-4487cc5177d0,BA,Nova Canaã,f,0,,0,2025-12-19 20:37:22.576461+00,
79ae6899-7251-4238-9995-0e1c15170644,BA,Nova Fátima,f,0,,0,2025-12-19 20:37:22.576461+00,
f3c5d975-9d57-49c6-b713-9b5fd7c1126c,BA,Nova Ibiá,f,0,,0,2025-12-19 20:37:22.576461+00,
fb74fe1f-bd2c-4395-b742-b56ca5146019,BA,Nova Itarana,f,0,,0,2025-12-19 20:37:22.576461+00,
0d89e915-9a23-450d-8f4c-5a85f343b7b8,BA,Nova Redenção,f,0,,0,2025-12-19 20:37:22.576461+00,
9e210d79-a07c-4bbc-8521-11bb475c3b25,BA,Nova Soure,f,0,,0,2025-12-19 20:37:22.576461+00,
2bf4ff14-e789-48ca-9f77-a810cc0b5119,BA,Nova Viçosa,f,0,,0,2025-12-19 20:37:22.576461+00,
8d5c4943-c3d4-4b31-9c0a-d407d38bcc45,BA,Novo Horizonte,f,0,,0,2025-12-19 20:37:22.576461+00,
52cd99f1-5daa-45ed-9d53-ddd91e9ce026,BA,Novo Triunfo,f,0,,0,2025-12-19 20:37:22.576461+00,
c93e6cfd-27fa-4fd1-be5b-20f6edf97925,BA,Olindina,f,0,,0,2025-12-19 20:37:22.576461+00,
2273ba35-28e5-40c5-87a2-5e45af041e4e,BA,Oliveira dos Brejinhos,f,0,,0,2025-12-19 20:37:22.576461+00,
cbb5422d-0e7b-428d-901b-aa2476781ede,BA,Ouriçangas,f,0,,0,2025-12-19 20:37:22.576461+00,
58dde544-7fdc-49da-a01f-9d6d8a47c472,BA,Ourolândia,f,0,,0,2025-12-19 20:37:22.576461+00,
4bc130f7-c3f7-425d-a1f9-b612c0d0a2aa,BA,Palmas de Monte Alto,f,0,,0,2025-12-19 20:37:22.576461+00,
44c09ea1-edc4-4b75-963c-7a4f57f2b8b9,BA,Palmeiras,f,0,,0,2025-12-19 20:37:22.576461+00,
65abfe4f-ce6a-423d-9ec2-03be19e770b7,BA,Paramirim,f,0,,0,2025-12-19 20:37:22.576461+00,
a0c0136f-3bae-421e-ad4f-cce486eb69a2,BA,Paratinga,f,0,,0,2025-12-19 20:37:22.576461+00,
a4b315b4-ca41-4ae9-b4b1-2469a55c1ea6,BA,Paripiranga,f,0,,0,2025-12-19 20:37:22.576461+00,
71d7a2e6-0037-4b04-a87c-9ab1fb3b010b,BA,Pau Brasil,f,0,,0,2025-12-19 20:37:22.576461+00,
5fec5af5-4e3e-4f81-9e2e-62c82d20b3dc,BA,Paulo Afonso,f,0,,0,2025-12-19 20:37:22.576461+00,
299f76fd-7565-4521-a85f-a354278d1d15,BA,Pé de Serra,f,0,,0,2025-12-19 20:37:22.576461+00,
e4073e01-069c-442d-93f0-e7faf536fa7a,BA,Pedrão,f,0,,0,2025-12-19 20:37:22.576461+00,
a1897c3d-f9a5-4646-96c4-72cec52d6bc5,BA,Pedro Alexandre,f,0,,0,2025-12-19 20:37:22.576461+00,
887163f7-871a-499d-82c8-654e528923d5,BA,Piatã,f,0,,0,2025-12-19 20:37:22.576461+00,
6849d46f-ca24-41a0-b902-7af631d64a25,BA,Pilão Arcado,f,0,,0,2025-12-19 20:37:22.923403+00,
83dcf5df-6f88-48ba-ae6d-d6408fd350b2,BA,Pindaí,f,0,,0,2025-12-19 20:37:22.923403+00,
b1865cd5-f78a-4509-afcc-a67e1f63bef9,BA,Pindobaçu,f,0,,0,2025-12-19 20:37:22.923403+00,
59a3959b-49fc-46e5-9bfe-f7bd6f9a7ec1,BA,Pintadas,f,0,,0,2025-12-19 20:37:22.923403+00,
14a5f29d-5958-467b-bba6-6e713e4bd112,BA,Piraí do Norte,f,0,,0,2025-12-19 20:37:22.923403+00,
6f9d5fbc-ed3b-4749-abd3-5abfe9d428c7,BA,Piripá,f,0,,0,2025-12-19 20:37:22.923403+00,
897b5882-d031-4ed5-aa28-2cf5d509a9c1,BA,Piritiba,f,0,,0,2025-12-19 20:37:22.923403+00,
fc5b3d16-a6ad-41e2-9cd7-9c5eec293543,BA,Planaltino,f,0,,0,2025-12-19 20:37:22.923403+00,
9c74b1dc-10fa-43ec-803b-f2efb6c77585,BA,Planalto,f,0,,0,2025-12-19 20:37:22.923403+00,
ca8fa7c2-a8ce-46ab-815d-d9f018692442,BA,Poções,f,0,,0,2025-12-19 20:37:22.923403+00,
7910630a-8783-427d-9adc-5aeb88177052,BA,Pojuca,f,0,,0,2025-12-19 20:37:22.923403+00,
79e658b8-b62e-4fbe-9124-c8f097f316a8,BA,Ponto Novo,f,0,,0,2025-12-19 20:37:22.923403+00,
847de244-6f52-40f1-bda9-c70e4bcf447c,BA,Porto Seguro,f,0,,0,2025-12-19 20:37:22.923403+00,
feefdfee-059c-44b4-ae08-abedde2e1291,BA,Potiraguá,f,0,,0,2025-12-19 20:37:22.923403+00,
5f643f92-b442-4d3f-828e-a879b6d30845,BA,Prado,f,0,,0,2025-12-19 20:37:22.923403+00,
8e9e0acd-7eb3-43be-9efc-e4ddf2c05e82,BA,Presidente Dutra,f,0,,0,2025-12-19 20:37:22.923403+00,
6f4c7c04-c5ff-42f9-8f23-73400a0b1d4d,BA,Presidente Jânio Quadros,f,0,,0,2025-12-19 20:37:22.923403+00,
989b1c27-0c6f-4ef0-a66e-da17bef7021b,BA,Presidente Tancredo Neves,f,0,,0,2025-12-19 20:37:22.923403+00,
75d3ac87-da04-4c9f-809c-8a4301070f4d,BA,Queimadas,f,0,,0,2025-12-19 20:37:22.923403+00,
d59f69df-78b0-4f1b-8de3-284e31ba06a6,BA,Quijingue,f,0,,0,2025-12-19 20:37:22.923403+00,
af0689ce-1de5-44ea-b599-d70409a3c19c,BA,Quixabeira,f,0,,0,2025-12-19 20:37:22.923403+00,
59aebac3-ebc2-4c72-b17d-0f2ed0b4c933,BA,Rafael Jambeiro,f,0,,0,2025-12-19 20:37:22.923403+00,
67eb0437-cfca-4d62-9c0c-b5429870a675,BA,Remanso,f,0,,0,2025-12-19 20:37:22.923403+00,
8e2299fd-1b15-4247-a07e-7a45d0844b28,BA,Retirolândia,f,0,,0,2025-12-19 20:37:22.923403+00,
dbc17ed1-d4bb-4d02-b942-006d4afba931,BA,Riachão das Neves,f,0,,0,2025-12-19 20:37:22.923403+00,
27293fef-0763-4008-a2e1-eba4210fd3f6,BA,Riachão do Jacuípe,f,0,,0,2025-12-19 20:37:22.923403+00,
c1d99bdd-1d0d-4dc5-b2a6-275c6711a2b2,BA,Riacho de Santana,f,0,,0,2025-12-19 20:37:22.923403+00,
245c2235-6f40-4572-aa6e-daae9427b569,BA,Ribeira do Amparo,f,0,,0,2025-12-19 20:37:22.923403+00,
33da2f40-49b4-4a06-aaa3-6b0339fb8cc9,BA,Ribeira do Pombal,f,0,,0,2025-12-19 20:37:22.923403+00,
48ccb400-8115-44b2-a8fd-44550dca5b47,BA,Ribeirão do Largo,f,0,,0,2025-12-19 20:37:22.923403+00,
77b4a259-dad7-4b82-875e-2594d7d16d57,BA,Rio de Contas,f,0,,0,2025-12-19 20:37:22.923403+00,
f20b4e5a-9000-438b-ae9f-866dcc904e98,BA,Rio do Antônio,f,0,,0,2025-12-19 20:37:22.923403+00,
144f6804-d385-46c2-bdec-ff4790804207,BA,Rio do Pires,f,0,,0,2025-12-19 20:37:22.923403+00,
b8891c65-52b7-4aba-a8bf-4612d1bb66de,BA,Rio Real,f,0,,0,2025-12-19 20:37:22.923403+00,
89c36e3a-0542-4527-ab0e-0aa239a3f55d,BA,Rodelas,f,0,,0,2025-12-19 20:37:22.923403+00,
6dc87be7-8c39-4241-9c19-756dc99f8b5e,BA,Ruy Barbosa,f,0,,0,2025-12-19 20:37:22.923403+00,
6b2da4c0-6dff-457d-abf3-41d92bc85b60,BA,Salinas da Margarida,f,0,,0,2025-12-19 20:37:22.923403+00,
885b894a-84f2-43f4-8852-10c0f4b6aa6c,BA,Salvador,f,0,,0,2025-12-19 20:37:22.923403+00,
57484de5-d192-4498-afde-ded4a44c6c6c,BA,Santa Bárbara,f,0,,0,2025-12-19 20:37:22.923403+00,
74b47056-5c98-45da-902d-c1061bb11ca3,BA,Santa Brígida,f,0,,0,2025-12-19 20:37:22.923403+00,
055013ba-51b3-4782-a5d0-5b45fad886b3,BA,Santa Cruz Cabrália,f,0,,0,2025-12-19 20:37:22.923403+00,
d3d61a7c-e182-4326-be05-772056d9e415,BA,Santa Cruz da Vitória,f,0,,0,2025-12-19 20:37:22.923403+00,
23ef775e-84b4-49b2-b226-b5547d7fa208,BA,Santa Inês,f,0,,0,2025-12-19 20:37:22.923403+00,
19806791-b7cf-43cb-a02f-ffddfbbe97d4,BA,Santa Luzia,f,0,,0,2025-12-19 20:37:22.923403+00,
8ae61e99-25ab-4de5-aa64-820f33f12867,BA,Santa Maria da Vitória,f,0,,0,2025-12-19 20:37:22.923403+00,
25b3fc4a-fc0b-4631-9d0f-a23f6a4824b3,BA,Santa Rita de Cássia,f,0,,0,2025-12-19 20:37:22.923403+00,
bcc7f141-c166-4299-8e71-39410ad1a70c,BA,Santa Terezinha,f,0,,0,2025-12-19 20:37:22.923403+00,
922ae539-d67c-4e29-b2c2-cbebfa2cb687,BA,Santaluz,f,0,,0,2025-12-19 20:37:22.923403+00,
cbe16137-ad1d-41db-8587-287fb5559e3b,BA,Santana,f,0,,0,2025-12-19 20:37:22.923403+00,
25bda7fe-8907-4a83-8d89-735716e8fe4b,BA,Santanópolis,f,0,,0,2025-12-19 20:37:22.923403+00,
fff1ccb0-4c20-4e0a-8ef5-997c53f8c2a5,BA,Santo Amaro,f,0,,0,2025-12-19 20:37:22.923403+00,
94ad3ad9-8fd7-4346-920a-e7544b8f4b01,BA,Santo Antônio de Jesus,f,0,,0,2025-12-19 20:37:22.923403+00,
fae9cf56-d3b0-45fd-b03f-fe9d0f7e32c6,BA,Santo Estêvão,f,0,,0,2025-12-19 20:37:22.923403+00,
001c8c57-f410-452b-8772-7a0e7b480b24,BA,São Desidério,f,0,,0,2025-12-19 20:37:22.923403+00,
c2546b9a-696c-4b62-93b3-b03f71783dfb,BA,São Domingos,f,0,,0,2025-12-19 20:37:22.923403+00,
000ed1df-5f59-4da9-9cba-9cc7c0d1b5c5,BA,São Felipe,f,0,,0,2025-12-19 20:37:22.923403+00,
fbc802c9-d1e2-45eb-bad3-eb5fa86c640c,BA,São Félix,f,0,,0,2025-12-19 20:37:22.923403+00,
e2076a4c-cd1c-4fa5-bb7b-21699bd97cf6,BA,São Félix do Coribe,f,0,,0,2025-12-19 20:37:22.923403+00,
d17fb469-576d-4675-93ed-fea07f0627ff,BA,São Francisco do Conde,f,0,,0,2025-12-19 20:37:22.923403+00,
248365e4-eaea-4054-abd8-a6cc874f5f31,BA,São Gabriel,f,0,,0,2025-12-19 20:37:22.923403+00,
27e716e0-571f-475e-a408-0319e5d93159,BA,São Gonçalo dos Campos,f,0,,0,2025-12-19 20:37:22.923403+00,
2a05e283-15a9-44cd-b6ab-a7306b2011b9,BA,São José da Vitória,f,0,,0,2025-12-19 20:37:22.923403+00,
394f2840-4012-41b2-9089-637d410e0bfd,BA,São José do Jacuípe,f,0,,0,2025-12-19 20:37:22.923403+00,
b16e8d14-c99d-4c0e-8513-ec67c799ac60,BA,São Miguel das Matas,f,0,,0,2025-12-19 20:37:22.923403+00,
5e87a5fd-2465-494c-abbd-5cef39108df2,BA,São Sebastião do Passé,f,0,,0,2025-12-19 20:37:22.923403+00,
6ade09f6-0b6a-4391-9a7f-a7123407838f,BA,Sapeaçu,f,0,,0,2025-12-19 20:37:22.923403+00,
a3e3969f-ae81-4d97-97f7-4a7a51660d01,BA,Sátiro Dias,f,0,,0,2025-12-19 20:37:22.923403+00,
4f1956b2-657b-421b-aa66-5b6dea70e8b6,BA,Saubara,f,0,,0,2025-12-19 20:37:22.923403+00,
4c712716-c1a2-41b9-b46d-da05408ba6a5,BA,Saúde,f,0,,0,2025-12-19 20:37:22.923403+00,
313fa2e2-2ac3-4124-9e65-1208d750a798,BA,Seabra,f,0,,0,2025-12-19 20:37:22.923403+00,
832ce692-cfed-41b5-8517-19017a4eeb41,BA,Sebastião Laranjeiras,f,0,,0,2025-12-19 20:37:22.923403+00,
7af93bc6-48f2-44d4-90b1-5aadce46e2d7,BA,Senhor do Bonfim,f,0,,0,2025-12-19 20:37:22.923403+00,
2543f06e-f6ea-448c-bc7b-c9b691961502,BA,Sento Sé,f,0,,0,2025-12-19 20:37:22.923403+00,
b434170c-eebc-4ea4-835f-9db411261545,BA,Serra do Ramalho,f,0,,0,2025-12-19 20:37:22.923403+00,
6f250951-55a6-4e89-8948-75e4d5bde002,BA,Serra Dourada,f,0,,0,2025-12-19 20:37:22.923403+00,
9ff728e8-c771-4108-9e3d-8f1ca7a09696,BA,Serra Preta,f,0,,0,2025-12-19 20:37:22.923403+00,
bc5d7ec9-74ee-4b64-93f3-64ad252513e9,BA,Serrinha,f,0,,0,2025-12-19 20:37:22.923403+00,
74bc5524-39dd-42b2-8adf-01f3a8056ab8,BA,Serrolândia,f,0,,0,2025-12-19 20:37:22.923403+00,
dd855f98-f2a6-4ec8-95e3-0a3e8ab42e17,BA,Simões Filho,f,0,,0,2025-12-19 20:37:22.923403+00,
33374b75-f02a-430a-86d3-c514921022be,BA,Sítio do Mato,f,0,,0,2025-12-19 20:37:22.923403+00,
48f2668b-7894-4e43-b4ba-f11f6344bea0,BA,Sítio do Quinto,f,0,,0,2025-12-19 20:37:22.923403+00,
16d71a6d-aa65-47a6-afa3-52d2d34d86ef,BA,Sobradinho,f,0,,0,2025-12-19 20:37:22.923403+00,
5c925862-3ef2-4c93-bd91-979aab4a8c0c,BA,Souto Soares,f,0,,0,2025-12-19 20:37:22.923403+00,
040b3561-0ac1-4b00-95b8-6d9a6475f093,BA,Tabocas do Brejo Velho,f,0,,0,2025-12-19 20:37:22.923403+00,
a7ab334b-f572-41df-89d8-2cffa3478f03,BA,Tanhaçu,f,0,,0,2025-12-19 20:37:22.923403+00,
40b6478c-52a7-470a-b893-184b98690b9e,BA,Tanque Novo,f,0,,0,2025-12-19 20:37:22.923403+00,
2c7e9d85-e555-4112-8e7c-b3e9833603f0,BA,Tanquinho,f,0,,0,2025-12-19 20:37:22.923403+00,
bed45686-95c2-4819-b51d-1e1831800bf6,BA,Taperoá,f,0,,0,2025-12-19 20:37:22.923403+00,
e70efda2-5dcb-4d0c-ad87-797241f12506,BA,Tapiramutá,f,0,,0,2025-12-19 20:37:22.923403+00,
166e5ff8-8f4e-4909-833a-984e9c6bae78,BA,Teixeira de Freitas,f,0,,0,2025-12-19 20:37:22.923403+00,
e00877da-97ba-4590-8521-dadd4020d289,BA,Teodoro Sampaio,f,0,,0,2025-12-19 20:37:22.923403+00,
3a74fac8-1b75-4cdd-8b0b-778fe07b57cc,BA,Teofilândia,f,0,,0,2025-12-19 20:37:22.923403+00,
3eb6af79-0efa-4eef-8514-0767bdd2810b,BA,Teolândia,f,0,,0,2025-12-19 20:37:22.923403+00,
5f24a4f5-142d-4443-bd9b-2a5c705093f8,BA,Terra Nova,f,0,,0,2025-12-19 20:37:22.923403+00,
c10b8f39-0ffa-40ff-9614-ec55a9f3aa6c,BA,Tremedal,f,0,,0,2025-12-19 20:37:22.923403+00,
515f4e04-1ba1-4fa4-99a9-95940e1f2906,BA,Tucano,f,0,,0,2025-12-19 20:37:22.923403+00,
757c8754-c74b-4e72-b1a4-4eb06a556c0b,BA,Uauá,f,0,,0,2025-12-19 20:37:22.923403+00,
296dffcd-3b02-4126-97dc-210de3da90e9,BA,Ubaíra,f,0,,0,2025-12-19 20:37:22.923403+00,
9e5372ea-917b-4cd3-ae96-bcd0bad9f39a,BA,Ubaitaba,f,0,,0,2025-12-19 20:37:22.923403+00,
2e78c26e-262b-4ba7-9be8-c97dcddbd320,BA,Ubatã,f,0,,0,2025-12-19 20:37:22.923403+00,
cddd7b3f-1b99-4846-81d8-4f80def99f2f,BA,Uibaí,f,0,,0,2025-12-19 20:37:22.923403+00,
689aa0b3-f457-4bf2-a4e6-d2e51d21bb36,BA,Umburanas,f,0,,0,2025-12-19 20:37:22.923403+00,
e704a268-0229-4e05-9bed-6d3aafca5b9d,BA,Una,f,0,,0,2025-12-19 20:37:22.923403+00,
6fd2801d-30dd-467e-a6d3-e4343f276bd4,BA,Urandi,f,0,,0,2025-12-19 20:37:22.923403+00,
78b88053-db1a-4ebe-a179-8668dbf9658f,BA,Uruçuca,f,0,,0,2025-12-19 20:37:22.923403+00,
502195d4-4ff6-40a3-984e-2a5a4c4188bb,BA,Utinga,f,0,,0,2025-12-19 20:37:22.923403+00,
ed02c4f2-9831-4a60-8769-93be1af5d4e9,BA,Valença,f,0,,0,2025-12-19 20:37:22.923403+00,
480c875f-48d0-475c-852e-ac7cb7a60d8e,BA,Valente,f,0,,0,2025-12-19 20:37:22.923403+00,
13d2ac7c-1f25-4ee9-b866-bcb5b8921957,BA,Várzea da Roça,f,0,,0,2025-12-19 20:37:22.923403+00,
8430c855-4a27-484d-947d-2f9c22ed68bf,BA,Várzea do Poço,f,0,,0,2025-12-19 20:37:22.923403+00,
854ec201-309f-475b-9e9e-82d0adb2ac66,BA,Várzea Nova,f,0,,0,2025-12-19 20:37:22.923403+00,
cc866300-cd2a-4af6-aff0-84eb8cfaaff6,BA,Varzedo,f,0,,0,2025-12-19 20:37:22.923403+00,
62854e95-8340-44f4-93ed-1867bb062489,BA,Vera Cruz,f,0,,0,2025-12-19 20:37:22.923403+00,
5f69335f-fe92-4ba3-b214-324e872c295d,BA,Vereda,f,0,,0,2025-12-19 20:37:22.923403+00,
76ebb370-fc09-43a8-bf1b-612ed37cc9db,BA,Vitória da Conquista,f,0,,0,2025-12-19 20:37:22.923403+00,
7d1b0204-5742-4dfa-a55e-aa23c1d7b0e8,BA,Wagner,f,0,,0,2025-12-19 20:37:22.923403+00,
aea85350-8269-40ba-b7db-c9ce06633909,BA,Wanderley,f,0,,0,2025-12-19 20:37:22.923403+00,
6a82f018-b91d-4b56-9d8b-1409d15396de,BA,Wenceslau Guimarães,f,0,,0,2025-12-19 20:37:22.923403+00,
41aa18da-6165-4c54-aa35-af2c1a7d9ca7,BA,Xique-Xique,f,0,,0,2025-12-19 20:37:22.923403+00,
f0c10d33-f016-46b9-aa7a-40aaf1ee90ea,CE,Abaiara,f,0,,0,2025-12-19 20:37:22.923403+00,
4a34daca-a375-4ecf-b181-7759c4a89301,CE,Acarape,f,0,,0,2025-12-19 20:37:22.923403+00,
acb7330b-9312-46bb-8499-d7e81e21a1fc,CE,Acaraú,f,0,,0,2025-12-19 20:37:22.923403+00,
f8e8e508-014e-4759-aaec-76429bfe3c72,CE,Acopiara,f,0,,0,2025-12-19 20:37:22.923403+00,
d44a8b0f-e486-411d-93d4-245cf8c78732,CE,Aiuaba,f,0,,0,2025-12-19 20:37:22.923403+00,
d6d413d0-a48a-4fcd-9255-1b6dffead5b1,CE,Alcântaras,f,0,,0,2025-12-19 20:37:22.923403+00,
a6cd0c67-01ab-4b8b-ac09-395b7e3c4cf5,CE,Altaneira,f,0,,0,2025-12-19 20:37:22.923403+00,
e005126c-050d-413b-9447-812348d8e207,CE,Alto Santo,f,0,,0,2025-12-19 20:37:22.923403+00,
b838509f-7cf4-4efd-9cf2-1ebb25ba446b,CE,Amontada,f,0,,0,2025-12-19 20:37:22.923403+00,
7240657e-ed70-4bd2-b326-794c681d664b,CE,Antonina do Norte,f,0,,0,2025-12-19 20:37:22.923403+00,
c8e80bfd-826c-4765-914a-fce05d7523bd,CE,Apuiarés,f,0,,0,2025-12-19 20:37:22.923403+00,
fb486c6a-74a3-4b00-8ba3-a098c580c081,CE,Aquiraz,f,0,,0,2025-12-19 20:37:22.923403+00,
a53d5abd-63f1-4a17-be24-3c8cde21db2c,CE,Aracati,f,0,,0,2025-12-19 20:37:22.923403+00,
08469c34-4065-4159-8f57-aa8b9c8de4aa,CE,Aracoiaba,f,0,,0,2025-12-19 20:37:22.923403+00,
8c77c38b-3740-43fd-a127-9be1c0efbe8a,CE,Ararendá,f,0,,0,2025-12-19 20:37:22.923403+00,
9879f862-fe3b-4821-b6d3-054512356731,CE,Araripe,f,0,,0,2025-12-19 20:37:22.923403+00,
3a620f11-b563-44bf-988e-9cb1af7cf057,CE,Aratuba,f,0,,0,2025-12-19 20:37:22.923403+00,
f31abb27-35aa-4ebe-96df-accabe772107,CE,Arneiroz,f,0,,0,2025-12-19 20:37:22.923403+00,
8b2e6c5f-5d1a-4375-99f2-ce4e8033a690,CE,Assaré,f,0,,0,2025-12-19 20:37:22.923403+00,
bd2309f0-c909-4c91-9e6f-91bd8d71ffc0,CE,Aurora,f,0,,0,2025-12-19 20:37:22.923403+00,
61fce29f-0af5-4b38-855a-71cf6f3d8714,CE,Baixio,f,0,,0,2025-12-19 20:37:22.923403+00,
de732fe9-2d5a-4d57-8134-636ae8bfb4b2,CE,Banabuiú,f,0,,0,2025-12-19 20:37:22.923403+00,
b8bb7136-ff65-4d3d-bf9e-8c447617718f,CE,Barbalha,f,0,,0,2025-12-19 20:37:22.923403+00,
eb0ba56c-c986-4eaf-998a-285e0a9130d9,CE,Barreira,f,0,,0,2025-12-19 20:37:22.923403+00,
4ac137f0-877a-4d01-a746-d4014ade6330,CE,Barro,f,0,,0,2025-12-19 20:37:22.923403+00,
e01bdf7d-9a34-4e07-8f57-28d41d5b51b9,CE,Barroquinha,f,0,,0,2025-12-19 20:37:22.923403+00,
61b9b6fb-2e1b-4b82-a797-10279d3d7540,CE,Baturité,f,0,,0,2025-12-19 20:37:22.923403+00,
ffe5bbb3-6690-4b30-86b0-518a3079dc64,CE,Beberibe,f,0,,0,2025-12-19 20:37:22.923403+00,
9d24cb81-1de3-4070-9d09-bdd9dba1554f,CE,Bela Cruz,f,0,,0,2025-12-19 20:37:22.923403+00,
a3f5b60b-eefe-47df-b00d-fb5faf4eefb3,CE,Boa Viagem,f,0,,0,2025-12-19 20:37:22.923403+00,
ff749875-3707-4fc2-aa35-f5a7c88be1a2,CE,Brejo Santo,f,0,,0,2025-12-19 20:37:22.923403+00,
15d22ef2-e012-47ec-9740-efaf4f3b725f,CE,Camocim,f,0,,0,2025-12-19 20:37:22.923403+00,
b1f4ed6c-aaf9-4ed5-be15-831455097c4e,CE,Campos Sales,f,0,,0,2025-12-19 20:37:22.923403+00,
d1555139-dd30-49dd-bba2-c0216f600657,CE,Canindé,f,0,,0,2025-12-19 20:37:22.923403+00,
64e874ef-5503-49c1-a410-4bedbe38746a,CE,Capistrano,f,0,,0,2025-12-19 20:37:22.923403+00,
dd0bad1f-83fe-41cb-a9a4-7eb0e7631725,CE,Caridade,f,0,,0,2025-12-19 20:37:22.923403+00,
dcc4ca5b-9b7f-443e-92e9-6147e8c0cba3,CE,Cariré,f,0,,0,2025-12-19 20:37:22.923403+00,
c3c32861-7b5c-4567-8e83-0eddeac28d62,CE,Caririaçu,f,0,,0,2025-12-19 20:37:22.923403+00,
9a8b9edd-499f-4408-a575-2fdec83749aa,CE,Cariús,f,0,,0,2025-12-19 20:37:22.923403+00,
96144086-68d5-49e7-af0c-4a536ee3a8be,CE,Carnaubal,f,0,,0,2025-12-19 20:37:22.923403+00,
c42485f8-79d4-46f3-9721-10847e215c30,CE,Cascavel,f,0,,0,2025-12-19 20:37:22.923403+00,
be5c7f63-b241-4e94-9811-73109dd999c5,CE,Catarina,f,0,,0,2025-12-19 20:37:22.923403+00,
2c964872-fc85-43b0-a77e-082a599300fc,CE,Catunda,f,0,,0,2025-12-19 20:37:22.923403+00,
19b52ec6-af99-41a0-8d9c-25d2eca592ad,CE,Caucaia,f,0,,0,2025-12-19 20:37:22.923403+00,
780c58f2-324f-47c0-ba0f-4a5a31d0b569,CE,Cedro,f,0,,0,2025-12-19 20:37:22.923403+00,
7e34dbee-1f03-41f3-a2a1-76cf0adfecd2,CE,Chaval,f,0,,0,2025-12-19 20:37:22.923403+00,
95295642-d893-4f37-93ed-de80d5a462d7,CE,Choró,f,0,,0,2025-12-19 20:37:22.923403+00,
7beab49b-f2a8-41ed-a0cf-98785c806b46,CE,Chorozinho,f,0,,0,2025-12-19 20:37:22.923403+00,
325f872c-183a-4d98-986a-1432ccc0a31d,CE,Coreaú,f,0,,0,2025-12-19 20:37:22.923403+00,
8fbd9de2-1324-4571-981e-049e03c5cf4d,CE,Crateús,f,0,,0,2025-12-19 20:37:22.923403+00,
457c4c46-ec3e-4235-ab50-0a076893901c,CE,Crato,f,0,,0,2025-12-19 20:37:22.923403+00,
b1771fb2-5eb7-414d-b0ad-7332eb986dab,CE,Croatá,f,0,,0,2025-12-19 20:37:22.923403+00,
5564f8d5-0695-4087-96bc-4baf4b15a3d4,CE,Cruz,f,0,,0,2025-12-19 20:37:22.923403+00,
a919bc99-6d94-4a24-8ca3-1ce59474c018,CE,Deputado Irapuan Pinheiro,f,0,,0,2025-12-19 20:37:22.923403+00,
e478855a-e483-4f39-af65-17ef9a01fe18,CE,Ererê,f,0,,0,2025-12-19 20:37:22.923403+00,
3b4c6d54-4036-4e6e-9200-1790f83b1e28,CE,Eusébio,f,0,,0,2025-12-19 20:37:22.923403+00,
0265b798-2ae7-4fe8-b320-5db585d906cc,CE,Farias Brito,f,0,,0,2025-12-19 20:37:22.923403+00,
15ed59e8-4a0b-4afe-822b-3a59f59a26af,CE,Forquilha,f,0,,0,2025-12-19 20:37:22.923403+00,
fde9222a-14e6-4ef7-854f-76cd5d9cc819,CE,Fortaleza,f,0,,0,2025-12-19 20:37:22.923403+00,
dd9c2c27-dccb-4750-8ea1-09630cb3cdbc,CE,Fortim,f,0,,0,2025-12-19 20:37:22.923403+00,
a3b86b92-70c7-41f1-b609-d65651f36b16,CE,Frecheirinha,f,0,,0,2025-12-19 20:37:22.923403+00,
df68ba38-71c8-4747-a4b3-737c46ebf4a2,CE,General Sampaio,f,0,,0,2025-12-19 20:37:22.923403+00,
5969377f-d042-4ca0-b7ab-0207efff35dd,CE,Graça,f,0,,0,2025-12-19 20:37:22.923403+00,
4f26aa3f-0caa-4baf-bad1-daf380b6241b,CE,Granja,f,0,,0,2025-12-19 20:37:22.923403+00,
ce917bd8-17c8-46de-9681-23cc9c47c8e2,CE,Granjeiro,f,0,,0,2025-12-19 20:37:22.923403+00,
d5259302-abb3-4085-ad8f-55f47de1ef72,CE,Groaíras,f,0,,0,2025-12-19 20:37:22.923403+00,
cfc9c82c-7fa5-44fc-ba8e-f4b65fe7e3b4,CE,Guaiúba,f,0,,0,2025-12-19 20:37:22.923403+00,
ece20e59-7357-44b8-80ee-7d180dc2ff37,CE,Guaraciaba do Norte,f,0,,0,2025-12-19 20:37:22.923403+00,
8c46d049-f568-4148-b971-3d334c041d4a,CE,Guaramiranga,f,0,,0,2025-12-19 20:37:22.923403+00,
cd0f6b5a-2a8c-4e7e-b9f6-1d4d0d1caccf,CE,Hidrolândia,f,0,,0,2025-12-19 20:37:22.923403+00,
a8f54a9d-6193-460f-a0ca-25cbba745749,CE,Horizonte,f,0,,0,2025-12-19 20:37:22.923403+00,
849e8790-594e-4dfb-8418-756e80c01793,CE,Ibaretama,f,0,,0,2025-12-19 20:37:22.923403+00,
9f0edfc6-4cef-478c-bf70-caeb6a54baa2,CE,Ibiapina,f,0,,0,2025-12-19 20:37:22.923403+00,
8c032804-00fd-46df-aae2-404d4c15480e,CE,Ibicuitinga,f,0,,0,2025-12-19 20:37:22.923403+00,
bd58590a-5004-42ae-8ff8-f251955e5504,CE,Icapuí,f,0,,0,2025-12-19 20:37:22.923403+00,
66ee9a74-f299-4d15-9c8e-9d87975674e4,CE,Icó,f,0,,0,2025-12-19 20:37:22.923403+00,
00068166-ec84-4d8d-85e5-5b2f9aa05b3f,CE,Iguatu,f,0,,0,2025-12-19 20:37:22.923403+00,
500f2b38-1a7b-4470-8108-197258dbcd60,CE,Independência,f,0,,0,2025-12-19 20:37:22.923403+00,
c3466964-d2be-494a-80f4-c4c17922b4d2,CE,Ipaporanga,f,0,,0,2025-12-19 20:37:22.923403+00,
e723bec3-7dcb-4ddf-8445-83886804fdfb,CE,Ipaumirim,f,0,,0,2025-12-19 20:37:22.923403+00,
ab8c12cf-273d-49c3-b922-7c00c28f7b38,CE,Ipu,f,0,,0,2025-12-19 20:37:22.923403+00,
fadd000b-83af-4159-89f6-815f0728e665,CE,Ipueiras,f,0,,0,2025-12-19 20:37:22.923403+00,
161ab234-bbb5-43cf-a296-92b6b6d33f77,CE,Iracema,f,0,,0,2025-12-19 20:37:22.923403+00,
7498b4c1-1027-4349-af34-afefc968d5e2,CE,Irauçuba,f,0,,0,2025-12-19 20:37:22.923403+00,
60e03d02-6cce-4487-b131-fb5a802026eb,CE,Itaiçaba,f,0,,0,2025-12-19 20:37:22.923403+00,
f4fbfd70-6c05-4f2f-b6ae-613a9c184119,CE,Itaitinga,f,0,,0,2025-12-19 20:37:22.923403+00,
d4b990a4-81cb-4231-bb7c-d96e299bb10d,CE,Itapajé,f,0,,0,2025-12-19 20:37:22.923403+00,
46007353-ea37-4d69-89ee-c96d30b15d47,CE,Itapipoca,f,0,,0,2025-12-19 20:37:22.923403+00,
62017036-fc2d-402a-acaa-75e52f0b6099,CE,Itapiúna,f,0,,0,2025-12-19 20:37:22.923403+00,
6f659254-d048-4d25-9a37-5b4c7c300ce7,CE,Itarema,f,0,,0,2025-12-19 20:37:22.923403+00,
0d5ba6e7-37a0-4193-bc09-90b929693de8,CE,Itatira,f,0,,0,2025-12-19 20:37:22.923403+00,
07099f6f-187b-4caf-9f95-d1363cdd2e28,CE,Jaguaretama,f,0,,0,2025-12-19 20:37:22.923403+00,
99f4a1fc-bb4f-40e8-b6a8-c3729b2068a4,CE,Jaguaribara,f,0,,0,2025-12-19 20:37:22.923403+00,
d909e257-8391-4552-9ce1-b2961d2851b3,CE,Jaguaribe,f,0,,0,2025-12-19 20:37:22.923403+00,
cace8d84-cfbf-4fc6-949e-645ba0fb83fc,CE,Jaguaruana,f,0,,0,2025-12-19 20:37:22.923403+00,
89667120-1f12-46d0-ad46-e22872ce1227,CE,Jardim,f,0,,0,2025-12-19 20:37:22.923403+00,
1c66b83c-4188-4266-8b7e-422013ed9534,CE,Jati,f,0,,0,2025-12-19 20:37:22.923403+00,
f43d8e9c-1cd4-4ebf-a718-a5ac0ac39320,CE,Jijoca de Jericoacoara,f,0,,0,2025-12-19 20:37:22.923403+00,
0365fe6a-5de7-40e5-a409-7839e28a00f6,CE,Juazeiro do Norte,f,0,,0,2025-12-19 20:37:22.923403+00,
84b1a535-7513-4141-a92f-1b03c8dc0021,CE,Jucás,f,0,,0,2025-12-19 20:37:22.923403+00,
dbbe59bf-3999-49f6-9252-d0a1794554b0,CE,Lavras da Mangabeira,f,0,,0,2025-12-19 20:37:22.923403+00,
08384e70-b223-4f6c-a617-3903a9cc729e,CE,Limoeiro do Norte,f,0,,0,2025-12-19 20:37:22.923403+00,
118070f3-adb9-4f9a-baf0-8b91a2d1824c,CE,Madalena,f,0,,0,2025-12-19 20:37:22.923403+00,
adf89923-cd31-42af-99d3-00464b7c6e2a,CE,Maracanaú,f,0,,0,2025-12-19 20:37:22.923403+00,
c88f09ac-4f27-4741-bd1a-675d20b432cd,CE,Maranguape,f,0,,0,2025-12-19 20:37:22.923403+00,
b98e4362-e66e-406a-b2d0-782d94aafce9,CE,Marco,f,0,,0,2025-12-19 20:37:22.923403+00,
807583c9-9fb5-4993-8c72-06e28e4232fd,CE,Martinópole,f,0,,0,2025-12-19 20:37:22.923403+00,
d8cece24-ed0f-4e04-b646-8953d336d54b,CE,Massapê,f,0,,0,2025-12-19 20:37:22.923403+00,
5fa9b2af-98a0-44fe-afea-7be9e675e0cc,CE,Mauriti,f,0,,0,2025-12-19 20:37:22.923403+00,
f9cdb2af-b30c-4651-b3aa-58816dc88b04,CE,Meruoca,f,0,,0,2025-12-19 20:37:22.923403+00,
ae32afe7-60a9-45b6-a6b2-30dba84081fe,CE,Milagres,f,0,,0,2025-12-19 20:37:22.923403+00,
07a13242-c7d9-4fe5-891d-574ca4b2b9cf,CE,Milhã,f,0,,0,2025-12-19 20:37:22.923403+00,
c31194b5-406e-48c8-a9ef-a22c4e043371,CE,Miraíma,f,0,,0,2025-12-19 20:37:22.923403+00,
993aa37b-5301-48b0-9552-b541898ceef9,CE,Missão Velha,f,0,,0,2025-12-19 20:37:22.923403+00,
ef1798cf-4989-425e-9f46-f42e43aa3515,CE,Mombaça,f,0,,0,2025-12-19 20:37:22.923403+00,
27589d93-c05d-4582-a4f3-3590ce53829c,CE,Monsenhor Tabosa,f,0,,0,2025-12-19 20:37:22.923403+00,
383e2f17-66c7-416f-ba0d-8cd6bfbb690c,CE,Morada Nova,f,0,,0,2025-12-19 20:37:22.923403+00,
2f04b9ce-8a7a-4823-b7cf-a7267d97930a,CE,Moraújo,f,0,,0,2025-12-19 20:37:22.923403+00,
7aa42505-0459-460e-a396-796d317d602c,CE,Morrinhos,f,0,,0,2025-12-19 20:37:22.923403+00,
83b65d78-ef14-455a-8050-dec7a60a5cdc,CE,Mucambo,f,0,,0,2025-12-19 20:37:22.923403+00,
3f96f3a8-eb82-44af-ada3-b6cf14a2a3ac,CE,Mulungu,f,0,,0,2025-12-19 20:37:22.923403+00,
47e31e84-91dc-4ab8-9eda-ef6af2db6312,CE,Nova Olinda,f,0,,0,2025-12-19 20:37:22.923403+00,
c15905de-6e56-4107-b880-16e00723b5a1,CE,Nova Russas,f,0,,0,2025-12-19 20:37:22.923403+00,
9691083b-5354-41e2-9371-b546845b3719,CE,Novo Oriente,f,0,,0,2025-12-19 20:37:22.923403+00,
c34f4cdb-8e42-4c88-a9ac-5e4efa3c35e7,CE,Ocara,f,0,,0,2025-12-19 20:37:22.923403+00,
a2b99aa4-1a15-4b38-b82e-69b936368952,CE,Orós,f,0,,0,2025-12-19 20:37:22.923403+00,
a719252d-e3f6-49bb-9a7b-b911c1147525,CE,Pacajus,f,0,,0,2025-12-19 20:37:22.923403+00,
7b76243d-562f-40e9-8976-b72cc57ad239,CE,Pacatuba,f,0,,0,2025-12-19 20:37:22.923403+00,
8c499a5d-1f70-47bf-9f6f-d1d23e2adeab,CE,Pacoti,f,0,,0,2025-12-19 20:37:22.923403+00,
713b6a14-4de4-46bc-869b-2ad43588eafb,CE,Pacujá,f,0,,0,2025-12-19 20:37:22.923403+00,
4d7cd867-ed93-434d-b762-a527b4d0e955,CE,Palhano,f,0,,0,2025-12-19 20:37:22.923403+00,
a78fd6fe-5871-4cff-a6a2-821b892141a8,CE,Palmácia,f,0,,0,2025-12-19 20:37:22.923403+00,
55ab4189-3804-475a-8e97-6ac859da1b35,CE,Paracuru,f,0,,0,2025-12-19 20:37:22.923403+00,
b7dd28e8-9d4d-425c-89ee-504afba60293,CE,Paraipaba,f,0,,0,2025-12-19 20:37:22.923403+00,
1570c394-4629-4a94-a881-9cad3c3a1c70,CE,Parambu,f,0,,0,2025-12-19 20:37:22.923403+00,
66ca9aad-e45c-4210-b1eb-0a3ce3bdc16d,CE,Paramoti,f,0,,0,2025-12-19 20:37:22.923403+00,
d29a8990-98d4-4996-aefc-98b5295514ed,CE,Pedra Branca,f,0,,0,2025-12-19 20:37:22.923403+00,
7e059995-6973-4180-a494-a8d683e044a0,CE,Penaforte,f,0,,0,2025-12-19 20:37:22.923403+00,
f9bf35af-f0d9-4659-ab4b-c150cbd4765c,CE,Pentecoste,f,0,,0,2025-12-19 20:37:22.923403+00,
a82044ed-05d7-40e3-93f4-d015ae1b11e9,CE,Pereiro,f,0,,0,2025-12-19 20:37:22.923403+00,
de9b4e8f-dfcd-44e0-ae3b-e17f5561d4ec,CE,Pindoretama,f,0,,0,2025-12-19 20:37:22.923403+00,
eb8642a4-062c-4434-b0db-8eab49cf5f1d,CE,Piquet Carneiro,f,0,,0,2025-12-19 20:37:22.923403+00,
f2e8ec3d-429b-4dfc-92c4-e9d646f5ba32,CE,Pires Ferreira,f,0,,0,2025-12-19 20:37:22.923403+00,
49ec78f5-b585-4e2c-ab93-3ef403634c2f,CE,Poranga,f,0,,0,2025-12-19 20:37:22.923403+00,
21c1211d-fcd5-4ac4-946c-c7374ce20052,CE,Porteiras,f,0,,0,2025-12-19 20:37:22.923403+00,
0ac63e5f-9cbd-42a0-bec6-cab3aa9131ae,CE,Potengi,f,0,,0,2025-12-19 20:37:22.923403+00,
17957f9d-93d0-4237-9733-d64d72de30b7,CE,Potiretama,f,0,,0,2025-12-19 20:37:22.923403+00,
3e6f81c4-1bae-4e31-b80b-0ee9c97aa44c,CE,Quiterianópolis,f,0,,0,2025-12-19 20:37:22.923403+00,
9b3816e3-97a1-47b1-b6e3-773ebd24c7b4,CE,Quixadá,f,0,,0,2025-12-19 20:37:22.923403+00,
b22b2b5c-b7fb-4c26-98e3-1d5660916099,CE,Quixelô,f,0,,0,2025-12-19 20:37:22.923403+00,
83b817d1-2dc0-45ec-a7f7-160538eb979a,CE,Quixeramobim,f,0,,0,2025-12-19 20:37:22.923403+00,
7d769faa-83a7-4654-8792-c50eb3bd1e9d,CE,Quixeré,f,0,,0,2025-12-19 20:37:22.923403+00,
b0d1f029-e637-4b1d-b159-4b63d39c6c0f,CE,Redenção,f,0,,0,2025-12-19 20:37:22.923403+00,
8372c53e-689c-4a51-b9c3-5ba1a9eeae32,CE,Reriutaba,f,0,,0,2025-12-19 20:37:22.923403+00,
26db3eeb-7710-4844-a75b-86c2560aca44,CE,Russas,f,0,,0,2025-12-19 20:37:22.923403+00,
4cbe7597-6176-4df2-86a2-a325bbede0ea,CE,Saboeiro,f,0,,0,2025-12-19 20:37:22.923403+00,
e7d17005-0e5c-4bbb-afd5-440d86f7965c,CE,Salitre,f,0,,0,2025-12-19 20:37:22.923403+00,
2d411211-851f-48ab-994e-1a68dc5d8a72,CE,Santa Quitéria,f,0,,0,2025-12-19 20:37:22.923403+00,
f2143cc4-daa3-4399-8538-9ee872f253a0,CE,Santana do Acaraú,f,0,,0,2025-12-19 20:37:22.923403+00,
8794dbac-5cc6-4ebe-b9d4-8b114ae5a9ff,CE,Santana do Cariri,f,0,,0,2025-12-19 20:37:22.923403+00,
60bbdd01-714d-4fa7-b64c-3d40fbc901f9,CE,São Benedito,f,0,,0,2025-12-19 20:37:22.923403+00,
eb768dd5-4ee6-4401-8bdd-5ce4df89bc6d,CE,São Gonçalo do Amarante,f,0,,0,2025-12-19 20:37:22.923403+00,
88b7349e-2e8f-4b36-a544-aa82b3f8cb81,CE,São João do Jaguaribe,f,0,,0,2025-12-19 20:37:22.923403+00,
edbf5281-8b10-4ec2-bc0b-6477a0d5786f,CE,São Luís do Curu,f,0,,0,2025-12-19 20:37:22.923403+00,
8db3ad11-7d65-4e52-887c-5ea1eaaaf218,CE,Senador Pompeu,f,0,,0,2025-12-19 20:37:22.923403+00,
cfd78eff-9ddc-4c45-8f03-dfab5b91e34e,CE,Senador Sá,f,0,,0,2025-12-19 20:37:22.923403+00,
792846b7-bfc3-4833-bf60-52bdb093e679,CE,Sobral,f,0,,0,2025-12-19 20:37:22.923403+00,
9dcdb8c1-906f-4f5d-a92c-7b70bd552ba8,CE,Solonópole,f,0,,0,2025-12-19 20:37:22.923403+00,
27b7c0ef-47b5-415a-8baa-45ce73fac1a9,CE,Tabuleiro do Norte,f,0,,0,2025-12-19 20:37:22.923403+00,
519eff55-9cfb-48f6-bda8-79e010a3f88c,CE,Tamboril,f,0,,0,2025-12-19 20:37:22.923403+00,
94b0ad5a-fcfa-4227-8cce-381893984a86,CE,Tarrafas,f,0,,0,2025-12-19 20:37:22.923403+00,
45ca16d5-c32c-4dea-87ac-aff1f8bb8c1b,CE,Tauá,f,0,,0,2025-12-19 20:37:22.923403+00,
9cb8bc03-39da-4b78-be6a-3afb4763e10b,CE,Tejuçuoca,f,0,,0,2025-12-19 20:37:22.923403+00,
f0a2b5f1-43ed-4116-874e-f55f1647d313,CE,Tianguá,f,0,,0,2025-12-19 20:37:22.923403+00,
e0b130b4-fb6c-4850-bfd9-9e04c8eb14b5,CE,Trairi,f,0,,0,2025-12-19 20:37:22.923403+00,
75a90d58-674a-4022-8c44-8299b6cc3726,CE,Tururu,f,0,,0,2025-12-19 20:37:22.923403+00,
e84aa069-f695-4698-968b-0d999cf37018,CE,Ubajara,f,0,,0,2025-12-19 20:37:22.923403+00,
49e3623e-bb32-4077-8958-8e7e49fcbf8e,CE,Umari,f,0,,0,2025-12-19 20:37:22.923403+00,
e4b0d779-b29f-4e69-b20c-3440acc12332,CE,Umirim,f,0,,0,2025-12-19 20:37:22.923403+00,
8b67c25d-d6ae-4312-90b1-7a7c28677978,CE,Uruburetama,f,0,,0,2025-12-19 20:37:22.923403+00,
2f5a2579-f83d-46f1-91f1-d1599041b6e7,CE,Uruoca,f,0,,0,2025-12-19 20:37:22.923403+00,
b53d24ba-6bbc-4df8-9d60-f3ebbf27c84c,CE,Varjota,f,0,,0,2025-12-19 20:37:22.923403+00,
f50e073e-321e-4578-906f-180b9d238c74,CE,Várzea Alegre,f,0,,0,2025-12-19 20:37:22.923403+00,
4e5820ab-66fd-45cd-8968-40585e5d9b0f,CE,Viçosa do Ceará,f,0,,0,2025-12-19 20:37:22.923403+00,
40554046-774d-41c6-90c7-f15ed9a7eaae,DF,Brasília,f,0,,0,2025-12-19 20:37:22.923403+00,
7cadd7cd-9baa-433d-a869-58975277169b,ES,Afonso Cláudio,f,0,,0,2025-12-19 20:37:22.923403+00,
a07f1718-f9be-4142-8cf2-f4b311b5211b,ES,Água Doce do Norte,f,0,,0,2025-12-19 20:37:22.923403+00,
401b630a-143e-456e-b1f7-16ce818c2bb3,ES,Águia Branca,f,0,,0,2025-12-19 20:37:22.923403+00,
12a5ba2b-e6a2-42f7-aee9-23cb062cce26,ES,Alegre,f,0,,0,2025-12-19 20:37:22.923403+00,
41b1fe2f-4ccc-4838-932f-99fb61d02d4e,ES,Alfredo Chaves,f,0,,0,2025-12-19 20:37:22.923403+00,
394118a9-6723-4544-95f0-f85c17849b33,ES,Alto Rio Novo,f,0,,0,2025-12-19 20:37:22.923403+00,
4ffbc497-c690-4136-af80-e34f2f478952,ES,Anchieta,f,0,,0,2025-12-19 20:37:22.923403+00,
cd512d0e-f86b-436a-89a7-3a63ec02ce7a,ES,Apiacá,f,0,,0,2025-12-19 20:37:22.923403+00,
368ae904-77c3-45f0-bc8b-aba8682bc6be,ES,Aracruz,f,0,,0,2025-12-19 20:37:22.923403+00,
0e675fd7-7bb3-4114-a336-1f176bf88343,ES,Atílio Vivácqua,f,0,,0,2025-12-19 20:37:22.923403+00,
afbce2f4-3925-4c30-91f0-316a6d42f87b,ES,Baixo Guandu,f,0,,0,2025-12-19 20:37:22.923403+00,
a2c7367e-279a-4990-8dc9-16f55436b5b9,ES,Barra de São Francisco,f,0,,0,2025-12-19 20:37:22.923403+00,
dcf60cb9-aabb-49ab-89ed-7b594a84042a,ES,Boa Esperança,f,0,,0,2025-12-19 20:37:22.923403+00,
6ebec681-65ba-405a-bbe2-5973c988f73e,ES,Bom Jesus do Norte,f,0,,0,2025-12-19 20:37:22.923403+00,
675147bc-4610-4f8b-8af3-92bc959f518c,ES,Brejetuba,f,0,,0,2025-12-19 20:37:22.923403+00,
4d7741d8-8b93-4e37-8c5c-822768d315e4,ES,Cachoeiro de Itapemirim,f,0,,0,2025-12-19 20:37:22.923403+00,
d6fb2d7b-294a-46cc-b773-e48fac655bf9,ES,Cariacica,f,0,,0,2025-12-19 20:37:22.923403+00,
5582c92c-2b34-4750-8afa-b3b9a02528fe,ES,Castelo,f,0,,0,2025-12-19 20:37:22.923403+00,
5736a5a5-3e10-4d20-8558-db4ac49866b3,ES,Colatina,f,0,,0,2025-12-19 20:37:22.923403+00,
57455ab6-3978-4d17-9dd8-166e83227663,ES,Conceição da Barra,f,0,,0,2025-12-19 20:37:22.923403+00,
c5aeee52-781f-4cc0-8433-a38bc77eb5c4,ES,Conceição do Castelo,f,0,,0,2025-12-19 20:37:22.923403+00,
2ece6d80-30bb-4b3f-8aff-e53f45647502,ES,Divino de São Lourenço,f,0,,0,2025-12-19 20:37:22.923403+00,
84ed6d32-8d51-4b1b-94ed-35c65bedc8e5,ES,Domingos Martins,f,0,,0,2025-12-19 20:37:22.923403+00,
2dafc1f1-d26e-43d0-a497-66ab19124dfb,ES,Dores do Rio Preto,f,0,,0,2025-12-19 20:37:22.923403+00,
c79110b7-fbb3-46f8-b0ef-a7a1ff4dad8d,ES,Ecoporanga,f,0,,0,2025-12-19 20:37:22.923403+00,
40b52cd8-747c-4516-a928-20fa2e38bd8b,ES,Fundão,f,0,,0,2025-12-19 20:37:22.923403+00,
54cd2e26-f519-4f48-af5a-9c6c03db9d2c,ES,Governador Lindenberg,f,0,,0,2025-12-19 20:37:22.923403+00,
62f2f063-69f2-4c77-bf46-c70531283c85,ES,Guaçuí,f,0,,0,2025-12-19 20:37:22.923403+00,
3d03eaeb-ffc0-4e11-a7a8-24acec360d32,ES,Guarapari,f,0,,0,2025-12-19 20:37:22.923403+00,
ec43e77d-02d2-46a6-8276-9ab66b63370b,ES,Ibatiba,f,0,,0,2025-12-19 20:37:22.923403+00,
640be491-627e-404d-9c15-7ef661f230c9,ES,Ibiraçu,f,0,,0,2025-12-19 20:37:22.923403+00,
00fd9b2d-1469-46ab-adc6-b4da13116879,ES,Ibitirama,f,0,,0,2025-12-19 20:37:22.923403+00,
713616db-c4fd-412f-a2ec-bbcdc44daf92,ES,Iconha,f,0,,0,2025-12-19 20:37:22.923403+00,
7155b799-8698-4715-953d-445f01637754,ES,Irupi,f,0,,0,2025-12-19 20:37:22.923403+00,
31e11b4f-ade6-4ead-af58-3da0d6792e9d,ES,Itaguaçu,f,0,,0,2025-12-19 20:37:22.923403+00,
b3c37ac1-f9a6-4867-b1e9-deb59ab6d9a9,ES,Itapemirim,f,0,,0,2025-12-19 20:37:22.923403+00,
e05981a1-cf55-4d2c-86c4-7ecf18880979,ES,Itarana,f,0,,0,2025-12-19 20:37:22.923403+00,
418d8cc8-da0d-4034-88ff-8a5e1cd0159a,ES,Iúna,f,0,,0,2025-12-19 20:37:22.923403+00,
42085cbf-e811-44d7-9456-9249f06526e0,ES,Jaguaré,f,0,,0,2025-12-19 20:37:22.923403+00,
f6bb861d-2732-4de6-b769-28b48f32dcbe,ES,Jerônimo Monteiro,f,0,,0,2025-12-19 20:37:22.923403+00,
6afbdeec-f377-4e2a-918d-a6339041cefc,ES,João Neiva,f,0,,0,2025-12-19 20:37:22.923403+00,
aba2334b-7522-45ea-b63d-ec2ec75744e5,ES,Laranja da Terra,f,0,,0,2025-12-19 20:37:22.923403+00,
b0e8d886-06e0-48c6-8c98-413d634617ec,ES,Linhares,f,0,,0,2025-12-19 20:37:22.923403+00,
eb4df10d-d1d8-4454-b58f-38c87b063c12,ES,Mantenópolis,f,0,,0,2025-12-19 20:37:22.923403+00,
a641c9de-a6d4-4758-a30e-81048b99a63f,ES,Marataízes,f,0,,0,2025-12-19 20:37:22.923403+00,
0ebb0225-24a7-4fe4-991b-34a373ca65f7,ES,Marechal Floriano,f,0,,0,2025-12-19 20:37:22.923403+00,
7324210f-c557-49f8-84d3-aaa84c156bf4,ES,Marilândia,f,0,,0,2025-12-19 20:37:22.923403+00,
410b3eed-4933-4444-a5c4-84b3f2b4aeef,ES,Mimoso do Sul,f,0,,0,2025-12-19 20:37:22.923403+00,
da739c9e-bfb2-45c0-a227-9ca2ad5824ea,ES,Montanha,f,0,,0,2025-12-19 20:37:22.923403+00,
07af0ee5-1ce7-4e79-84c0-d29d5ba1d98a,ES,Mucurici,f,0,,0,2025-12-19 20:37:22.923403+00,
03a043c1-bf94-455e-a595-ddd089d95414,ES,Muniz Freire,f,0,,0,2025-12-19 20:37:22.923403+00,
277ed94a-e51d-457d-907b-d1151a39d555,ES,Muqui,f,0,,0,2025-12-19 20:37:22.923403+00,
c33d90b2-7f07-4793-bef9-db00c4ffb617,ES,Nova Venécia,f,0,,0,2025-12-19 20:37:22.923403+00,
53905cfe-8875-4ad0-b951-2950486b7190,ES,Pancas,f,0,,0,2025-12-19 20:37:22.923403+00,
95e9bbb9-1434-405b-a5de-35830d891657,ES,Pedro Canário,f,0,,0,2025-12-19 20:37:22.923403+00,
dfd1d6dc-bcc1-42fa-ae34-4fe7fcfb8757,ES,Pinheiros,f,0,,0,2025-12-19 20:37:22.923403+00,
30314731-617d-4866-a1b9-1b5555bffbdb,ES,Piúma,f,0,,0,2025-12-19 20:37:22.923403+00,
64e316ac-110b-47f4-8c6b-e9d5d3457d1d,ES,Ponto Belo,f,0,,0,2025-12-19 20:37:22.923403+00,
9ef48c8e-80e0-4fca-a670-7507a4e5d3b4,ES,Presidente Kennedy,f,0,,0,2025-12-19 20:37:22.923403+00,
9a4765d2-3e89-41b2-a266-1c3b16389bc2,ES,Rio Bananal,f,0,,0,2025-12-19 20:37:22.923403+00,
b88110e3-2f1c-4fd7-abad-d5b53429ee65,ES,Rio Novo do Sul,f,0,,0,2025-12-19 20:37:22.923403+00,
84864935-7682-4788-bd22-39539c67a01e,ES,Santa Leopoldina,f,0,,0,2025-12-19 20:37:22.923403+00,
573c069e-8690-4021-8784-341fc814300a,ES,Santa Maria de Jetibá,f,0,,0,2025-12-19 20:37:22.923403+00,
46e700b0-1b0c-41c1-8ee3-ff0a23efa6fe,ES,Santa Teresa,f,0,,0,2025-12-19 20:37:22.923403+00,
23b83ee8-1724-415e-96e3-2ab105ba33fd,ES,São Domingos do Norte,f,0,,0,2025-12-19 20:37:22.923403+00,
42775e5d-080b-4201-add3-cd979b753ee8,ES,São Gabriel da Palha,f,0,,0,2025-12-19 20:37:22.923403+00,
0545f02f-09ec-4ab2-8a13-968ee1e838c6,ES,São José do Calçado,f,0,,0,2025-12-19 20:37:22.923403+00,
40091a70-67de-4c41-adf3-bb676ff7210d,ES,São Mateus,f,0,,0,2025-12-19 20:37:22.923403+00,
1f42fb7c-0c93-4855-b2ef-83ff99c50ef4,ES,São Roque do Canaã,f,0,,0,2025-12-19 20:37:22.923403+00,
035594e0-03c9-4feb-a0dc-8728ffec3afa,ES,Serra,f,0,,0,2025-12-19 20:37:22.923403+00,
895e2360-4136-4d79-b76c-c36e65e6069e,ES,Sooretama,f,0,,0,2025-12-19 20:37:22.923403+00,
be7b89a9-6e09-48cd-a606-4242c4157d0e,ES,Vargem Alta,f,0,,0,2025-12-19 20:37:22.923403+00,
50687de0-a014-41f8-8b77-52d3a78ff72e,ES,Venda Nova do Imigrante,f,0,,0,2025-12-19 20:37:22.923403+00,
c7cc2c49-a14a-487d-bc43-c116e3a3295e,ES,Viana,f,0,,0,2025-12-19 20:37:22.923403+00,
b8e1823c-cf92-4bde-b524-791529142444,ES,Vila Pavão,f,0,,0,2025-12-19 20:37:22.923403+00,
2d0f7028-34ba-41bc-8eb3-c00c2d3456b6,ES,Vila Valério,f,0,,0,2025-12-19 20:37:22.923403+00,
8d41d2b3-8baf-43d7-bea2-b9c5f921dde6,ES,Vila Velha,f,0,,0,2025-12-19 20:37:22.923403+00,
dec70e4a-facb-48b2-a099-40eb1d4947e7,ES,Vitória,f,0,,0,2025-12-19 20:37:22.923403+00,
b07d5a9e-e3e7-4f91-b691-0d9089bcbd16,GO,Abadia de Goiás,f,0,,0,2025-12-19 20:37:22.923403+00,
393bcb95-03f6-4e32-bc7d-460a69bea5ce,GO,Abadiânia,f,0,,0,2025-12-19 20:37:22.923403+00,
7cfee279-40d4-4f7e-b755-684074aadddc,GO,Acreúna,f,0,,0,2025-12-19 20:37:22.923403+00,
b68cf591-0606-4a5d-8ea5-57e1842553ec,GO,Adelândia,f,0,,0,2025-12-19 20:37:22.923403+00,
789e4f3b-387f-42e4-b4ba-a2dabd123b03,GO,Água Fria de Goiás,f,0,,0,2025-12-19 20:37:22.923403+00,
fff6e4f5-568b-4d40-b5b2-c0476a1a7ca6,GO,Água Limpa,f,0,,0,2025-12-19 20:37:22.923403+00,
d2f99d1c-8056-4472-b913-60cc8f0fa69b,GO,Águas Lindas de Goiás,f,0,,0,2025-12-19 20:37:22.923403+00,
14f70118-8289-49ad-bf0d-cb1579d45ec8,GO,Alexânia,f,0,,0,2025-12-19 20:37:22.923403+00,
64aac6aa-98e9-4d63-9c18-96e08614daa8,GO,Aloândia,f,0,,0,2025-12-19 20:37:22.923403+00,
5da453ee-650e-4da6-bdaf-110f059cdebb,GO,Alto Horizonte,f,0,,0,2025-12-19 20:37:22.923403+00,
126fef4b-b129-48c3-a4fd-f40afa19268c,GO,Alto Paraíso de Goiás,f,0,,0,2025-12-19 20:37:22.923403+00,
114a9d32-7c9d-4a50-b8e7-c72eefb4eedd,GO,Alvorada do Norte,f,0,,0,2025-12-19 20:37:22.923403+00,
aacc315c-7073-4e4a-b4bf-8e58e27bc33c,GO,Amaralina,f,0,,0,2025-12-19 20:37:22.923403+00,
679569e7-68f7-47df-ade3-dde36f72960c,GO,Americano do Brasil,f,0,,0,2025-12-19 20:37:22.923403+00,
110f8ae7-3170-4e5b-a79e-2793eee0e731,GO,Amorinópolis,f,0,,0,2025-12-19 20:37:22.923403+00,
55c6a211-7b03-437b-bd15-fd2070b0e6ae,GO,Anápolis,f,0,,0,2025-12-19 20:37:22.923403+00,
af6af894-69a4-4163-a1f9-ebeed6d28a6c,GO,Anhanguera,f,0,,0,2025-12-19 20:37:22.923403+00,
f4b18de8-774e-4841-bb23-72422088c8d3,GO,Anicuns,f,0,,0,2025-12-19 20:37:22.923403+00,
d0f003e0-f1c1-4cae-a07b-b1bc3b0d5e8b,GO,Aparecida de Goiânia,f,0,,0,2025-12-19 20:37:22.923403+00,
eb0699cf-e77e-4158-93cb-a4997a404fb4,GO,Aparecida do Rio Doce,f,0,,0,2025-12-19 20:37:22.923403+00,
3df9335b-f181-4b98-a645-a789a99fa369,GO,Aporé,f,0,,0,2025-12-19 20:37:22.923403+00,
6b86d727-9a41-45b0-844d-7d15e18fdb7d,GO,Araçu,f,0,,0,2025-12-19 20:37:22.923403+00,
4051519b-d0d3-40ae-83e7-ece4e8f20e0b,GO,Aragarças,f,0,,0,2025-12-19 20:37:22.923403+00,
335a7898-5dfe-4009-a6f8-df21ae0fa10a,GO,Aragoiânia,f,0,,0,2025-12-19 20:37:22.923403+00,
3637f475-0272-4271-af57-df9f881b27f8,GO,Araguapaz,f,0,,0,2025-12-19 20:37:22.923403+00,
3c82faac-fb85-4106-bace-64162d1dd890,GO,Arenópolis,f,0,,0,2025-12-19 20:37:22.923403+00,
6a01c7cf-8901-4ef3-8a26-b6ae06216d0d,GO,Aruanã,f,0,,0,2025-12-19 20:37:22.923403+00,
0eebf4ba-5dd5-458e-a7df-14e5f540925c,GO,Aurilândia,f,0,,0,2025-12-19 20:37:22.923403+00,
b32bad76-3fd7-4e28-890b-289aa00cf667,GO,Avelinópolis,f,0,,0,2025-12-19 20:37:22.923403+00,
1a019723-187e-4cbc-8877-190d1d71f28c,GO,Baliza,f,0,,0,2025-12-19 20:37:22.923403+00,
43ca3a7d-5030-430b-a461-c26943254d80,GO,Barro Alto,f,0,,0,2025-12-19 20:37:22.923403+00,
4c04a99d-f15b-48a2-9890-3cbb52ba8c1b,GO,Bela Vista de Goiás,f,0,,0,2025-12-19 20:37:22.923403+00,
c7ee4951-8c74-4a9c-b45f-c547a1a5845a,GO,Bom Jardim de Goiás,f,0,,0,2025-12-19 20:37:22.923403+00,
58b09e55-e754-4a00-8aa8-8bec7b1f05ad,GO,Bom Jesus de Goiás,f,0,,0,2025-12-19 20:37:22.923403+00,
a8dd5450-9274-4ce6-a873-f76760c78968,GO,Bonfinópolis,f,0,,0,2025-12-19 20:37:22.923403+00,
39c36167-02cb-4d73-b9ed-81171c58ee5b,GO,Bonópolis,f,0,,0,2025-12-19 20:37:22.923403+00,
ffd4a274-ef2c-40f6-b1fc-47317feae6ed,GO,Brazabrantes,f,0,,0,2025-12-19 20:37:22.923403+00,
86122cb9-176c-418c-970f-5b48c453ae4e,GO,Britânia,f,0,,0,2025-12-19 20:37:22.923403+00,
ba4b43f6-e4b6-4b26-90fa-140735f5eaeb,GO,Buriti Alegre,f,0,,0,2025-12-19 20:37:22.923403+00,
22671e50-aeb2-4317-9e61-0d11a71bf0d3,GO,Buriti de Goiás,f,0,,0,2025-12-19 20:37:22.923403+00,
374fa057-5a55-4f04-9330-7b0c8a0ed49e,GO,Buritinópolis,f,0,,0,2025-12-19 20:37:22.923403+00,
32af8170-d32d-49eb-b397-4b5fefa781f2,GO,Cabeceiras,f,0,,0,2025-12-19 20:37:22.923403+00,
e518008b-57b2-4dcf-a1d5-56fe1458d02f,GO,Cachoeira Alta,f,0,,0,2025-12-19 20:37:22.923403+00,
5251a203-c129-4d68-bfb1-3acdea64b644,GO,Cachoeira de Goiás,f,0,,0,2025-12-19 20:37:22.923403+00,
5610228d-e814-4070-a43a-39dad7111dbc,GO,Cachoeira Dourada,f,0,,0,2025-12-19 20:37:22.923403+00,
d7b2bec1-3769-4c16-a542-bbaad6632f7c,GO,Caçu,f,0,,0,2025-12-19 20:37:22.923403+00,
7e3efc93-6291-4e6a-88c6-5a02a1aca093,GO,Caiapônia,f,0,,0,2025-12-19 20:37:22.923403+00,
a655caf3-8ee1-4f93-a8a1-1eb3b23928ab,GO,Caldas Novas,f,0,,0,2025-12-19 20:37:22.923403+00,
1a7f2784-d024-4017-b48e-a96bc24e7f1f,GO,Caldazinha,f,0,,0,2025-12-19 20:37:22.923403+00,
7bd73cf0-07fd-4bbe-ade9-174e533f6900,GO,Campestre de Goiás,f,0,,0,2025-12-19 20:37:22.923403+00,
ec89bc12-313b-458e-8e8b-d30f56c0227b,GO,Campinaçu,f,0,,0,2025-12-19 20:37:22.923403+00,
75b3ba5d-9a52-4b9d-9a2b-b763fa4d998d,GO,Campinorte,f,0,,0,2025-12-19 20:37:22.923403+00,
09b36b53-f9fd-4984-9e03-656302c75af6,GO,Campo Alegre de Goiás,f,0,,0,2025-12-19 20:37:22.923403+00,
d5bdcbf2-6e5b-430c-87aa-b737fd3a24a2,GO,Campo Limpo de Goiás,f,0,,0,2025-12-19 20:37:22.923403+00,
f7c632c2-d92c-4681-8c9b-f0897bc7d6bf,GO,Campos Belos,f,0,,0,2025-12-19 20:37:22.923403+00,
33ca82da-7004-4a6f-887f-5ac88d25a493,GO,Campos Verdes,f,0,,0,2025-12-19 20:37:22.923403+00,
0e816db5-82c3-40e4-8527-bcb6342a21e2,GO,Carmo do Rio Verde,f,0,,0,2025-12-19 20:37:22.923403+00,
4c6f63f1-bb5c-4a45-9ea1-84b2762e516c,GO,Castelândia,f,0,,0,2025-12-19 20:37:22.923403+00,
0332b36a-186f-4124-a470-66f8ce788eeb,GO,Catalão,f,0,,0,2025-12-19 20:37:22.923403+00,
67cd0d90-9012-4c8e-98d3-c211006b1915,GO,Caturaí,f,0,,0,2025-12-19 20:37:22.923403+00,
eada5dcf-056e-4693-a78a-901c1034ab77,GO,Cavalcante,f,0,,0,2025-12-19 20:37:22.923403+00,
e092fa0d-a0e0-49a2-89ba-0275eaca4544,GO,Ceres,f,0,,0,2025-12-19 20:37:22.923403+00,
5ddbac0f-6d1b-4644-b14f-b0314c31b3a6,GO,Cezarina,f,0,,0,2025-12-19 20:37:22.923403+00,
02845676-70d8-4582-8b69-67b99334ed97,GO,Chapadão do Céu,f,0,,0,2025-12-19 20:37:22.923403+00,
a111ea88-609e-4447-ad44-cb4bdd4410a0,GO,Cidade Ocidental,f,0,,0,2025-12-19 20:37:22.923403+00,
ecf5be24-e8d9-4dcf-8320-60fb0a816251,GO,Cocalzinho de Goiás,f,0,,0,2025-12-19 20:37:22.923403+00,
d30f8840-8d7d-4d2a-9ce5-c7d6d1256598,GO,Colinas do Sul,f,0,,0,2025-12-19 20:37:22.923403+00,
7a7a65bf-6c89-4c0e-ba95-179868a9e3ad,GO,Córrego do Ouro,f,0,,0,2025-12-19 20:37:22.923403+00,
69af793c-ee3f-4eae-bab3-84caa7b484bc,GO,Corumbá de Goiás,f,0,,0,2025-12-19 20:37:22.923403+00,
495574dd-e832-42f7-9fe1-d2d94b01ae2b,GO,Corumbaíba,f,0,,0,2025-12-19 20:37:22.923403+00,
6746dc1c-ef74-4a93-a20b-0885604b282f,GO,Cristalina,f,0,,0,2025-12-19 20:37:22.923403+00,
42498d10-dcd3-4de0-99aa-2a2c31bd9bcc,GO,Cristianópolis,f,0,,0,2025-12-19 20:37:22.923403+00,
1da75e60-12e0-47db-b1a0-c40b7f22e96f,GO,Crixás,f,0,,0,2025-12-19 20:37:22.923403+00,
24870b76-fbcf-4d8f-a184-dea94b692827,GO,Cromínia,f,0,,0,2025-12-19 20:37:22.923403+00,
5e41abba-cca1-4c41-867c-be92ab90dd3c,GO,Cumari,f,0,,0,2025-12-19 20:37:22.923403+00,
d0e4ab82-617a-4fbc-a73c-552078af5855,GO,Damianópolis,f,0,,0,2025-12-19 20:37:22.923403+00,
d68e8124-dd9f-4c3f-8657-52a7ea1b3191,GO,Damolândia,f,0,,0,2025-12-19 20:37:22.923403+00,
d99ee207-c76d-4f94-80d4-753526c80fed,GO,Davinópolis,f,0,,0,2025-12-19 20:37:22.923403+00,
ca8ebf11-6539-45c1-ab1b-cc3f0075f5d3,GO,Diorama,f,0,,0,2025-12-19 20:37:22.923403+00,
d444172f-5268-4d3f-a3ed-e5f1d0944d4c,GO,Doverlândia,f,0,,0,2025-12-19 20:37:22.923403+00,
a8c9edaf-e91a-474e-b4ed-21fdb712e63f,GO,Edealina,f,0,,0,2025-12-19 20:37:22.923403+00,
dd1c950d-126b-4eff-92e1-a144a02aa867,GO,Edéia,f,0,,0,2025-12-19 20:37:22.923403+00,
3a6028f9-395f-4a93-a083-91de4ae1e041,GO,Estrela do Norte,f,0,,0,2025-12-19 20:37:22.923403+00,
414a145b-6822-464e-9852-271bcb4d8bc7,GO,Faina,f,0,,0,2025-12-19 20:37:22.923403+00,
5efe8dc1-3675-4462-8e16-8100f667c014,GO,Fazenda Nova,f,0,,0,2025-12-19 20:37:22.923403+00,
bce7c467-6229-4dfe-a963-b47294287a8f,GO,Firminópolis,f,0,,0,2025-12-19 20:37:22.923403+00,
b31ccf63-bb23-470e-8a85-a44ea0abd954,GO,Flores de Goiás,f,0,,0,2025-12-19 20:37:22.923403+00,
dc1c2924-da34-43ba-8df5-823ec4d9279d,GO,Formosa,f,0,,0,2025-12-19 20:37:22.923403+00,
e50a0c2b-d201-467e-a4aa-eef9d4c6a517,GO,Formoso,f,0,,0,2025-12-19 20:37:22.923403+00,
caf18034-68ca-47db-baca-6009a9d210e1,GO,Gameleira de Goiás,f,0,,0,2025-12-19 20:37:22.923403+00,
03e32541-c2c4-4a90-bb73-9ae780e12275,GO,Divinópolis de Goiás,f,0,,0,2025-12-19 20:37:22.923403+00,
d0f270ed-f809-4caa-91d1-2b7565ffb464,GO,Goianápolis,f,0,,0,2025-12-19 20:37:22.923403+00,
51e71723-d400-49a4-9757-beaf756780e9,GO,Goiandira,f,0,,0,2025-12-19 20:37:22.923403+00,
93891424-2dea-4e61-af31-aaaeca0234fe,GO,Goianésia,f,0,,0,2025-12-19 20:37:22.923403+00,
88e2cc12-fee8-4330-a49f-377a5716d538,GO,Goiânia,f,0,,0,2025-12-19 20:37:22.923403+00,
3efca69f-d025-4081-a447-1ecbcb5161f8,GO,Goianira,f,0,,0,2025-12-19 20:37:22.923403+00,
be5e4aa4-6659-490f-8ad6-8cda8583aafe,GO,Goiás,f,0,,0,2025-12-19 20:37:22.923403+00,
bfa1a399-4ebe-4ed2-bb16-d7db65d7dcfb,GO,Goiatuba,f,0,,0,2025-12-19 20:37:22.923403+00,
b02b9885-b1fe-4730-8216-7e53c02e0fd2,GO,Gouvelândia,f,0,,0,2025-12-19 20:37:22.923403+00,
24dd6a6c-80af-469c-9703-dce8eb340c7d,GO,Guapó,f,0,,0,2025-12-19 20:37:22.923403+00,
51e09577-8b1a-4d61-988a-f21a7bb85c2f,GO,Guaraíta,f,0,,0,2025-12-19 20:37:22.923403+00,
c4ea280f-2c93-4651-9567-eb28c282ed31,GO,Guarani de Goiás,f,0,,0,2025-12-19 20:37:22.923403+00,
68cc28fd-2a3e-4402-a35f-3bde70935a66,GO,Guarinos,f,0,,0,2025-12-19 20:37:22.923403+00,
0c5b31d6-45cb-46f5-a174-defd135a2970,GO,Heitoraí,f,0,,0,2025-12-19 20:37:22.923403+00,
d8c9d765-67b1-4754-a3de-03d46be6d344,GO,Hidrolândia,f,0,,0,2025-12-19 20:37:22.923403+00,
a1b0945a-df94-4e16-83c6-a8453e5999a4,GO,Hidrolina,f,0,,0,2025-12-19 20:37:22.923403+00,
a5dd2912-96ac-49a5-959c-68fbb38f7c92,GO,Iaciara,f,0,,0,2025-12-19 20:37:22.923403+00,
5c552d97-7525-4149-a539-d099d91a25c0,GO,Inaciolândia,f,0,,0,2025-12-19 20:37:22.923403+00,
ce82ebba-3aad-453b-8558-754020f570a0,GO,Indiara,f,0,,0,2025-12-19 20:37:22.923403+00,
b04e459b-71b8-4d06-8a08-5463a3f1a7e9,GO,Inhumas,f,0,,0,2025-12-19 20:37:22.923403+00,
a0ab27ab-84c0-4240-b840-80907aae4a3c,GO,Ipameri,f,0,,0,2025-12-19 20:37:22.923403+00,
52d7cad3-98a2-4e74-a8e4-89faf90729cc,GO,Ipiranga de Goiás,f,0,,0,2025-12-19 20:37:22.923403+00,
5b515a42-231f-4597-a1ff-ae8bdbe8c3e2,GO,Iporá,f,0,,0,2025-12-19 20:37:22.923403+00,
ed8ffb9a-2977-433a-8d54-ccd4f7c3d6fe,GO,Israelândia,f,0,,0,2025-12-19 20:37:22.923403+00,
4939452f-b70a-4dcb-986f-e3f5b623eacf,GO,Itaberaí,f,0,,0,2025-12-19 20:37:22.923403+00,
620fa46a-6627-4571-b1aa-43f1042decc4,GO,Itaguari,f,0,,0,2025-12-19 20:37:22.923403+00,
e5aa94ae-f4ec-4379-8ed9-a3e5b3220219,GO,Itaguaru,f,0,,0,2025-12-19 20:37:22.923403+00,
1a1f7475-b86b-4165-99ac-dc5c2ae883f7,GO,Itajá,f,0,,0,2025-12-19 20:37:22.923403+00,
226d0323-93c4-43de-aae0-445087fd1aa5,MS,Bodoquena,f,0,,0,2025-12-19 20:37:23.751564+00,
cbaf1032-161f-49d2-926b-9371eca54b51,MS,Bonito,f,0,,0,2025-12-19 20:37:23.751564+00,
e0c90044-ee61-4408-9ee2-1bc7442d7694,MS,Brasilândia,f,0,,0,2025-12-19 20:37:23.751564+00,
537c5697-d6d3-4dc1-9d25-f609e585341c,MS,Caarapó,f,0,,0,2025-12-19 20:37:23.751564+00,
24cd5bd5-dabe-4599-9d9b-3b8f75ac3ef4,MS,Camapuã,f,0,,0,2025-12-19 20:37:23.751564+00,
69a88eb6-db86-4cfd-a3ff-f846f78d40c8,MS,Campo Grande,f,0,,0,2025-12-19 20:37:23.751564+00,
42ab2584-054c-4aec-87bf-f15799807696,MS,Caracol,f,0,,0,2025-12-19 20:37:23.751564+00,
8e180cdb-d5f6-48bc-8067-a0b4d3e8e3fc,MS,Cassilândia,f,0,,0,2025-12-19 20:37:23.751564+00,
ab9d446a-b8fb-4636-a5c6-aaa64ca8de6d,MS,Chapadão do Sul,f,0,,0,2025-12-19 20:37:23.751564+00,
d7f563c1-dce3-42f5-ac32-88b3831c1826,MS,Corguinho,f,0,,0,2025-12-19 20:37:23.751564+00,
a4aa1efd-e7b6-413a-8cf7-3b2ddef6e30c,MS,Coronel Sapucaia,f,0,,0,2025-12-19 20:37:23.751564+00,
2a44a449-cb11-447d-96f8-c578262f2032,MS,Corumbá,f,0,,0,2025-12-19 20:37:23.751564+00,
daa98ff4-06b8-4d60-bf90-f2e86dc5244a,MS,Costa Rica,f,0,,0,2025-12-19 20:37:23.751564+00,
c5b3dbb7-c4eb-4c15-a285-99ed05fdcb19,MS,Coxim,f,0,,0,2025-12-19 20:37:23.751564+00,
bbf6d265-2ca9-48b1-be6c-531bbf760e45,MS,Deodápolis,f,0,,0,2025-12-19 20:37:23.751564+00,
0f92faeb-8b16-4590-b662-cff9fb13048e,MS,Dois Irmãos do Buriti,f,0,,0,2025-12-19 20:37:23.751564+00,
1d1aac89-8c6c-4a6a-9a18-08a73e16073f,MS,Douradina,f,0,,0,2025-12-19 20:37:23.751564+00,
01ddbdd3-fd95-4e80-ac23-6c11b1b10615,MS,Dourados,f,0,,0,2025-12-19 20:37:23.751564+00,
c9e04686-62b5-4065-9eac-3939e0e5bb1d,MS,Eldorado,f,0,,0,2025-12-19 20:37:23.751564+00,
07e9cf4f-d2ba-4f9c-96c0-1bc5fb61e380,MS,Fátima do Sul,f,0,,0,2025-12-19 20:37:23.751564+00,
9aaa6ad1-01a9-4748-957a-9b352a534c0a,MS,Figueirão,f,0,,0,2025-12-19 20:37:23.751564+00,
ab4b04f5-1c01-4710-b091-a851bcc86afc,MS,Glória de Dourados,f,0,,0,2025-12-19 20:37:23.751564+00,
b59b04cc-e904-457d-b56a-b69824070dd7,GO,Itapaci,f,0,,0,2025-12-19 20:37:23.35318+00,
d0d325a2-9051-41e6-bab6-339380763a63,GO,Itapirapuã,f,0,,0,2025-12-19 20:37:23.35318+00,
10363b12-e5b7-4a86-9986-9776b75b8f54,GO,Itapuranga,f,0,,0,2025-12-19 20:37:23.35318+00,
69dc2830-f40e-4b30-8d5d-882f0813ee19,GO,Itarumã,f,0,,0,2025-12-19 20:37:23.35318+00,
e2a1a7cb-58cd-46e5-993b-c8cdfdb2bcfe,GO,Itauçu,f,0,,0,2025-12-19 20:37:23.35318+00,
554066a5-9f95-4c28-81a9-1a0e0c27d659,GO,Itumbiara,f,0,,0,2025-12-19 20:37:23.35318+00,
cd6dc735-8a53-4b77-be2f-8e68eacf1ed0,GO,Ivolândia,f,0,,0,2025-12-19 20:37:23.35318+00,
8fcfa971-27f2-4da1-a9fe-d849066a6364,GO,Jandaia,f,0,,0,2025-12-19 20:37:23.35318+00,
4c0b7512-d05f-4c1c-9fc4-bb70a96accd9,GO,Jaraguá,f,0,,0,2025-12-19 20:37:23.35318+00,
b77357b0-68a4-4172-9117-e3ee4de5f96e,GO,Jataí,f,0,,0,2025-12-19 20:37:23.35318+00,
6fed896b-d94f-43d1-8c66-8801e8822ccc,GO,Jaupaci,f,0,,0,2025-12-19 20:37:23.35318+00,
1bd42a81-ac62-4907-be29-5a49c9da34ab,GO,Jesúpolis,f,0,,0,2025-12-19 20:37:23.35318+00,
5c8db18e-4a75-4426-891e-8e20b0a37841,GO,Joviânia,f,0,,0,2025-12-19 20:37:23.35318+00,
104f9501-0fa3-4746-aa42-72b078533677,GO,Jussara,f,0,,0,2025-12-19 20:37:23.35318+00,
b308f12f-131b-4710-89b2-421a59a75a87,GO,Lagoa Santa,f,0,,0,2025-12-19 20:37:23.35318+00,
fb0c9eed-1360-4766-8869-492ab6928e41,GO,Leopoldo de Bulhões,f,0,,0,2025-12-19 20:37:23.35318+00,
d63609d9-0c99-44f7-83e4-0d72e983be3b,GO,Luziânia,f,0,,0,2025-12-19 20:37:23.35318+00,
b5299a58-199e-4840-abe9-87bfdc69e1be,GO,Mairipotaba,f,0,,0,2025-12-19 20:37:23.35318+00,
dbfb9aef-344f-454d-9a5b-9c0d7d1e041f,GO,Mambaí,f,0,,0,2025-12-19 20:37:23.35318+00,
9c2e11ac-1e9b-41b3-bd96-cbd70eb49687,GO,Mara Rosa,f,0,,0,2025-12-19 20:37:23.35318+00,
eb9e20b4-8b8c-4765-88f8-26e6f692f268,GO,Marzagão,f,0,,0,2025-12-19 20:37:23.35318+00,
e36ffaf2-367d-4d1d-a900-377c0f146313,GO,Matrinchã,f,0,,0,2025-12-19 20:37:23.35318+00,
7e07869a-dd7c-4066-a336-eed3b3fb555e,GO,Maurilândia,f,0,,0,2025-12-19 20:37:23.35318+00,
4be07644-efa5-41e4-a9c5-b29fd5441ccd,GO,Mimoso de Goiás,f,0,,0,2025-12-19 20:37:23.35318+00,
c04c1e0f-6807-4ec9-a65f-e20cbb5d0355,GO,Minaçu,f,0,,0,2025-12-19 20:37:23.35318+00,
c133d080-f1e5-4238-bd36-adee63e2dbb0,GO,Mineiros,f,0,,0,2025-12-19 20:37:23.35318+00,
77231227-0f6b-4805-be06-f214cc3fac56,GO,Moiporá,f,0,,0,2025-12-19 20:37:23.35318+00,
02fe35c2-c65f-4233-8149-bd2051a814a3,GO,Monte Alegre de Goiás,f,0,,0,2025-12-19 20:37:23.35318+00,
88b9f0d4-df5b-4306-af9a-191b66d05459,GO,Montes Claros de Goiás,f,0,,0,2025-12-19 20:37:23.35318+00,
d84524de-3118-4d90-b732-9048ab98a7bd,GO,Montividiu,f,0,,0,2025-12-19 20:37:23.35318+00,
b93037a2-4187-4a2a-ab11-4e9c185bbc11,GO,Montividiu do Norte,f,0,,0,2025-12-19 20:37:23.35318+00,
21c3d382-23ca-4d6b-9916-91d8b215d53b,GO,Morrinhos,f,0,,0,2025-12-19 20:37:23.35318+00,
208cd7d9-0d17-4411-a01d-4e91d6910715,GO,Morro Agudo de Goiás,f,0,,0,2025-12-19 20:37:23.35318+00,
3f88f922-e974-4561-953c-11ddba5d8f0e,GO,Mossâmedes,f,0,,0,2025-12-19 20:37:23.35318+00,
4f06cb56-b314-49c6-ae67-f6923abc3127,GO,Mozarlândia,f,0,,0,2025-12-19 20:37:23.35318+00,
21ed2259-cb34-471c-b109-9168394249e9,GO,Mundo Novo,f,0,,0,2025-12-19 20:37:23.35318+00,
55a90053-5019-4aaf-9b5b-ffbec158cbe5,GO,Mutunópolis,f,0,,0,2025-12-19 20:37:23.35318+00,
a1f6e152-0773-40ab-91a8-682e97457c4c,GO,Nazário,f,0,,0,2025-12-19 20:37:23.35318+00,
01c56a28-c1ac-44c6-85f0-b269bc0c2cd0,GO,Nerópolis,f,0,,0,2025-12-19 20:37:23.35318+00,
8f91e6f5-843f-4251-972c-4be52a0d51da,GO,Niquelândia,f,0,,0,2025-12-19 20:37:23.35318+00,
b2652876-7245-4159-a5fc-0bce0f7cbfcc,GO,Nova América,f,0,,0,2025-12-19 20:37:23.35318+00,
47fed627-125b-484f-aa75-a77465a75f47,GO,Nova Aurora,f,0,,0,2025-12-19 20:37:23.35318+00,
35cbd1e1-b57c-4a27-9cde-39055a0f86d3,GO,Nova Crixás,f,0,,0,2025-12-19 20:37:23.35318+00,
53a4d758-8676-443d-9f29-0dfa87434574,GO,Nova Glória,f,0,,0,2025-12-19 20:37:23.35318+00,
5ff2cc77-d65c-4da6-ad0c-cd18028c7498,GO,Nova Iguaçu de Goiás,f,0,,0,2025-12-19 20:37:23.35318+00,
2b642b63-5d9d-4231-a07d-13d7eee97eef,GO,Nova Roma,f,0,,0,2025-12-19 20:37:23.35318+00,
dd230672-057f-4c58-a1c1-92d47ae426a4,GO,Nova Veneza,f,0,,0,2025-12-19 20:37:23.35318+00,
26c8bd7e-3e2a-4d63-8eb6-8cc21c1d6a0d,GO,Novo Brasil,f,0,,0,2025-12-19 20:37:23.35318+00,
7f3c3c26-572d-479f-8ad8-3b246c88dfe6,GO,Novo Gama,f,0,,0,2025-12-19 20:37:23.35318+00,
d003a6b7-b3ad-4a90-9c76-586428f0de40,GO,Novo Planalto,f,0,,0,2025-12-19 20:37:23.35318+00,
afdfb5d1-aa18-435b-bf45-bba708e4e157,GO,Orizona,f,0,,0,2025-12-19 20:37:23.35318+00,
de394637-31e5-476f-af44-d0c008534499,GO,Ouro Verde de Goiás,f,0,,0,2025-12-19 20:37:23.35318+00,
d0a4d69f-b4c6-4ef8-96a5-a1ddcd117047,GO,Ouvidor,f,0,,0,2025-12-19 20:37:23.35318+00,
71449fd7-9d37-4756-b813-2fbd21460070,GO,Padre Bernardo,f,0,,0,2025-12-19 20:37:23.35318+00,
26f9d668-1877-44a1-a127-7196512d19c2,GO,Palestina de Goiás,f,0,,0,2025-12-19 20:37:23.35318+00,
90de5125-8162-400a-bd96-a9517305d743,GO,Palmeiras de Goiás,f,0,,0,2025-12-19 20:37:23.35318+00,
256d543d-bec1-45c7-9319-36a7cb717b97,GO,Palmelo,f,0,,0,2025-12-19 20:37:23.35318+00,
c950d815-c6be-445b-b89f-3e217f049302,GO,Palminópolis,f,0,,0,2025-12-19 20:37:23.35318+00,
4b7fdc36-a973-4ccb-88d6-b6c90c7a7243,GO,Panamá,f,0,,0,2025-12-19 20:37:23.35318+00,
898be7eb-88b5-426b-be7b-188944ffa646,GO,Paranaiguara,f,0,,0,2025-12-19 20:37:23.35318+00,
dba035a4-6c40-4158-86f7-ed698cc331f5,GO,Paraúna,f,0,,0,2025-12-19 20:37:23.35318+00,
86147484-db9e-41f8-8d16-ba5d5a0d9099,GO,Perolândia,f,0,,0,2025-12-19 20:37:23.35318+00,
841df1c6-c066-4799-929f-1e83b592cd23,GO,Petrolina de Goiás,f,0,,0,2025-12-19 20:37:23.35318+00,
d24d49ce-9eb3-4af8-85ee-553555454328,GO,Pilar de Goiás,f,0,,0,2025-12-19 20:37:23.35318+00,
2b26958c-2715-4c14-82ad-39143d218c61,GO,Piracanjuba,f,0,,0,2025-12-19 20:37:23.35318+00,
0b2a8461-0eb2-435b-87e9-ce2a27e8ffd7,GO,Piranhas,f,0,,0,2025-12-19 20:37:23.35318+00,
bfe251d4-bede-4a81-afca-33debb5cad0c,GO,Pirenópolis,f,0,,0,2025-12-19 20:37:23.35318+00,
605b9e2f-1d3a-49c5-9559-29d3bf24a983,GO,Pires do Rio,f,0,,0,2025-12-19 20:37:23.35318+00,
6f818b03-b8a0-4117-bdf2-9029641bffa5,GO,Planaltina,f,0,,0,2025-12-19 20:37:23.35318+00,
71ea0931-0972-4129-b1c3-8917255598d6,GO,Pontalina,f,0,,0,2025-12-19 20:37:23.35318+00,
e68386b7-4386-43cd-88fa-709ab7420b23,GO,Porangatu,f,0,,0,2025-12-19 20:37:23.35318+00,
1c07183f-e0e5-4a99-a442-09278cb1f877,GO,Porteirão,f,0,,0,2025-12-19 20:37:23.35318+00,
2dcf6e10-09e7-49a6-986a-dcc6e41c5808,GO,Portelândia,f,0,,0,2025-12-19 20:37:23.35318+00,
d0cac95d-2341-4101-b473-1ee84f597f06,GO,Posse,f,0,,0,2025-12-19 20:37:23.35318+00,
1a3d3a11-17b1-415e-bc17-22d28ce57a36,GO,Professor Jamil,f,0,,0,2025-12-19 20:37:23.35318+00,
c735177b-18ab-47aa-a35a-6a81d9b883b4,GO,Quirinópolis,f,0,,0,2025-12-19 20:37:23.35318+00,
8f1b9565-31bf-4a7b-8b74-bfc40ee45760,GO,Rialma,f,0,,0,2025-12-19 20:37:23.35318+00,
308bd818-e1a9-42eb-95de-6da873e348e6,GO,Rianápolis,f,0,,0,2025-12-19 20:37:23.35318+00,
18c4b164-3282-4116-89fc-6043b1626e37,GO,Rio Quente,f,0,,0,2025-12-19 20:37:23.35318+00,
4b7bb938-f7af-40e3-ac34-904dbbdbc899,GO,Rio Verde,f,0,,0,2025-12-19 20:37:23.35318+00,
c2777a90-5c38-4d17-a733-06643f3f621f,GO,Rubiataba,f,0,,0,2025-12-19 20:37:23.35318+00,
d7abf104-90ae-483f-9947-6a341f607fc8,GO,Sanclerlândia,f,0,,0,2025-12-19 20:37:23.35318+00,
5d20b759-de85-432d-9efa-1d1acb4a499e,GO,Santa Bárbara de Goiás,f,0,,0,2025-12-19 20:37:23.35318+00,
bfc0e859-097a-4fa5-afb0-d23b9cc81b83,GO,Santa Cruz de Goiás,f,0,,0,2025-12-19 20:37:23.35318+00,
d3715856-5230-4c18-b6fa-c7f023282266,GO,Santa Fé de Goiás,f,0,,0,2025-12-19 20:37:23.35318+00,
686c7252-8303-4f5d-bc0f-f403d2e6b939,GO,Santa Helena de Goiás,f,0,,0,2025-12-19 20:37:23.35318+00,
8b447daf-01c4-48f5-a5b9-2664049d4f03,GO,Santa Isabel,f,0,,0,2025-12-19 20:37:23.35318+00,
eaaf49c8-ecb6-4e71-8224-6396b6658b96,GO,Santa Rita do Araguaia,f,0,,0,2025-12-19 20:37:23.35318+00,
0a6b9dd9-c558-40d9-a68d-4598f251b5b1,GO,Santa Rita do Novo Destino,f,0,,0,2025-12-19 20:37:23.35318+00,
8a168908-15d5-466d-9a98-1c8ba04279a7,GO,Santa Rosa de Goiás,f,0,,0,2025-12-19 20:37:23.35318+00,
ca493663-763e-41e0-a6ca-16fd76660229,GO,Santa Tereza de Goiás,f,0,,0,2025-12-19 20:37:23.35318+00,
ae7fb44e-366c-418c-bc6a-947be0edc2be,GO,Santa Terezinha de Goiás,f,0,,0,2025-12-19 20:37:23.35318+00,
482c9225-8e7e-4493-8c14-0d966cac47f3,GO,Santo Antônio da Barra,f,0,,0,2025-12-19 20:37:23.35318+00,
0067e159-36f1-4264-88ba-be63fe96e6b1,GO,Santo Antônio de Goiás,f,0,,0,2025-12-19 20:37:23.35318+00,
16ca8b0b-a4a7-40e3-8aa6-dcabd64693f8,GO,Santo Antônio do Descoberto,f,0,,0,2025-12-19 20:37:23.35318+00,
27cafbce-bbcd-4d15-a6ea-43f62c592d24,GO,São Domingos,f,0,,0,2025-12-19 20:37:23.35318+00,
f1b153bc-4dc8-4463-9d71-bcfbcb5004bd,GO,São Francisco de Goiás,f,0,,0,2025-12-19 20:37:23.35318+00,
9ed3e0c7-9c7f-4f78-86e7-fc2081a76b84,GO,São João d'Aliança,f,0,,0,2025-12-19 20:37:23.35318+00,
366ba582-494c-4df1-9c78-835f358c2347,GO,São João da Paraúna,f,0,,0,2025-12-19 20:37:23.35318+00,
9da3b5be-4da5-4e68-adce-5f05f0ef9374,GO,São Luís de Montes Belos,f,0,,0,2025-12-19 20:37:23.35318+00,
83a4ba1f-5ad3-4017-b67f-1d026fd672db,GO,São Luíz do Norte,f,0,,0,2025-12-19 20:37:23.35318+00,
997089b6-cc88-443e-a2d1-a15b036f5cb3,GO,São Miguel do Araguaia,f,0,,0,2025-12-19 20:37:23.35318+00,
52c1684f-442a-4773-a18c-2741eb95e131,GO,São Miguel do Passa Quatro,f,0,,0,2025-12-19 20:37:23.35318+00,
79ea46e0-f84c-4d87-837a-f846f4b97fb8,GO,São Patrício,f,0,,0,2025-12-19 20:37:23.35318+00,
0a9bf9cc-3788-440a-afd9-9ba3df997122,GO,São Simão,f,0,,0,2025-12-19 20:37:23.35318+00,
d1148b90-d5fd-47d8-ad7b-ed3c67ace9a4,GO,Senador Canedo,f,0,,0,2025-12-19 20:37:23.35318+00,
d71423c4-dc83-4cd7-88a7-85be85049179,GO,Serranópolis,f,0,,0,2025-12-19 20:37:23.35318+00,
bc6a9fde-381e-4613-b8e6-260948fc1c67,GO,Silvânia,f,0,,0,2025-12-19 20:37:23.35318+00,
a9d93b97-041a-461e-9b73-601a5c90e445,GO,Simolândia,f,0,,0,2025-12-19 20:37:23.35318+00,
ef4b0f4b-547a-403c-a2b7-305060f448d2,GO,Sítio d'Abadia,f,0,,0,2025-12-19 20:37:23.35318+00,
29f55010-d2ce-4cbe-b97c-b3e4bfe7de4c,GO,Taquaral de Goiás,f,0,,0,2025-12-19 20:37:23.35318+00,
ee41b92d-fbe2-4b23-91aa-644c24998e75,GO,Teresina de Goiás,f,0,,0,2025-12-19 20:37:23.35318+00,
ddaa0e26-f333-401d-be4d-618ce17e3925,GO,Terezópolis de Goiás,f,0,,0,2025-12-19 20:37:23.35318+00,
c9bfd2a1-3729-4556-86db-05d577f9981e,GO,Três Ranchos,f,0,,0,2025-12-19 20:37:23.35318+00,
40261a20-df4a-4680-9ede-8044be34ec98,GO,Trindade,f,0,,0,2025-12-19 20:37:23.35318+00,
42b2d8ac-73b4-4b3e-9ee6-f3c858304f03,GO,Trombas,f,0,,0,2025-12-19 20:37:23.35318+00,
0e0a05cc-1f91-4742-a175-b33be3174004,GO,Turvânia,f,0,,0,2025-12-19 20:37:23.35318+00,
2ccbaac6-3646-4fb9-8ce7-6771acb1dfc6,GO,Turvelândia,f,0,,0,2025-12-19 20:37:23.35318+00,
00be9809-0f7b-4a9e-ad76-80f0b22c21c1,GO,Uirapuru,f,0,,0,2025-12-19 20:37:23.35318+00,
854a7081-6a30-48c6-ac0e-5b4a97d3debb,GO,Uruaçu,f,0,,0,2025-12-19 20:37:23.35318+00,
35dc85d0-331f-49b8-a1ed-ef0a02819b43,GO,Uruana,f,0,,0,2025-12-19 20:37:23.35318+00,
5f5dbeb0-9011-4ce9-b082-074274f81bb6,GO,Urutaí,f,0,,0,2025-12-19 20:37:23.35318+00,
ec741e73-4a96-47e0-9e63-8588b4098634,GO,Valparaíso de Goiás,f,0,,0,2025-12-19 20:37:23.35318+00,
d568aa5d-ec07-486c-8ce7-9685d3c1a615,GO,Varjão,f,0,,0,2025-12-19 20:37:23.35318+00,
19085eb7-96c8-4959-bbd5-f9bb1d6c23f7,GO,Vianópolis,f,0,,0,2025-12-19 20:37:23.35318+00,
ee124ad6-3120-47f7-86dd-cdc613013fcf,GO,Vicentinópolis,f,0,,0,2025-12-19 20:37:23.35318+00,
9c556b87-fff9-4ded-af94-ffbde41fe16e,GO,Vila Boa,f,0,,0,2025-12-19 20:37:23.35318+00,
860ded9e-4c79-42bf-845a-fc61ea9f209d,GO,Vila Propício,f,0,,0,2025-12-19 20:37:23.35318+00,
cb83ab20-4c36-4d79-8576-be2544249539,MA,Açailândia,f,0,,0,2025-12-19 20:37:23.35318+00,
ebe5b5a9-f588-45a6-a68f-5845c69f23b9,MA,Afonso Cunha,f,0,,0,2025-12-19 20:37:23.35318+00,
e78559d3-a3e0-4b4e-9e7a-b918b3f0cbf0,MA,Água Doce do Maranhão,f,0,,0,2025-12-19 20:37:23.35318+00,
905a8171-cb38-4141-a475-a19f05c6c12b,MA,Alcântara,f,0,,0,2025-12-19 20:37:23.35318+00,
f0624155-3d7c-44af-aae8-a43068fc82fc,MA,Aldeias Altas,f,0,,0,2025-12-19 20:37:23.35318+00,
032670ec-f7e7-4018-81cc-72b1d7f4f713,MA,Altamira do Maranhão,f,0,,0,2025-12-19 20:37:23.35318+00,
84e3887a-ac46-4767-91f8-c30271c4dc07,MA,Alto Alegre do Maranhão,f,0,,0,2025-12-19 20:37:23.35318+00,
44c73367-b2f7-48af-aed2-c7e3ec570e01,MA,Alto Alegre do Pindaré,f,0,,0,2025-12-19 20:37:23.35318+00,
e0e5d1fd-90bb-4817-a092-193b1343077b,MA,Alto Parnaíba,f,0,,0,2025-12-19 20:37:23.35318+00,
ce3c62e5-6603-4408-838a-400aeae65fde,MA,Amapá do Maranhão,f,0,,0,2025-12-19 20:37:23.35318+00,
4eaa8104-d9ba-4256-b07c-f9e38c2f7c58,MA,Amarante do Maranhão,f,0,,0,2025-12-19 20:37:23.35318+00,
b1e4f7d9-2523-4d46-bf1e-2cd1424a3022,MA,Anajatuba,f,0,,0,2025-12-19 20:37:23.35318+00,
ec7fa45f-491f-4956-9dfa-a89544852eac,MA,Anapurus,f,0,,0,2025-12-19 20:37:23.35318+00,
4cda1e0b-8a31-4588-b774-caa4b38da42c,MA,Apicum-Açu,f,0,,0,2025-12-19 20:37:23.35318+00,
c796a6a4-5864-4860-af0f-2db4f26db3fe,MA,Araguanã,f,0,,0,2025-12-19 20:37:23.35318+00,
a6a40750-a9fd-452f-bddc-ad374753865e,MA,Araioses,f,0,,0,2025-12-19 20:37:23.35318+00,
1cbc96f4-91ff-4ab0-a8d5-6e24c9cb50bd,MA,Arame,f,0,,0,2025-12-19 20:37:23.35318+00,
488880cd-c4c8-4158-ad41-433bfff8e39a,MA,Arari,f,0,,0,2025-12-19 20:37:23.35318+00,
8a75d760-c88a-40d5-bbe9-900491f8bf56,MA,Axixá,f,0,,0,2025-12-19 20:37:23.35318+00,
3dc49a01-fc09-4888-8024-cc95654d2676,MA,Bacabal,f,0,,0,2025-12-19 20:37:23.35318+00,
035bee9c-e8d8-444d-ad1b-abf397b4aec2,MA,Bacabeira,f,0,,0,2025-12-19 20:37:23.35318+00,
df5d40e3-53da-4c4a-9cbb-fc00391bee0f,MA,Bacuri,f,0,,0,2025-12-19 20:37:23.35318+00,
2297a94a-bc2a-40c7-abc9-9486c270652f,MA,Bacurituba,f,0,,0,2025-12-19 20:37:23.35318+00,
915738e3-6145-48f3-b617-4c7f4cbf0c75,MA,Balsas,f,0,,0,2025-12-19 20:37:23.35318+00,
3128bae1-a39a-4386-b7c7-0367d3cd51c3,MA,Barão de Grajaú,f,0,,0,2025-12-19 20:37:23.35318+00,
0435078a-7f67-42d4-b7fe-c7547a56d449,MA,Barra do Corda,f,0,,0,2025-12-19 20:37:23.35318+00,
b3c3da0c-9189-458e-97bd-e85b013aeada,MA,Barreirinhas,f,0,,0,2025-12-19 20:37:23.35318+00,
e4a474e7-4fda-4989-999a-f9290f135cf4,MA,Belágua,f,0,,0,2025-12-19 20:37:23.35318+00,
92168a67-e1a7-463c-a963-7815813aae88,MA,Bela Vista do Maranhão,f,0,,0,2025-12-19 20:37:23.35318+00,
8f740fb1-7848-4f43-b617-b9267c880507,MA,Benedito Leite,f,0,,0,2025-12-19 20:37:23.35318+00,
31ec0bcd-b7aa-4f42-8386-b096e056463f,MA,Bequimão,f,0,,0,2025-12-19 20:37:23.35318+00,
c973b5f7-6f2b-42bb-a639-3945e5053e93,MA,Bernardo do Mearim,f,0,,0,2025-12-19 20:37:23.35318+00,
e8621c28-24ce-4b1e-815f-21bc5d8a0dd1,MA,Boa Vista do Gurupi,f,0,,0,2025-12-19 20:37:23.35318+00,
9bf7f32d-0b58-40c0-8907-c4495d988c1b,MA,Bom Jardim,f,0,,0,2025-12-19 20:37:23.35318+00,
8b79c31a-26b0-4d85-9b8e-c5b118f980d7,MA,Bom Jesus das Selvas,f,0,,0,2025-12-19 20:37:23.35318+00,
c066b33c-c5e9-433a-bbca-856c04703d36,MA,Bom Lugar,f,0,,0,2025-12-19 20:37:23.35318+00,
36c1c0e4-e90b-4671-b4ca-f4f55aacb784,MA,Brejo,f,0,,0,2025-12-19 20:37:23.35318+00,
716123f3-68df-4331-955e-5250b70f749d,MA,Brejo de Areia,f,0,,0,2025-12-19 20:37:23.35318+00,
e0901c71-7e55-430b-9956-75791102a9c8,MA,Buriti,f,0,,0,2025-12-19 20:37:23.35318+00,
a416b0c2-2b4b-49cb-a3cf-15c374aade2f,MA,Buriti Bravo,f,0,,0,2025-12-19 20:37:23.35318+00,
81c40354-385c-4c24-b6f9-0bbdd07f61ee,MA,Buriticupu,f,0,,0,2025-12-19 20:37:23.35318+00,
3270bf7e-f91e-452b-b5dc-a797afccb43d,MA,Buritirana,f,0,,0,2025-12-19 20:37:23.35318+00,
82aea7bd-70ab-4208-94fb-f0c14786c8e3,MA,Cachoeira Grande,f,0,,0,2025-12-19 20:37:23.35318+00,
1e732bc6-ee4d-4881-a2c2-fa9381b8bfe6,MA,Cajapió,f,0,,0,2025-12-19 20:37:23.35318+00,
e8b5a089-6e6a-49f3-89a5-4a32bbd61a4b,MA,Cajari,f,0,,0,2025-12-19 20:37:23.35318+00,
cb2b4b28-75dd-4ff3-9fba-af30c536c703,MA,Campestre do Maranhão,f,0,,0,2025-12-19 20:37:23.35318+00,
23302ac9-bada-438b-b380-cecba2f9b0dd,MA,Cândido Mendes,f,0,,0,2025-12-19 20:37:23.35318+00,
48ca4fab-dbed-4dd1-a7ea-db892339ccf4,MA,Cantanhede,f,0,,0,2025-12-19 20:37:23.35318+00,
8d15fd86-dbb9-42b2-8647-82966378082d,MA,Capinzal do Norte,f,0,,0,2025-12-19 20:37:23.35318+00,
fe5d193f-e47a-4716-9ca2-ab91f3a43dd0,MA,Carolina,f,0,,0,2025-12-19 20:37:23.35318+00,
5c900be8-e425-4993-b942-168ccc2d3c0e,MA,Carutapera,f,0,,0,2025-12-19 20:37:23.35318+00,
65b339fe-8c1a-4b9b-9f30-d9097a4ed4b9,MA,Caxias,f,0,,0,2025-12-19 20:37:23.35318+00,
a8edcdb2-b053-418b-a139-03535cf43f1d,MA,Cedral,f,0,,0,2025-12-19 20:37:23.35318+00,
d3b19ddd-445d-43db-8404-da8fbd71059c,MA,Central do Maranhão,f,0,,0,2025-12-19 20:37:23.35318+00,
e927d5db-573c-4404-a99a-d2b3515475ff,MA,Centro do Guilherme,f,0,,0,2025-12-19 20:37:23.35318+00,
f407d3da-621b-40ca-8a86-54e33e2778dd,MA,Centro Novo do Maranhão,f,0,,0,2025-12-19 20:37:23.35318+00,
be51f507-0b64-4259-aa2d-e89f00b03737,MA,Chapadinha,f,0,,0,2025-12-19 20:37:23.35318+00,
afbb5d19-2732-43eb-892e-c2d6c50e3312,MA,Cidelândia,f,0,,0,2025-12-19 20:37:23.35318+00,
f40e2513-0e0d-4bc5-9cb4-06ede5aed50e,MA,Codó,f,0,,0,2025-12-19 20:37:23.35318+00,
d1e332e0-f430-4766-a29f-3f481e3a6666,MA,Coelho Neto,f,0,,0,2025-12-19 20:37:23.35318+00,
8dd164df-e237-49b0-a2fa-9b7fdeb6c04d,MA,Colinas,f,0,,0,2025-12-19 20:37:23.35318+00,
fdfe0e49-d7a1-4069-832b-a36c858f8eb2,MA,Conceição do Lago-Açu,f,0,,0,2025-12-19 20:37:23.35318+00,
2814bf63-e2ae-4e82-8953-e5f0b401ea66,MA,Coroatá,f,0,,0,2025-12-19 20:37:23.35318+00,
52e25789-556b-497f-9019-45abdf18d406,MA,Cururupu,f,0,,0,2025-12-19 20:37:23.35318+00,
30c362fb-b64a-4ad7-80fa-864f22089cb2,MA,Davinópolis,f,0,,0,2025-12-19 20:37:23.35318+00,
e3d9e629-9f86-45e9-9764-030f0da04595,MA,Dom Pedro,f,0,,0,2025-12-19 20:37:23.35318+00,
68c7282e-a9d8-4108-9968-9f2101dac4de,MA,Duque Bacelar,f,0,,0,2025-12-19 20:37:23.35318+00,
1010cdc7-de14-4c0c-8650-c2c050c2ac99,MA,Esperantinópolis,f,0,,0,2025-12-19 20:37:23.35318+00,
580b3fce-6ebf-4dd8-ad51-0544c960b169,MA,Estreito,f,0,,0,2025-12-19 20:37:23.35318+00,
e9eba35c-9e55-4607-ada9-5092fd4bd9f0,MA,Feira Nova do Maranhão,f,0,,0,2025-12-19 20:37:23.35318+00,
f747ca48-b769-486f-9261-b0fb201f6787,MA,Fernando Falcão,f,0,,0,2025-12-19 20:37:23.35318+00,
052a0133-09da-4e9e-9169-4cb2a1f7d619,MA,Formosa da Serra Negra,f,0,,0,2025-12-19 20:37:23.35318+00,
bdd2a1e6-0bac-4a50-99ba-05f10259a6ca,MA,Fortaleza dos Nogueiras,f,0,,0,2025-12-19 20:37:23.35318+00,
106b48df-6912-4748-97ce-0e1c1eedd259,MA,Fortuna,f,0,,0,2025-12-19 20:37:23.35318+00,
76163a23-d4e9-42fb-8723-67536ca1e378,MA,Godofredo Viana,f,0,,0,2025-12-19 20:37:23.35318+00,
dce7684b-7754-4902-bc1d-80f554f46b11,MA,Gonçalves Dias,f,0,,0,2025-12-19 20:37:23.35318+00,
d2d80f38-2449-43e1-9478-9f848fdd2a19,MA,Governador Archer,f,0,,0,2025-12-19 20:37:23.35318+00,
823f1f99-f4d7-4f12-a0a7-096f85d5cca1,MA,Governador Edison Lobão,f,0,,0,2025-12-19 20:37:23.35318+00,
0c6f727a-9d2d-4d41-b950-50a7bfc3fa59,MA,Governador Eugênio Barros,f,0,,0,2025-12-19 20:37:23.35318+00,
b2554d17-58c4-4dfb-a9c0-052e6b66d613,MA,Governador Luiz Rocha,f,0,,0,2025-12-19 20:37:23.35318+00,
5810ccf2-efab-47de-bef6-9936fb6b5321,MA,Governador Newton Bello,f,0,,0,2025-12-19 20:37:23.35318+00,
1b63dfe9-8ba4-49a6-b5d4-5b8f605984dc,MA,Governador Nunes Freire,f,0,,0,2025-12-19 20:37:23.35318+00,
fb6d3bc6-3215-4337-96ff-b46654e121fb,MA,Graça Aranha,f,0,,0,2025-12-19 20:37:23.35318+00,
25458163-6610-4b34-8ece-ff55c475a423,MA,Grajaú,f,0,,0,2025-12-19 20:37:23.35318+00,
e1ed4d79-c039-4669-8a72-290db8e15d63,MA,Guimarães,f,0,,0,2025-12-19 20:37:23.35318+00,
5a7af19f-2a7b-4a21-8ba6-5e28783ad4df,MA,Humberto de Campos,f,0,,0,2025-12-19 20:37:23.35318+00,
4fa50200-5781-4839-9a0d-8b6b21b6dca9,MA,Icatu,f,0,,0,2025-12-19 20:37:23.35318+00,
e83d0387-c456-4adc-badd-a8a49dc00543,MA,Igarapé do Meio,f,0,,0,2025-12-19 20:37:23.35318+00,
a9bbb216-0aa3-4000-a0f2-75859cc06334,MA,Igarapé Grande,f,0,,0,2025-12-19 20:37:23.35318+00,
2206dea2-0268-4cab-bd87-eedb0abe3cc2,MA,Imperatriz,f,0,,0,2025-12-19 20:37:23.35318+00,
2f7a54a0-5ff1-4776-825a-0e1056c5b3b3,MA,Itaipava do Grajaú,f,0,,0,2025-12-19 20:37:23.35318+00,
8e1f50d0-42eb-4db2-bda9-8309ca25b7d6,MA,Itapecuru Mirim,f,0,,0,2025-12-19 20:37:23.35318+00,
1ffea545-0b26-46ca-bf8c-5358f1710d26,MA,Itinga do Maranhão,f,0,,0,2025-12-19 20:37:23.35318+00,
458e92f9-e948-45de-a08b-b21bd0b475ad,MA,Jatobá,f,0,,0,2025-12-19 20:37:23.35318+00,
77d64d50-d600-421f-bc71-1d780cf7949a,MA,Jenipapo dos Vieiras,f,0,,0,2025-12-19 20:37:23.35318+00,
c1864106-e58a-4142-b6fe-8491b8a7a447,MA,João Lisboa,f,0,,0,2025-12-19 20:37:23.35318+00,
0481be41-933a-4c2d-8571-e33e6fc46ff6,MA,Joselândia,f,0,,0,2025-12-19 20:37:23.35318+00,
975867fa-2306-4d53-8d8b-9d5e94a97ad9,MA,Junco do Maranhão,f,0,,0,2025-12-19 20:37:23.35318+00,
cf70cdff-edbf-4561-b48e-6383a2b36c97,MA,Lago da Pedra,f,0,,0,2025-12-19 20:37:23.35318+00,
ec3540eb-d994-40d3-8867-18cb9106b14f,MA,Lago do Junco,f,0,,0,2025-12-19 20:37:23.35318+00,
4ebb74bc-0a10-4db3-9f50-ab554f2a4db1,MA,Lago dos Rodrigues,f,0,,0,2025-12-19 20:37:23.35318+00,
7985680e-9cd1-45a0-b1d8-de18e70091c0,MA,Lago Verde,f,0,,0,2025-12-19 20:37:23.35318+00,
dc8d2dad-9bc3-40b4-a382-d94beb5b95c6,MA,Lagoa do Mato,f,0,,0,2025-12-19 20:37:23.35318+00,
afc8fd1f-b705-4403-8fb5-8e268a027f83,MA,Lagoa Grande do Maranhão,f,0,,0,2025-12-19 20:37:23.35318+00,
5d8aef37-0379-449e-b0a1-419695e973a4,MA,Lajeado Novo,f,0,,0,2025-12-19 20:37:23.35318+00,
0e4c98dd-f3fa-4ace-b4aa-1af01efa0e4a,MA,Lima Campos,f,0,,0,2025-12-19 20:37:23.35318+00,
a0779436-38e1-40dc-8227-c9e2ee6d9df7,MA,Loreto,f,0,,0,2025-12-19 20:37:23.35318+00,
e1cc0290-842d-4e93-8654-3225f3ed8ffb,MA,Luís Domingues,f,0,,0,2025-12-19 20:37:23.35318+00,
1396d29f-5e34-4e29-bf56-486d0307ed6e,MA,Magalhães de Almeida,f,0,,0,2025-12-19 20:37:23.35318+00,
c6a4096b-7fe3-4daf-a5f7-91918a53f13c,MA,Maracaçumé,f,0,,0,2025-12-19 20:37:23.35318+00,
ba24a8b7-2e93-4526-a7e5-881afb129890,MA,Marajá do Sena,f,0,,0,2025-12-19 20:37:23.35318+00,
380e9c76-f36b-4026-b777-5308a5da04b3,MA,Maranhãozinho,f,0,,0,2025-12-19 20:37:23.35318+00,
292c1049-178a-4050-8e29-971edf672cec,MA,Mata Roma,f,0,,0,2025-12-19 20:37:23.35318+00,
649f4409-d700-4bd1-9250-40694feec836,MA,Matinha,f,0,,0,2025-12-19 20:37:23.35318+00,
86b0b9b3-3ad7-43db-aa7c-ba2e6eb86881,MA,Matões,f,0,,0,2025-12-19 20:37:23.35318+00,
fda2ba4a-62cb-4447-9050-5ace6f5b8ece,MA,Matões do Norte,f,0,,0,2025-12-19 20:37:23.35318+00,
d91f20c3-3d16-4147-9068-55bae337f59c,MA,Milagres do Maranhão,f,0,,0,2025-12-19 20:37:23.35318+00,
e83da638-1238-4dd5-88e7-d0a6b298a22a,MA,Mirador,f,0,,0,2025-12-19 20:37:23.35318+00,
6e1bb353-0cbf-45b5-af57-bec5b4e9993a,MA,Miranda do Norte,f,0,,0,2025-12-19 20:37:23.35318+00,
e7334b95-1d9a-415b-a800-8a56617d285c,MA,Mirinzal,f,0,,0,2025-12-19 20:37:23.35318+00,
5b83773f-d1ae-49d9-ad2f-d7c53451c30f,MA,Monção,f,0,,0,2025-12-19 20:37:23.35318+00,
ed87a57e-a71a-4e82-ad40-4de0eee17b4c,MA,Montes Altos,f,0,,0,2025-12-19 20:37:23.35318+00,
7897d355-4e0f-492c-a49b-30eb899d423e,MA,Morros,f,0,,0,2025-12-19 20:37:23.35318+00,
2a26ab75-3530-4312-9c35-553492c422b8,MA,Nina Rodrigues,f,0,,0,2025-12-19 20:37:23.35318+00,
e89d50be-a60e-41d4-8e02-0205e16d3a6a,MA,Nova Colinas,f,0,,0,2025-12-19 20:37:23.35318+00,
a5716dc9-dc89-4d79-a42c-5518eccd0862,MA,Nova Iorque,f,0,,0,2025-12-19 20:37:23.35318+00,
d96a6c67-4388-4a72-900a-53b5a7e8581f,MA,Nova Olinda do Maranhão,f,0,,0,2025-12-19 20:37:23.35318+00,
cb5f8570-c0bf-45cd-bccf-90c891d1e323,MA,Olho d'Água das Cunhãs,f,0,,0,2025-12-19 20:37:23.35318+00,
24c9b620-8680-45c0-80b3-7f6429c2d4ad,MA,Olinda Nova do Maranhão,f,0,,0,2025-12-19 20:37:23.35318+00,
337ab340-de40-45ef-8a6d-58ee8379a9f3,MA,Paço do Lumiar,f,0,,0,2025-12-19 20:37:23.35318+00,
b3534ec2-9ea4-42f4-b374-f00ecdce01d0,MA,Palmeirândia,f,0,,0,2025-12-19 20:37:23.35318+00,
e2db708d-e907-404f-b617-cb59025900f4,MA,Paraibano,f,0,,0,2025-12-19 20:37:23.35318+00,
2be7fb6c-18da-4480-85b5-1b2721ddb649,MA,Parnarama,f,0,,0,2025-12-19 20:37:23.35318+00,
d55f0692-c671-48d7-a084-b0dfd290bc1b,MA,Passagem Franca,f,0,,0,2025-12-19 20:37:23.35318+00,
b6a03dff-9063-4ce9-9f02-f88ee8335e3c,MA,Pastos Bons,f,0,,0,2025-12-19 20:37:23.35318+00,
fef17f1b-62f9-499d-95dd-dbcdc8141c1d,MA,Paulino Neves,f,0,,0,2025-12-19 20:37:23.35318+00,
9a59e6e0-3a9b-4e3b-a428-ba009f08d795,MA,Paulo Ramos,f,0,,0,2025-12-19 20:37:23.35318+00,
a504cb6b-2963-49cf-bc13-33c8adf47a3e,MA,Pedreiras,f,0,,0,2025-12-19 20:37:23.35318+00,
48fc4b8a-e546-4551-9fed-d781a0aca361,MA,Pedro do Rosário,f,0,,0,2025-12-19 20:37:23.35318+00,
ff99a0c6-5b3f-4c75-91b9-528ec04d372e,MA,Penalva,f,0,,0,2025-12-19 20:37:23.35318+00,
a07b13f1-0a4c-4d61-bcf0-d5aa1cba6f62,MA,Peri Mirim,f,0,,0,2025-12-19 20:37:23.35318+00,
00dd1b07-bab1-4293-ae2f-6c7d0767631b,MA,Peritoró,f,0,,0,2025-12-19 20:37:23.35318+00,
8ff3ceb2-6e22-4967-9ff0-674089befd85,MA,Pindaré-Mirim,f,0,,0,2025-12-19 20:37:23.35318+00,
832f2636-ef33-494f-8594-8cefcc334051,MA,Pinheiro,f,0,,0,2025-12-19 20:37:23.35318+00,
990bf002-f750-4ac9-b47b-2afa3dca4399,MA,Pio XII,f,0,,0,2025-12-19 20:37:23.35318+00,
97b24531-7152-42a7-9f6c-4abfaba7a8cf,MA,Pirapemas,f,0,,0,2025-12-19 20:37:23.35318+00,
58509193-1224-4d53-8ce1-77c0f7272148,MA,Poção de Pedras,f,0,,0,2025-12-19 20:37:23.35318+00,
835eaef4-4688-4819-a61a-3e8b1ecc774a,MA,Porto Franco,f,0,,0,2025-12-19 20:37:23.35318+00,
3e774855-4e68-4aec-8621-97f4a33de512,MA,Porto Rico do Maranhão,f,0,,0,2025-12-19 20:37:23.35318+00,
ec530ecb-d093-4aee-be87-7854e5ed2ab9,MA,Presidente Dutra,f,0,,0,2025-12-19 20:37:23.35318+00,
90e91ef5-0d80-4a97-8c84-9b33ce4c0402,MA,Presidente Juscelino,f,0,,0,2025-12-19 20:37:23.35318+00,
d69d264c-2ee3-4f39-ba76-f5aeff41cc43,MA,Presidente Médici,f,0,,0,2025-12-19 20:37:23.35318+00,
d389d90f-080e-458e-93a2-faaab0eb0432,MA,Presidente Sarney,f,0,,0,2025-12-19 20:37:23.35318+00,
ac8b2863-f3ee-4bde-a047-a9f08302920d,MA,Presidente Vargas,f,0,,0,2025-12-19 20:37:23.35318+00,
fc809534-0cf3-4a39-b953-6d6dcdc45d93,MA,Primeira Cruz,f,0,,0,2025-12-19 20:37:23.35318+00,
1beeee8b-0b7f-4cce-a21a-eac4300621ae,MA,Raposa,f,0,,0,2025-12-19 20:37:23.35318+00,
d94a5454-7f09-441b-9ab7-7778ffdbf01c,MA,Riachão,f,0,,0,2025-12-19 20:37:23.35318+00,
fe24fee6-2be3-4c7f-a922-7a11d2e811db,MA,Ribamar Fiquene,f,0,,0,2025-12-19 20:37:23.35318+00,
723ecf24-6365-41dd-ba79-2d9acabb56ff,MA,Rosário,f,0,,0,2025-12-19 20:37:23.35318+00,
fa296664-a8fa-441e-b1a6-3a043c27532d,MA,Sambaíba,f,0,,0,2025-12-19 20:37:23.35318+00,
0931a97b-0372-433d-aa0c-fa4b93077f6b,MA,Santa Filomena do Maranhão,f,0,,0,2025-12-19 20:37:23.35318+00,
8e781e31-e1bc-4eeb-a244-718b117e6ece,MA,Santa Helena,f,0,,0,2025-12-19 20:37:23.35318+00,
0fa63146-002c-4c86-b8b3-efc063156dd6,MA,Santa Inês,f,0,,0,2025-12-19 20:37:23.35318+00,
29740173-76d3-449d-b4e8-5305fdfaa0e1,MA,Santa Luzia,f,0,,0,2025-12-19 20:37:23.35318+00,
40fa5940-b4cd-4e34-9ffd-51907bff615c,MA,Santa Luzia do Paruá,f,0,,0,2025-12-19 20:37:23.35318+00,
343757a2-8280-426e-a251-8a40bed035e1,MA,Santa Quitéria do Maranhão,f,0,,0,2025-12-19 20:37:23.35318+00,
85915e5d-69a6-4009-a8f2-eea65059341e,MA,Santa Rita,f,0,,0,2025-12-19 20:37:23.35318+00,
507abf71-c0d9-4112-87c3-74b40b6b4ebf,MA,Santana do Maranhão,f,0,,0,2025-12-19 20:37:23.35318+00,
54f94196-c3a7-47b6-8287-88bbb06e3a3b,MA,Santo Amaro do Maranhão,f,0,,0,2025-12-19 20:37:23.35318+00,
a8eed991-fd17-40f7-9aa3-0c03dd611e00,MA,Santo Antônio dos Lopes,f,0,,0,2025-12-19 20:37:23.35318+00,
82f95ace-133c-405f-a1bb-774dc40608e0,MA,São Benedito do Rio Preto,f,0,,0,2025-12-19 20:37:23.35318+00,
61994316-9ed2-48ba-9cc8-ce1ab3a31032,MA,São Bento,f,0,,0,2025-12-19 20:37:23.35318+00,
0f20d177-82f1-40d7-a98b-b941d9743fef,MA,São Bernardo,f,0,,0,2025-12-19 20:37:23.35318+00,
34e431e6-82e9-4e6b-81ef-e0c6eedab7c4,MA,São Domingos do Azeitão,f,0,,0,2025-12-19 20:37:23.35318+00,
d6f57f96-4020-4757-80a1-cd3094c32d87,MA,São Domingos do Maranhão,f,0,,0,2025-12-19 20:37:23.35318+00,
f9752d1a-f5e5-445f-982a-01ecd7668115,MA,São Félix de Balsas,f,0,,0,2025-12-19 20:37:23.35318+00,
7a2a2383-17a0-46e3-a5b1-47958442bd41,MA,São Francisco do Brejão,f,0,,0,2025-12-19 20:37:23.35318+00,
ac858dcb-9d42-4613-a7cb-6ba3c0c9de92,MA,São Francisco do Maranhão,f,0,,0,2025-12-19 20:37:23.35318+00,
da86a948-d1ef-4489-be07-7d3758084f71,MA,São João Batista,f,0,,0,2025-12-19 20:37:23.35318+00,
5e1fff6e-b2b5-4fb1-9d95-3fee32bb02eb,MA,São João do Carú,f,0,,0,2025-12-19 20:37:23.35318+00,
165bf27f-23d4-48f5-889f-5f04fa6f1bcd,MA,São João do Paraíso,f,0,,0,2025-12-19 20:37:23.35318+00,
5b6f82d5-9174-4549-a700-bf912535be07,MA,São João do Soter,f,0,,0,2025-12-19 20:37:23.35318+00,
c73512e5-7a64-41df-a5f2-0378f3ade2f8,MA,São João dos Patos,f,0,,0,2025-12-19 20:37:23.35318+00,
a2c517ed-2df4-4e7f-8e64-1f1af6dac5bc,MA,São José de Ribamar,f,0,,0,2025-12-19 20:37:23.35318+00,
c8a29690-8333-4629-837d-2d401fe61d6a,MA,São José dos Basílios,f,0,,0,2025-12-19 20:37:23.35318+00,
acdd581b-919f-4b97-89cd-1f6805df9455,MA,São Luís,f,0,,0,2025-12-19 20:37:23.35318+00,
15fdcf94-a938-4182-8abf-cfedc76681e9,MA,São Luís Gonzaga do Maranhão,f,0,,0,2025-12-19 20:37:23.35318+00,
a506d178-b3a9-4016-889a-db8cee4d995f,MA,São Mateus do Maranhão,f,0,,0,2025-12-19 20:37:23.35318+00,
2cafdd97-ff84-402a-9de1-886535ec2c71,MA,São Pedro da Água Branca,f,0,,0,2025-12-19 20:37:23.35318+00,
bc66077c-8f41-464d-ab6e-e3fc143a0778,MA,São Pedro dos Crentes,f,0,,0,2025-12-19 20:37:23.35318+00,
bff0cf6b-5ec7-44f5-8c56-504d57fad5df,MA,São Raimundo das Mangabeiras,f,0,,0,2025-12-19 20:37:23.35318+00,
60f8f2ff-ab5f-40ff-b6e1-42d0d7e89192,MA,São Raimundo do Doca Bezerra,f,0,,0,2025-12-19 20:37:23.35318+00,
3a84cf1e-c5ad-4651-8231-f84c0787ac04,MA,São Roberto,f,0,,0,2025-12-19 20:37:23.35318+00,
3a29c82f-178d-4a73-bffb-751bdb81ab17,MA,São Vicente Ferrer,f,0,,0,2025-12-19 20:37:23.35318+00,
c13ce240-9621-40a4-ad20-e91a4b84ce9b,MA,Satubinha,f,0,,0,2025-12-19 20:37:23.35318+00,
077ccc64-fa86-45fc-b3c1-32f07e9f1e39,MA,Senador Alexandre Costa,f,0,,0,2025-12-19 20:37:23.35318+00,
6e2756f4-4ccb-494e-b336-11299f8ab277,MA,Senador La Rocque,f,0,,0,2025-12-19 20:37:23.35318+00,
e108d75e-7ae3-4288-9de0-aa68b4808b6f,MA,Serrano do Maranhão,f,0,,0,2025-12-19 20:37:23.35318+00,
2c0419da-1ee2-4ab5-bc99-d46947a69431,MA,Sítio Novo,f,0,,0,2025-12-19 20:37:23.35318+00,
1a0935ed-a8b3-4c4c-bb26-9e83b4f1e586,MA,Sucupira do Norte,f,0,,0,2025-12-19 20:37:23.35318+00,
5d23c8ec-84fd-4bf6-9a81-ec57f4b9b0e2,MA,Sucupira do Riachão,f,0,,0,2025-12-19 20:37:23.35318+00,
dc70e61f-8dbe-4764-b4cf-c3e6f03f0fc0,MA,Tasso Fragoso,f,0,,0,2025-12-19 20:37:23.35318+00,
ce2c8d9c-0f53-4940-b12e-f1a77fc56423,MA,Timbiras,f,0,,0,2025-12-19 20:37:23.35318+00,
1d18adba-b268-4308-bcb9-fb5dd52b2fc8,MA,Timon,f,0,,0,2025-12-19 20:37:23.35318+00,
d22b08e9-1975-414f-a696-af7a2a00962d,MA,Trizidela do Vale,f,0,,0,2025-12-19 20:37:23.35318+00,
8593421d-09df-48dd-a1e6-002f2ac9ab8c,MA,Tufilândia,f,0,,0,2025-12-19 20:37:23.35318+00,
5d5e9952-9bb2-47a2-b4ca-8928b849f61c,MA,Tuntum,f,0,,0,2025-12-19 20:37:23.35318+00,
f383cd4d-4c3a-48cd-bdf9-be36b03dd75c,MA,Turiaçu,f,0,,0,2025-12-19 20:37:23.35318+00,
04f20a77-ea50-4042-8fa8-86c8ca0b5297,MA,Turilândia,f,0,,0,2025-12-19 20:37:23.35318+00,
14083e6d-127c-4097-a544-b528a1ec9235,MA,Tutóia,f,0,,0,2025-12-19 20:37:23.35318+00,
fd15b0f9-f9a6-4c3e-8f4a-9f6581e21294,MA,Urbano Santos,f,0,,0,2025-12-19 20:37:23.35318+00,
e89c9de4-3ddd-4d00-8ada-59aafa8ecde4,MA,Vargem Grande,f,0,,0,2025-12-19 20:37:23.35318+00,
305c84b5-2cef-465e-b0a2-ae9b7a32f7b2,MA,Viana,f,0,,0,2025-12-19 20:37:23.35318+00,
06b458d3-7fea-406e-ab44-d377bcda626b,MA,Vila Nova dos Martírios,f,0,,0,2025-12-19 20:37:23.35318+00,
7f1f9d2d-f0ca-4668-962d-f71ab154433b,MA,Vitória do Mearim,f,0,,0,2025-12-19 20:37:23.35318+00,
7c26aa97-4cfc-4b55-849f-655880db3af5,MA,Vitorino Freire,f,0,,0,2025-12-19 20:37:23.35318+00,
0e459b55-2db4-40b6-802d-1da96b33c846,MA,Zé Doca,f,0,,0,2025-12-19 20:37:23.35318+00,
362788f9-e986-4a35-be37-b79605fd19ca,MT,Acorizal,f,0,,0,2025-12-19 20:37:23.35318+00,
d2d33269-0975-423d-a48d-b58837de525b,MT,Água Boa,f,0,,0,2025-12-19 20:37:23.35318+00,
97f40f5f-75f5-4150-bbbb-5eae7563f843,MT,Alta Floresta,f,0,,0,2025-12-19 20:37:23.35318+00,
81d7e40a-b0dd-4c81-b024-cead64907aa5,MT,Alto Araguaia,f,0,,0,2025-12-19 20:37:23.35318+00,
e698a063-2c27-42ef-819b-e89534d10934,MT,Alto Boa Vista,f,0,,0,2025-12-19 20:37:23.35318+00,
1d6c5704-8ed3-4cfe-8852-a873d8619728,MT,Alto Garças,f,0,,0,2025-12-19 20:37:23.35318+00,
b04fde34-9f53-4e5c-8a86-a08fa56fe240,MT,Alto Paraguai,f,0,,0,2025-12-19 20:37:23.35318+00,
1da7bbda-afba-453f-9b6d-8468dd12dd10,MT,Alto Taquari,f,0,,0,2025-12-19 20:37:23.35318+00,
8be87902-ac5f-431c-8738-32f58f530a12,MT,Apiacás,f,0,,0,2025-12-19 20:37:23.35318+00,
7860d91a-a07f-4d36-890b-0ed330d948d9,MT,Araguaiana,f,0,,0,2025-12-19 20:37:23.35318+00,
4263f3a6-d541-4c35-b95f-96753e01a906,MT,Araguainha,f,0,,0,2025-12-19 20:37:23.35318+00,
c06b9de2-3d6c-4cbd-9677-7d9514ca405a,MT,Araputanga,f,0,,0,2025-12-19 20:37:23.35318+00,
b7abe794-397a-49bf-b79c-b3977d5895f0,MT,Arenápolis,f,0,,0,2025-12-19 20:37:23.35318+00,
98baea40-8c86-49d8-b541-20527bc776cf,MT,Aripuanã,f,0,,0,2025-12-19 20:37:23.35318+00,
478ac1ff-074d-4665-8e76-51b5c27d0cb4,MT,Barão de Melgaço,f,0,,0,2025-12-19 20:37:23.35318+00,
d813d997-5953-4279-9154-71b9b3cd1bd2,MT,Barra do Bugres,f,0,,0,2025-12-19 20:37:23.35318+00,
1afa63cc-ee4f-48ed-8d20-134dde048a2e,MT,Barra do Garças,f,0,,0,2025-12-19 20:37:23.35318+00,
51f605ad-869d-4f4c-9f13-f6e9fb9ca525,MT,Bom Jesus do Araguaia,f,0,,0,2025-12-19 20:37:23.35318+00,
6c87b7c4-2dd1-4518-b83e-2eb83129f83a,MT,Brasnorte,f,0,,0,2025-12-19 20:37:23.35318+00,
a41d4776-e191-488f-8743-c4c78f581cb8,MT,Cáceres,f,0,,0,2025-12-19 20:37:23.35318+00,
d0e664c9-f71f-47a0-9956-0e45273ec237,MT,Campinápolis,f,0,,0,2025-12-19 20:37:23.35318+00,
b3937c92-7cbe-4e38-890c-04cc85ba1a4f,MT,Campo Novo do Parecis,f,0,,0,2025-12-19 20:37:23.35318+00,
44aa7189-07b4-433b-8c57-4054b0f8e380,MT,Campo Verde,f,0,,0,2025-12-19 20:37:23.35318+00,
7002fc04-dcba-4e4b-b109-d758e6bc5b5e,MT,Campos de Júlio,f,0,,0,2025-12-19 20:37:23.35318+00,
56917bc2-15ab-4a7d-b2ed-23adb0aea2ef,MT,Canabrava do Norte,f,0,,0,2025-12-19 20:37:23.35318+00,
2e0c22a7-a62b-4946-91d5-8ae126f2b36e,MT,Canarana,f,0,,0,2025-12-19 20:37:23.35318+00,
b4d546e0-453f-4601-a872-2b8db19d9f54,MT,Carlinda,f,0,,0,2025-12-19 20:37:23.35318+00,
7a6b33b7-8074-495b-88a6-97855f0de58d,MT,Castanheira,f,0,,0,2025-12-19 20:37:23.35318+00,
e2febd77-1ca6-4e1c-93b3-4802e830c1d6,MT,Chapada dos Guimarães,f,0,,0,2025-12-19 20:37:23.35318+00,
a8b7c45b-57d7-4227-b90e-d565e91dda1c,MT,Cláudia,f,0,,0,2025-12-19 20:37:23.35318+00,
e881fb42-c0f2-476d-a645-7abcbaee9fb0,MT,Cocalinho,f,0,,0,2025-12-19 20:37:23.35318+00,
1c018d94-da8f-43b2-8257-6dd3d248deed,MT,Colíder,f,0,,0,2025-12-19 20:37:23.35318+00,
041af9ca-0bdf-4ebf-a766-5cede0957eda,MT,Colniza,f,0,,0,2025-12-19 20:37:23.35318+00,
536948af-76a7-4459-8151-c2ed387eebd2,MT,Comodoro,f,0,,0,2025-12-19 20:37:23.35318+00,
84e72312-640c-4354-b16b-850d7cb4fe56,MT,Confresa,f,0,,0,2025-12-19 20:37:23.35318+00,
26134cdf-0a25-44c2-a1f4-8a782348b421,MT,Conquista D'Oeste,f,0,,0,2025-12-19 20:37:23.35318+00,
2ef1b699-82e9-47c1-a775-82500d481650,MT,Cotriguaçu,f,0,,0,2025-12-19 20:37:23.35318+00,
c635848f-7290-4c9f-be25-40084604bf93,MT,Cuiabá,f,0,,0,2025-12-19 20:37:23.35318+00,
441bb79e-4a57-4ee7-b1c9-83c8f5745cc1,MT,Curvelândia,f,0,,0,2025-12-19 20:37:23.35318+00,
de468524-1641-4914-bac4-a7ff17280551,MT,Denise,f,0,,0,2025-12-19 20:37:23.35318+00,
a552ac70-a5a6-4aed-b24c-bb17a6e6d217,MT,Diamantino,f,0,,0,2025-12-19 20:37:23.35318+00,
cfe21ccc-8345-474d-b5c0-a29afebcbaf2,MT,Dom Aquino,f,0,,0,2025-12-19 20:37:23.35318+00,
868bd273-7766-48be-972f-6eee33a09eec,MT,Feliz Natal,f,0,,0,2025-12-19 20:37:23.35318+00,
0ed1fd7b-4908-43d4-8e9b-1fa5a73cfa6a,MT,Figueirópolis D'Oeste,f,0,,0,2025-12-19 20:37:23.35318+00,
043d266f-0224-48c9-898d-169e6da31266,MT,Gaúcha do Norte,f,0,,0,2025-12-19 20:37:23.35318+00,
b4bbc99d-e187-4798-89cd-964f8ab73684,MT,General Carneiro,f,0,,0,2025-12-19 20:37:23.35318+00,
4b15655c-8973-4db0-87cd-ec87280e4e33,MT,Glória D'Oeste,f,0,,0,2025-12-19 20:37:23.35318+00,
7e6184d7-4c7d-4982-a065-89686a895208,MT,Guarantã do Norte,f,0,,0,2025-12-19 20:37:23.35318+00,
f19afd76-5979-47d1-91e2-8827b4c5c36a,MT,Guiratinga,f,0,,0,2025-12-19 20:37:23.35318+00,
6596060f-2268-466d-a096-571a9619247c,MT,Indiavaí,f,0,,0,2025-12-19 20:37:23.35318+00,
6a896401-f6ea-439b-9a07-a264803ade17,MT,Ipiranga do Norte,f,0,,0,2025-12-19 20:37:23.35318+00,
ba361930-c1e4-4ff1-9db2-63e7ac423d5d,MT,Itanhangá,f,0,,0,2025-12-19 20:37:23.35318+00,
3a7e12c1-6aed-4329-a757-2346d6cd2882,MT,Itaúba,f,0,,0,2025-12-19 20:37:23.35318+00,
b9a38a52-e03f-4574-b1a0-6b7160ea448c,MT,Itiquira,f,0,,0,2025-12-19 20:37:23.35318+00,
536ee325-e91e-44cc-860d-0756a0318c1f,MT,Jaciara,f,0,,0,2025-12-19 20:37:23.35318+00,
ead16165-c6a6-4494-9e48-9dd057c70ee6,MT,Jangada,f,0,,0,2025-12-19 20:37:23.35318+00,
d12e1168-0463-42bd-97cd-3f73997749fb,MT,Jauru,f,0,,0,2025-12-19 20:37:23.35318+00,
32a7fe08-3659-4ea2-855b-7099d1c69af9,MT,Juara,f,0,,0,2025-12-19 20:37:23.35318+00,
98b82579-1915-432c-b382-4c09f7b82bd9,MT,Juína,f,0,,0,2025-12-19 20:37:23.35318+00,
83fdcab8-2fd2-48bf-a63c-b91caa210269,MT,Juruena,f,0,,0,2025-12-19 20:37:23.35318+00,
03afb220-de18-4743-be5b-e4b954414d5b,MT,Juscimeira,f,0,,0,2025-12-19 20:37:23.35318+00,
e837b6e1-09fa-46a4-8bc0-4e499afea895,MT,Lambari D'Oeste,f,0,,0,2025-12-19 20:37:23.35318+00,
ac75d73e-97ab-45a1-9f2b-a64d2d50c701,MT,Lucas do Rio Verde,f,0,,0,2025-12-19 20:37:23.35318+00,
a82f71d1-ee9f-409c-a615-013bfb3df175,MT,Luciára,f,0,,0,2025-12-19 20:37:23.35318+00,
f0df1cf3-2112-4eff-affc-abab12a05089,MT,Marcelândia,f,0,,0,2025-12-19 20:37:23.35318+00,
63177ecd-a089-4aaf-831a-1b803da4c5ad,MT,Matupá,f,0,,0,2025-12-19 20:37:23.35318+00,
a737cebd-9d56-4a6c-bc12-f07d345f2ad3,MT,Mirassol d'Oeste,f,0,,0,2025-12-19 20:37:23.35318+00,
c7d48403-4705-4df4-9105-fd599370a067,MT,Nobres,f,0,,0,2025-12-19 20:37:23.35318+00,
1cc2a9e1-2684-4095-9625-4da16d359131,MT,Nortelândia,f,0,,0,2025-12-19 20:37:23.35318+00,
479692e7-53a5-4e7d-8a2f-4649ee0334a9,MT,Nossa Senhora do Livramento,f,0,,0,2025-12-19 20:37:23.35318+00,
ea6f4dfb-e9bd-4e30-8eaa-9afccd047d06,MT,Nova Bandeirantes,f,0,,0,2025-12-19 20:37:23.35318+00,
9ac79625-243c-4b8d-9cf7-11cd37c9f588,MT,NovaBrasilândia,f,0,,0,2025-12-19 20:37:23.35318+00,
68925670-62d6-47ad-ab9e-59d01e4cbd81,MT,Nova Canaã do Norte,f,0,,0,2025-12-19 20:37:23.35318+00,
0236e558-9e05-475a-88ed-c3fd743eb970,MT,Nova Guarita,f,0,,0,2025-12-19 20:37:23.35318+00,
0bfa8156-c10c-44df-bed2-190e9ef2449a,MT,Nova Lacerda,f,0,,0,2025-12-19 20:37:23.35318+00,
84a83265-c44e-48c9-a16d-9434a71bbe11,MT,Nova Marilândia,f,0,,0,2025-12-19 20:37:23.35318+00,
89247064-16aa-403a-8899-7e1d9545ea3e,MT,Nova Maringá,f,0,,0,2025-12-19 20:37:23.35318+00,
133fc0f1-6a03-4248-ae7f-950072735bdf,MT,Nova Monte Verde,f,0,,0,2025-12-19 20:37:23.35318+00,
56dcc2e1-ec85-4c7b-93bc-ff1772eb7882,MT,Nova Mutum,f,0,,0,2025-12-19 20:37:23.35318+00,
c57e38bf-9a1f-44de-a0e1-dada81cd22b6,MT,Nova Nazaré,f,0,,0,2025-12-19 20:37:23.35318+00,
2b3b5734-4db0-4590-9031-65a215c78898,MT,Nova Olímpia,f,0,,0,2025-12-19 20:37:23.35318+00,
74aba2d7-26ae-47f1-8d72-a96ec4a4f501,MT,Nova Santa Helena,f,0,,0,2025-12-19 20:37:23.35318+00,
cb6061f3-8d65-4447-b2a1-ed21070a1b28,MT,Nova Ubiratã,f,0,,0,2025-12-19 20:37:23.35318+00,
70e29e93-3cf7-436f-9b65-87ee204ba3f9,MT,Nova Xavantina,f,0,,0,2025-12-19 20:37:23.35318+00,
5afe7a4f-8f39-47a8-86dc-cc1161c54658,MT,Novo Horizonte do Norte,f,0,,0,2025-12-19 20:37:23.35318+00,
236a4f37-4d58-4c80-bb3f-03264632d63e,MT,Novo Mundo,f,0,,0,2025-12-19 20:37:23.35318+00,
0e55f874-be53-4538-983b-82abaaa5f919,MT,Novo Santo Antônio,f,0,,0,2025-12-19 20:37:23.35318+00,
f25d55de-0b9c-47ff-896a-9892f19c31ee,MT,Novo São Joaquim,f,0,,0,2025-12-19 20:37:23.35318+00,
e187d48a-44ef-4123-b973-f65c439fc24d,MT,Paranaíta,f,0,,0,2025-12-19 20:37:23.35318+00,
4f95f5fb-10e5-4ac2-983b-11257b17501f,MT,Paranatinga,f,0,,0,2025-12-19 20:37:23.35318+00,
40f97991-2d9d-435d-9368-270e65b00c1b,MT,Pedra Preta,f,0,,0,2025-12-19 20:37:23.35318+00,
60b9a09f-4755-47a6-842f-657aa08f046e,MT,Peixoto de Azevedo,f,0,,0,2025-12-19 20:37:23.35318+00,
b3dddc49-5b67-4c65-8aff-bf1f90abebac,MT,Planalto da Serra,f,0,,0,2025-12-19 20:37:23.35318+00,
b8ac010d-b87a-4283-8c26-8dc553d359b9,MT,Poconé,f,0,,0,2025-12-19 20:37:23.35318+00,
2cc61196-b608-4acf-8fd8-0ab4e9ec1746,MT,Pontal do Araguaia,f,0,,0,2025-12-19 20:37:23.35318+00,
4d808ff4-246a-4602-a579-867f6e7a75e6,MT,Ponte Branca,f,0,,0,2025-12-19 20:37:23.35318+00,
f67355a3-dfb1-4563-b4c9-ad017e42346f,MT,Pontes e Lacerda,f,0,,0,2025-12-19 20:37:23.35318+00,
b58b386a-fb36-49c0-9804-58924669558b,MT,Porto Alegre do Norte,f,0,,0,2025-12-19 20:37:23.35318+00,
ae65b214-9778-4a95-8cf5-8cefcb4d2c1a,MT,Porto dos Gaúchos,f,0,,0,2025-12-19 20:37:23.35318+00,
08a1c6ab-eb6b-4208-ba80-9b725406416c,MT,Porto Esperidião,f,0,,0,2025-12-19 20:37:23.35318+00,
c56934f8-66fa-41ff-b095-679c32879d21,MT,Porto Estrela,f,0,,0,2025-12-19 20:37:23.35318+00,
ab4d1940-6f00-43f4-9239-b237714e1eb8,MT,Poxoréu,f,0,,0,2025-12-19 20:37:23.35318+00,
155b654b-c4f7-4a53-930f-73bd3effe3a9,MT,Primavera do Leste,f,0,,0,2025-12-19 20:37:23.35318+00,
9dd987f7-0b15-4ac7-9202-18857ada2cd4,MT,Querência,f,0,,0,2025-12-19 20:37:23.35318+00,
528dfa10-3c0b-4606-af6b-422f1a4164ab,MT,Reserva do Cabaçal,f,0,,0,2025-12-19 20:37:23.35318+00,
f9c1a6b3-0068-4c5f-ab3e-46634703a036,MT,Ribeirão Cascalheira,f,0,,0,2025-12-19 20:37:23.35318+00,
1a9bc336-027a-456f-accc-6c548a2c9133,MT,Ribeirãozinho,f,0,,0,2025-12-19 20:37:23.35318+00,
b3c33437-cd45-4880-b336-613be5af964d,MT,Rio Branco,f,0,,0,2025-12-19 20:37:23.35318+00,
020c47eb-2d81-49fa-badd-641365510110,MT,Rondolândia,f,0,,0,2025-12-19 20:37:23.35318+00,
8a133353-5592-4e6b-8672-7eb2560e9b48,MT,Rondonópolis,f,0,,0,2025-12-19 20:37:23.35318+00,
6873464c-30b8-411f-9161-655251b8c30e,MT,Rosário Oeste,f,0,,0,2025-12-19 20:37:23.35318+00,
7cf703b2-ffa1-4808-b5fd-a7c03d2bf1ea,MT,Salto do Céu,f,0,,0,2025-12-19 20:37:23.35318+00,
c5ab8411-5b2e-49d1-81e2-261899e7f45a,MT,Santa Carmem,f,0,,0,2025-12-19 20:37:23.35318+00,
bffb7604-e959-4af4-a569-b0f31eb3cc55,MT,Santa Cruz do Xingu,f,0,,0,2025-12-19 20:37:23.35318+00,
2d287d3c-36e1-4d05-ba36-74407cc7af5b,MT,Santa Rita do Trivelato,f,0,,0,2025-12-19 20:37:23.35318+00,
4cb0a3d3-f0c1-478f-8d1a-f4269994af89,MT,Santa Terezinha,f,0,,0,2025-12-19 20:37:23.35318+00,
3cd9d7d3-3bbf-4bd8-8b40-8a2f094ef7c4,MT,Santo Afonso,f,0,,0,2025-12-19 20:37:23.35318+00,
336bbc3d-e092-4199-920d-88acb8616faf,MT,Santo Antônio do Leste,f,0,,0,2025-12-19 20:37:23.35318+00,
139402ec-9d6c-4098-b5c5-82f0d02b1f58,MT,Santo Antônio do Leverger,f,0,,0,2025-12-19 20:37:23.35318+00,
23000ee1-a0d6-468a-8958-5c5b5a956d5f,MT,São Félix do Araguaia,f,0,,0,2025-12-19 20:37:23.35318+00,
d62a0743-a3a5-4ad8-ab3e-7ba30dd29a68,MT,São José do Povo,f,0,,0,2025-12-19 20:37:23.35318+00,
6d38d9b0-a96d-4bd1-8b99-be8711a9953b,MT,São José do Rio Claro,f,0,,0,2025-12-19 20:37:23.35318+00,
ea6c2d26-1f2d-4571-a11f-33a58cc371ed,MT,São José do Xingu,f,0,,0,2025-12-19 20:37:23.35318+00,
3deca97b-f155-405d-a76a-2145ca4d6706,MT,São José dos Quatro Marcos,f,0,,0,2025-12-19 20:37:23.35318+00,
53504bb7-923f-41f2-9801-d600e32df098,MT,São Pedro da Cipa,f,0,,0,2025-12-19 20:37:23.35318+00,
66272463-b31b-47ef-b63f-3f19569c0ea2,MT,Sapezal,f,0,,0,2025-12-19 20:37:23.35318+00,
3d1ccafc-17ed-41c6-a79a-e0f2508990ad,MT,Serra Nova Dourada,f,0,,0,2025-12-19 20:37:23.35318+00,
206fbca0-354a-481d-a275-85de02f82917,MT,Sinop,f,0,,0,2025-12-19 20:37:23.35318+00,
1858c67c-b24d-461d-88de-222928f518d8,MT,Sorriso,f,0,,0,2025-12-19 20:37:23.35318+00,
5c8820a8-723b-4f79-8dab-ef92e278eced,MT,Tabaporã,f,0,,0,2025-12-19 20:37:23.35318+00,
05f94d34-2879-4bab-86b6-b56dc1bd0b45,MT,Tangará da Serra,f,0,,0,2025-12-19 20:37:23.35318+00,
1c0079c4-265f-4a97-927e-3f6ad3ef4f74,MT,Tapurah,f,0,,0,2025-12-19 20:37:23.35318+00,
95c7ebdb-de6f-463a-9f26-e97505c6edf6,MT,Terra Nova do Norte,f,0,,0,2025-12-19 20:37:23.35318+00,
45f31996-967f-421e-9649-d3ea491e949d,MT,Tesouro,f,0,,0,2025-12-19 20:37:23.35318+00,
26739483-8a89-4717-942c-e569292c14b3,MT,Torixoréu,f,0,,0,2025-12-19 20:37:23.35318+00,
376f1aa3-7f00-40f0-bef6-ec4b3ebd059b,MT,União do Sul,f,0,,0,2025-12-19 20:37:23.35318+00,
db08ec00-482c-40cd-99d6-d15d2e1f6d88,MT,Vale de São Domingos,f,0,,0,2025-12-19 20:37:23.35318+00,
5409a989-66fc-4c04-8a86-ca0baf09a9f5,MT,Várzea Grande,f,0,,0,2025-12-19 20:37:23.35318+00,
348780be-404a-401d-9d14-c2fe50997208,MT,Vera,f,0,,0,2025-12-19 20:37:23.35318+00,
f3c256f8-e608-4e0a-8be8-5c5134e75397,MT,Vila Bela da Santíssima Trindade,f,0,,0,2025-12-19 20:37:23.35318+00,
613aa25c-67d3-45cf-a8b0-883c8d53b6e0,MT,Vila Rica,f,0,,0,2025-12-19 20:37:23.35318+00,
aaf77c01-1339-47fd-a6d3-7f2380155063,MS,Água Clara,f,0,,0,2025-12-19 20:37:23.35318+00,
7cf3116d-52ba-4e39-a34b-0aac9821d4a1,MS,Alcinópolis,f,0,,0,2025-12-19 20:37:23.35318+00,
f835dfd3-1ff0-4d95-878a-71c6430cda9e,MS,Amambai,f,0,,0,2025-12-19 20:37:23.35318+00,
9adaa834-52aa-474f-9e13-7900eacd4b45,MS,Anastácio,f,0,,0,2025-12-19 20:37:23.35318+00,
3c723078-5bb1-41ad-8d23-338d9034d817,MS,Anaurilândia,f,0,,0,2025-12-19 20:37:23.35318+00,
3111f69b-8e62-4585-b3cf-7795d7163d40,MS,Angélica,f,0,,0,2025-12-19 20:37:23.35318+00,
a4fd1d53-90e9-4249-bae1-40476eb4f921,MS,Antônio João,f,0,,0,2025-12-19 20:37:23.35318+00,
970a48fa-6fc5-49ec-a6b1-80fd0eab4d5c,MS,Aparecida do Taboado,f,0,,0,2025-12-19 20:37:23.35318+00,
c3312b23-42f3-489f-89c0-a66434a938b2,MS,Aquidauana,f,0,,0,2025-12-19 20:37:23.35318+00,
0a4e526b-4893-4b83-a508-c4680848504a,MS,Aral Moreira,f,0,,0,2025-12-19 20:37:23.35318+00,
d2c4cfc9-7fd8-4a1f-95c8-0947364619fd,MS,Bandeirantes,f,0,,0,2025-12-19 20:37:23.35318+00,
1be3e802-c053-463b-a6f4-f23d31abb3ba,MS,Bataguassu,f,0,,0,2025-12-19 20:37:23.35318+00,
1d6f5e95-ba79-4eef-8e22-748f70f62e9d,MS,Batayporã,f,0,,0,2025-12-19 20:37:23.35318+00,
15ddac62-0441-416d-b67c-f5b67840c107,MS,Bela Vista,f,0,,0,2025-12-19 20:37:23.35318+00,
e9a8d4e3-ff99-47de-9ed8-ac5fb3f37a67,MG,Lavras,f,0,,0,2025-12-19 20:37:24.183482+00,
542e23d4-e749-4112-8a27-caf35818bf75,MG,Leandro Ferreira,f,0,,0,2025-12-19 20:37:24.183482+00,
b072f889-c1bc-4a83-9386-1044a3531a25,MG,Leme do Prado,f,0,,0,2025-12-19 20:37:24.183482+00,
a2e461c0-e73e-43e2-835f-58cf6c8259c1,MG,Leopoldina,f,0,,0,2025-12-19 20:37:24.183482+00,
2aa7c484-f690-49be-9b08-4988eaab809e,MG,Liberdade,f,0,,0,2025-12-19 20:37:24.183482+00,
bf57c961-350b-4358-97f0-b7df0a9d75e6,MG,Lima Duarte,f,0,,0,2025-12-19 20:37:24.183482+00,
52620d42-1820-4df4-b352-63f8183b7df8,MG,Limeira do Oeste,f,0,,0,2025-12-19 20:37:24.183482+00,
0d2c077c-8805-4e78-8d80-62b88599d406,MG,Lontra,f,0,,0,2025-12-19 20:37:24.183482+00,
31c0f5c3-8e1b-4a65-8a12-ece95e93cbd8,MG,Luisburgo,f,0,,0,2025-12-19 20:37:24.183482+00,
b8da61e6-0020-4ab1-a21e-8cd554e6f9aa,MG,Luislândia,f,0,,0,2025-12-19 20:37:24.183482+00,
8d1a04cd-592c-4627-a48c-3a9a64a7a2ad,MG,Luminárias,f,0,,0,2025-12-19 20:37:24.183482+00,
8f6811f4-1c87-40cf-8fc6-ff8ddbb9d0d8,MG,Luz,f,0,,0,2025-12-19 20:37:24.183482+00,
db586062-55a0-4bb8-82b3-b290e960a973,MG,Machacalis,f,0,,0,2025-12-19 20:37:24.183482+00,
1f274650-269a-4eb8-8687-10a6d952d444,MG,Machado,f,0,,0,2025-12-19 20:37:24.183482+00,
7eacfd33-d585-427d-8468-1fa7f8962b1d,MG,Madre de Deus de Minas,f,0,,0,2025-12-19 20:37:24.183482+00,
7d2e98c2-5e53-475a-9ae5-0245b70dbf77,MG,Malacacheta,f,0,,0,2025-12-19 20:37:24.183482+00,
54584208-3f13-49be-bcef-bfc0227a5359,MG,Mamonas,f,0,,0,2025-12-19 20:37:24.183482+00,
69496562-f04d-4f22-8897-8be85ddb0851,MG,Manga,f,0,,0,2025-12-19 20:37:24.183482+00,
677fd171-820c-4888-841b-6c2155a1ccb1,MG,Manhuaçu,f,0,,0,2025-12-19 20:37:24.183482+00,
da05b399-0b1e-4bc3-8aae-1d2658e18aaa,MG,Manhumirim,f,0,,0,2025-12-19 20:37:24.183482+00,
3536cb75-2b14-4f5f-8b0e-63f8e9a07e8a,MG,Mantena,f,0,,0,2025-12-19 20:37:24.183482+00,
4b71c4be-685b-47b0-94f1-590fb72318a9,MG,Mar de Espanha,f,0,,0,2025-12-19 20:37:24.183482+00,
5c0ef26a-b1dd-41ab-b930-d64b512cf4db,MG,Maravilhas,f,0,,0,2025-12-19 20:37:24.183482+00,
44c3ce63-120f-4c90-b832-d2eac367ae89,MG,Maria da Fé,f,0,,0,2025-12-19 20:37:24.183482+00,
85d3f247-8c0e-489f-8ad3-7fcd9387b1b5,MG,Mariana,f,0,,0,2025-12-19 20:37:24.183482+00,
66fc5103-946d-4bde-80c4-6c2b38dc693a,MG,Marilac,f,0,,0,2025-12-19 20:37:24.183482+00,
13538179-27e7-4350-a561-d8820814f164,MG,Mário Campos,f,0,,0,2025-12-19 20:37:24.183482+00,
209f242e-48be-48ba-bdff-4f9349b2d5e9,MG,Maripá de Minas,f,0,,0,2025-12-19 20:37:24.183482+00,
071c4aa5-6141-45d3-9532-9e8740d04e99,MG,Marliéria,f,0,,0,2025-12-19 20:37:24.183482+00,
b9ed7ce1-0315-4109-a77a-c19e811f2add,MG,Marmelópolis,f,0,,0,2025-12-19 20:37:24.183482+00,
8d3e3c4c-42b3-4a8d-9913-6d4d29046b2d,MG,Martinho Campos,f,0,,0,2025-12-19 20:37:24.183482+00,
f2cd0663-b5f5-487b-ad82-9352e51286ab,MG,Martins Soares,f,0,,0,2025-12-19 20:37:24.183482+00,
e85288c9-b41e-466a-8a16-c9cf69fbfebb,MG,Mata Verde,f,0,,0,2025-12-19 20:37:24.183482+00,
323a3823-60a8-45e3-8898-e191f976969b,MG,Materlândia,f,0,,0,2025-12-19 20:37:24.183482+00,
f901354b-de45-467d-b0dc-6a041c9b451f,MG,Mateus Leme,f,0,,0,2025-12-19 20:37:24.183482+00,
b0a38821-32e8-4f11-9863-753f273ef22f,MG,Mathias Lobato,f,0,,0,2025-12-19 20:37:24.183482+00,
72c1f326-7ada-4a34-814d-15803bc5999c,MG,Matias Barbosa,f,0,,0,2025-12-19 20:37:24.183482+00,
80f1b933-0c9c-4dc9-a66b-ca9d3ac5277d,MG,Matias Cardoso,f,0,,0,2025-12-19 20:37:24.183482+00,
01d7ff0a-7d45-4d32-87c3-62ee0b298fdc,MG,Matipó,f,0,,0,2025-12-19 20:37:24.183482+00,
e369844c-c841-479e-8eb1-22d5deed54ff,MG,Mato Verde,f,0,,0,2025-12-19 20:37:24.183482+00,
cd544c86-64b4-4b20-91ec-20ad49ce74a0,MG,Matozinhos,f,0,,0,2025-12-19 20:37:24.183482+00,
29f08ce4-3904-481b-84a1-b4530bd11205,MG,Matutina,f,0,,0,2025-12-19 20:37:24.183482+00,
1008eb05-ab85-4346-937e-d6a83517dcfa,MS,Guia Lopes da Laguna,f,0,,0,2025-12-19 20:37:23.751564+00,
d6b6bfed-31c8-45a9-9585-fd50ad904507,MS,Iguatemi,f,0,,0,2025-12-19 20:37:23.751564+00,
29dd10a9-3541-43ad-bc5d-19969e3d17f5,MS,Inocência,f,0,,0,2025-12-19 20:37:23.751564+00,
43002647-6d4d-4d80-8fd4-827c58cf89e1,MS,Itaporã,f,0,,0,2025-12-19 20:37:23.751564+00,
ab1b2587-9da2-4e81-872d-6ed453734959,MS,Itaquiraí,f,0,,0,2025-12-19 20:37:23.751564+00,
53b89880-ac0c-492a-bed6-bc326551b3ed,MS,Ivinhema,f,0,,0,2025-12-19 20:37:23.751564+00,
8df40f65-3ed7-4e94-8b1d-320aef39bb58,MS,Japorã,f,0,,0,2025-12-19 20:37:23.751564+00,
790d57f6-95e6-417c-b5ca-10fc2580c022,MS,Jaraguari,f,0,,0,2025-12-19 20:37:23.751564+00,
d10ee464-8702-4a87-9468-a072eb04ace8,MS,Jardim,f,0,,0,2025-12-19 20:37:23.751564+00,
f35ec8b4-c6dc-46b5-9648-adb7f0ac3958,MS,Jateí,f,0,,0,2025-12-19 20:37:23.751564+00,
7b854dfd-40c5-4999-854b-d1a4603199a0,MS,Juti,f,0,,0,2025-12-19 20:37:23.751564+00,
698dce18-c2cf-436c-aaf4-fda919c222c5,MS,Ladário,f,0,,0,2025-12-19 20:37:23.751564+00,
e1f57869-4a82-42f1-996c-fc8cf9c87a8a,MS,Laguna Carapã,f,0,,0,2025-12-19 20:37:23.751564+00,
e2de4a81-aeb0-4f36-8d53-fb8ea62303a7,MS,Maracaju,f,0,,0,2025-12-19 20:37:23.751564+00,
9852c326-0671-4c97-b008-6498a15dc235,MS,Miranda,f,0,,0,2025-12-19 20:37:23.751564+00,
64d71c05-f34f-4ab8-8599-0dc8bbef8c61,MS,Mundo Novo,f,0,,0,2025-12-19 20:37:23.751564+00,
9d54f93f-7f40-425d-8340-c94294eba18c,MS,Naviraí,f,0,,0,2025-12-19 20:37:23.751564+00,
9a4a6bfa-5217-49dc-a6f4-6f9dd2eb93ac,MS,Nioaque,f,0,,0,2025-12-19 20:37:23.751564+00,
d3857970-5092-4c50-8c6d-b7a8dc0b32cd,MS,Nova Alvorada do Sul,f,0,,0,2025-12-19 20:37:23.751564+00,
7ec6747c-0b4a-40cb-a45a-593c501f72d4,MS,Nova Andradina,f,0,,0,2025-12-19 20:37:23.751564+00,
dd4ba32f-17dc-4033-94f5-55374ef31345,MS,Novo Horizonte do Sul,f,0,,0,2025-12-19 20:37:23.751564+00,
dbee1804-7046-4c2c-b757-081179447b76,MS,Paraíso das Águas,f,0,,0,2025-12-19 20:37:23.751564+00,
acf25431-a41c-4d72-8c16-ad83dece20a2,MS,Paranaíba,f,0,,0,2025-12-19 20:37:23.751564+00,
05debd7a-87f9-44ca-92af-8583c470c348,MS,Paranhos,f,0,,0,2025-12-19 20:37:23.751564+00,
de8e4754-0982-4066-a7e2-b7ef80cd0b94,MS,Pedro Gomes,f,0,,0,2025-12-19 20:37:23.751564+00,
68335cc5-f871-49af-8d51-3bb947e7351d,MS,Ponta Porã,f,0,,0,2025-12-19 20:37:23.751564+00,
e44eeee3-46c1-417f-8795-90753d84f17b,MS,Porto Murtinho,f,0,,0,2025-12-19 20:37:23.751564+00,
fe454514-b59b-49fa-86d3-479561a9cebf,MS,Ribas do Rio Pardo,f,0,,0,2025-12-19 20:37:23.751564+00,
f357e315-6c2b-4fa0-8f1b-c663d19ce7d2,MS,Rio Brilhante,f,0,,0,2025-12-19 20:37:23.751564+00,
da4dc794-d3e5-4a17-af27-c34c2720e47b,MS,Rio Negro,f,0,,0,2025-12-19 20:37:23.751564+00,
256bd465-af68-47bb-9ad0-b264ba5ee83c,MS,Rio Verde de Mato Grosso,f,0,,0,2025-12-19 20:37:23.751564+00,
4e7e54f2-5b8a-4bd0-a49c-ac0148073ea2,MS,Rochedo,f,0,,0,2025-12-19 20:37:23.751564+00,
7453b234-d58a-407a-b99c-0be345a6a6bf,MS,Santa Rita do Pardo,f,0,,0,2025-12-19 20:37:23.751564+00,
ce45acd7-8c67-480b-bd0a-f1b856068fa3,MS,São Gabriel do Oeste,f,0,,0,2025-12-19 20:37:23.751564+00,
35f05e17-aee0-40ee-a1de-22e3b6309ad4,MS,Selvíria,f,0,,0,2025-12-19 20:37:23.751564+00,
49031ad4-fd0b-4580-9eb1-cf90f02cc8f7,MS,Sete Quedas,f,0,,0,2025-12-19 20:37:23.751564+00,
da234dbb-7ebd-42dc-9c33-b9e2a31eed29,MS,Sidrolândia,f,0,,0,2025-12-19 20:37:23.751564+00,
78b0bbdb-067d-47df-9ede-dff78154e3bf,MS,Sonora,f,0,,0,2025-12-19 20:37:23.751564+00,
c028b61c-0758-4ef5-b102-3c4f730a5f1f,MS,Tacuru,f,0,,0,2025-12-19 20:37:23.751564+00,
9ac11bbf-74fc-4ce2-b2ed-68bf28660abd,MS,Taquarussu,f,0,,0,2025-12-19 20:37:23.751564+00,
db05b1ae-b957-4383-a734-2855c2aeac51,MS,Terenos,f,0,,0,2025-12-19 20:37:23.751564+00,
19489ed4-1190-4aad-b886-a849b88262fd,MS,Três Lagoas,f,0,,0,2025-12-19 20:37:23.751564+00,
166722cc-8826-498e-a908-4227f71a7b7d,MS,Vicentina,f,0,,0,2025-12-19 20:37:23.751564+00,
f1e368d9-cf2d-4ca7-a7c7-8e6f6f7ae396,MG,Abadia dos Dourados,f,0,,0,2025-12-19 20:37:23.751564+00,
96afa3d4-c0fd-4655-a1cb-24fffd521837,MG,Abaeté,f,0,,0,2025-12-19 20:37:23.751564+00,
21d9cc68-09b2-4321-af0d-ce665e191d0d,MG,Abre Campo,f,0,,0,2025-12-19 20:37:23.751564+00,
244f8cb0-b9e1-49c5-b473-399b1777a8a1,MG,Acaiaca,f,0,,0,2025-12-19 20:37:23.751564+00,
187709c2-f090-4a4d-97c5-7da57bb9a4dd,MG,Açucena,f,0,,0,2025-12-19 20:37:23.751564+00,
7b93bf98-e6cd-49a2-94f9-76cd36f85f95,MG,Água Boa,f,0,,0,2025-12-19 20:37:23.751564+00,
48562aa9-4ee3-4894-9064-af7008232b21,MG,Água Comprida,f,0,,0,2025-12-19 20:37:23.751564+00,
43bf1613-0a9d-4b52-b4d6-b75e01bcf3b4,MG,Aguanil,f,0,,0,2025-12-19 20:37:23.751564+00,
9805748a-390f-4b0b-89db-9c05349a9448,MG,Águas Formosas,f,0,,0,2025-12-19 20:37:23.751564+00,
22d861c0-5197-4edc-9a91-29f1cfd7b8dd,MG,Águas Vermelhas,f,0,,0,2025-12-19 20:37:23.751564+00,
8fa99241-5294-4002-8a2f-6ca9be91c075,MG,Aimorés,f,0,,0,2025-12-19 20:37:23.751564+00,
f416a9c9-9f94-4a19-bc97-b437d2cf58bd,MG,Aiuruoca,f,0,,0,2025-12-19 20:37:23.751564+00,
7edc4055-394f-4dad-b50d-dec1ddbca2e1,MG,Alagoa,f,0,,0,2025-12-19 20:37:23.751564+00,
30238a68-3e00-49cb-8824-f7a079f790b9,MG,Albertina,f,0,,0,2025-12-19 20:37:23.751564+00,
09a4a7f0-0502-4d4e-9b6f-22c20baf30a6,MG,Além Paraíba,f,0,,0,2025-12-19 20:37:23.751564+00,
74cdd25a-2d1b-41a6-bb19-d2062a6662c9,MG,Alfenas,f,0,,0,2025-12-19 20:37:23.751564+00,
614a616d-22fa-401c-84cc-b875ebcd29c2,MG,Alfredo Vasconcelos,f,0,,0,2025-12-19 20:37:23.751564+00,
8ecced50-e530-4ab7-a2aa-70423138b2e9,MG,Almenara,f,0,,0,2025-12-19 20:37:23.751564+00,
847a4443-630f-4916-9629-156204f6ed0c,MG,Alpercata,f,0,,0,2025-12-19 20:37:23.751564+00,
36504336-ce1f-41c6-8688-a2ab9345ed13,MG,Alpinópolis,f,0,,0,2025-12-19 20:37:23.751564+00,
8d21cebb-6a80-4c1d-afff-ccf38ec4970d,MG,Alterosa,f,0,,0,2025-12-19 20:37:23.751564+00,
58601312-2f8b-4cad-ab67-5ddc9235fb3d,MG,Alto Caparaó,f,0,,0,2025-12-19 20:37:23.751564+00,
051e99a9-a139-4c4b-95ed-ad97eae35de2,MG,Alto Jequitibá,f,0,,0,2025-12-19 20:37:23.751564+00,
e036a211-6497-496a-a5f1-4db4837f6f43,MG,Alto Rio Doce,f,0,,0,2025-12-19 20:37:23.751564+00,
e8149995-d951-4652-aee2-261b81135706,MG,Alvarenga,f,0,,0,2025-12-19 20:37:23.751564+00,
f526e391-07b6-4043-aaae-8ce7267d9d2b,MG,Alvinópolis,f,0,,0,2025-12-19 20:37:23.751564+00,
06260d21-46f2-4594-ae2f-88759667efd0,MG,Alvorada de Minas,f,0,,0,2025-12-19 20:37:23.751564+00,
c5ad88a2-ac1e-4f45-87dc-0dd47537c45b,MG,Amparo do Serra,f,0,,0,2025-12-19 20:37:23.751564+00,
c781dd13-65e7-4466-afca-eae0e4d6a1b8,MG,Andradas,f,0,,0,2025-12-19 20:37:23.751564+00,
e8da2f09-460c-49fb-adb7-603b275e8e08,MG,Andrelândia,f,0,,0,2025-12-19 20:37:23.751564+00,
ee6852b4-2ab3-4e6e-b386-db926c651591,MG,Angelândia,f,0,,0,2025-12-19 20:37:23.751564+00,
3645b7c7-a8cb-4503-806e-1d030da01885,MG,Antônio Carlos,f,0,,0,2025-12-19 20:37:23.751564+00,
2e7d8437-f66f-41a7-aa36-455e9bd3b73e,MG,Antônio Dias,f,0,,0,2025-12-19 20:37:23.751564+00,
6e265bd7-1bd2-4086-ac8a-b92238cfe559,MG,Antônio Prado de Minas,f,0,,0,2025-12-19 20:37:23.751564+00,
44f9fa7b-5e56-46b6-9dff-262f82f31164,MG,Araçaí,f,0,,0,2025-12-19 20:37:23.751564+00,
384411c2-3e43-47a5-8224-ac1ab67c0345,MG,Aracitaba,f,0,,0,2025-12-19 20:37:23.751564+00,
7c3a416c-f5e2-43df-854c-8e3ea3f90385,MG,Araçuaí,f,0,,0,2025-12-19 20:37:23.751564+00,
af34bbea-f61c-450d-a83e-fee7fbcc4dd9,MG,Araguari,f,0,,0,2025-12-19 20:37:23.751564+00,
d0f34761-e3c8-43d4-be47-66d397aea22b,MG,Arantina,f,0,,0,2025-12-19 20:37:23.751564+00,
a7d65610-5c4b-44cb-b521-9a08e7107c29,MG,Araponga,f,0,,0,2025-12-19 20:37:23.751564+00,
8fa3afcc-510a-451f-9c98-7e8e6a0d4ef9,MG,Araporã,f,0,,0,2025-12-19 20:37:23.751564+00,
e7fb12e2-e8f5-4233-9c50-1968513a9363,MG,Arapuá,f,0,,0,2025-12-19 20:37:23.751564+00,
ff066bc6-5068-4291-ac9f-df73a95c42d8,MG,Araújos,f,0,,0,2025-12-19 20:37:23.751564+00,
0d38a91e-338a-40df-b871-d00c87771b26,MG,Araxá,f,0,,0,2025-12-19 20:37:23.751564+00,
f8bc018e-ee3f-429b-9e70-57701c747024,MG,Arceburgo,f,0,,0,2025-12-19 20:37:23.751564+00,
4af5e91b-530d-4bca-80cf-05b54d699ade,MG,Arcos,f,0,,0,2025-12-19 20:37:23.751564+00,
7903c26a-5716-4aae-845e-6f592e36f408,MG,Areado,f,0,,0,2025-12-19 20:37:23.751564+00,
7bb7332f-ae81-4f30-84a7-76dea5f56258,MG,Argirita,f,0,,0,2025-12-19 20:37:23.751564+00,
91e5cd1e-04bc-42fd-83d5-b082744bd77f,MG,Aricanduva,f,0,,0,2025-12-19 20:37:23.751564+00,
c35839a4-90e4-4e20-813a-04822daccaa3,MG,Arinos,f,0,,0,2025-12-19 20:37:23.751564+00,
ef5943c6-98be-4c1f-a262-382ae8083d2a,MG,Astolfo Dutra,f,0,,0,2025-12-19 20:37:23.751564+00,
3fcd3623-cf11-426f-a7c2-f482ce9190d7,MG,Ataléia,f,0,,0,2025-12-19 20:37:23.751564+00,
19a7fc22-db4e-44df-9026-fe16acd9acf2,MG,Augusto de Lima,f,0,,0,2025-12-19 20:37:23.751564+00,
31a0dffc-e9d1-4a5f-86e1-545ded3147a3,MG,Baependi,f,0,,0,2025-12-19 20:37:23.751564+00,
1cc57292-2e53-4033-9718-555374c7bb30,MG,Baldim,f,0,,0,2025-12-19 20:37:23.751564+00,
272f55fd-0d9d-4cb6-b9d9-47be591f10bc,MG,Bambuí,f,0,,0,2025-12-19 20:37:23.751564+00,
4ec7d3ae-d35a-4c58-a090-2bbb8ca32a6c,MG,Bandeira,f,0,,0,2025-12-19 20:37:23.751564+00,
0fde763b-4473-4123-a612-284e2613f055,MG,Bandeira do Sul,f,0,,0,2025-12-19 20:37:23.751564+00,
a4d4f2c7-e0c4-41e0-8d03-13e65c9f0d21,MG,Barão de Cocais,f,0,,0,2025-12-19 20:37:23.751564+00,
0db8fb79-3a9c-4099-a94f-653727a18c12,MG,Barão de Monte Alto,f,0,,0,2025-12-19 20:37:23.751564+00,
d3870a84-7dd6-42ae-9e9d-42af87d61d54,MG,Barbacena,f,0,,0,2025-12-19 20:37:23.751564+00,
703274eb-17e4-4eb2-ab2e-39b47c06593e,MG,Barra Longa,f,0,,0,2025-12-19 20:37:23.751564+00,
9257ec2f-693e-4f88-b4b2-a032d521cb58,MG,Barroso,f,0,,0,2025-12-19 20:37:23.751564+00,
40c7c698-6057-4213-8257-d6b34f948753,MG,Bela Vista de Minas,f,0,,0,2025-12-19 20:37:23.751564+00,
e6a3e697-59cd-49d8-9112-7a410adc0e84,MG,Belmiro Braga,f,0,,0,2025-12-19 20:37:23.751564+00,
8e6fca95-c1a5-4f71-89f7-5a49edcdb470,MG,Belo Horizonte,f,0,,0,2025-12-19 20:37:23.751564+00,
c082d5cb-7bd2-4255-b326-83c00850691f,MG,Belo Oriente,f,0,,0,2025-12-19 20:37:23.751564+00,
6613a31f-6b0f-4bb1-a884-36e993b1dc5d,MG,Belo Vale,f,0,,0,2025-12-19 20:37:23.751564+00,
26f3e2d4-14f7-45c4-90b8-8236f1ec374e,MG,Berilo,f,0,,0,2025-12-19 20:37:23.751564+00,
4fbf9c19-c5e8-4338-8c3c-50c1ef2b59a2,MG,Berizal,f,0,,0,2025-12-19 20:37:23.751564+00,
c62772f9-8105-4d41-8d53-69cd0b4c715d,MG,Bertópolis,f,0,,0,2025-12-19 20:37:23.751564+00,
0cfef9b7-4ae6-46a9-87d3-7ce14283b2d2,MG,Betim,f,0,,0,2025-12-19 20:37:23.751564+00,
09c2f790-6aa2-4e5b-9dc0-e43656cd3923,MG,Bias Fortes,f,0,,0,2025-12-19 20:37:23.751564+00,
a1a41e4a-368e-435b-85ce-ca72b680bb10,MG,Bicas,f,0,,0,2025-12-19 20:37:23.751564+00,
4f2484b2-8e84-4b60-9369-fd337416476f,MG,Biquinhas,f,0,,0,2025-12-19 20:37:23.751564+00,
9b7c5c68-3d99-43e7-9160-ae394a179762,MG,Boa Esperança,f,0,,0,2025-12-19 20:37:23.751564+00,
bac3a94b-28ef-420b-b6eb-1d17eaa1fc1e,MG,Bocaina de Minas,f,0,,0,2025-12-19 20:37:23.751564+00,
c226dafc-8e8e-4b0d-a6ef-e83f8670ff97,MG,Bocaiúva,f,0,,0,2025-12-19 20:37:23.751564+00,
68947c44-fa3a-4adf-9fbe-19d54ffe4b3f,MG,Bom Despacho,f,0,,0,2025-12-19 20:37:23.751564+00,
f6b5022a-7b37-4e77-bd88-adfc5246a9c8,MG,Bom Jardim de Minas,f,0,,0,2025-12-19 20:37:23.751564+00,
ad927a4f-8703-49cb-a8ce-a0e8de6e790f,MG,Bom Jesus da Penha,f,0,,0,2025-12-19 20:37:23.751564+00,
24688977-5f89-482c-ae7b-5ed0cca093f9,MG,Bom Jesus do Amparo,f,0,,0,2025-12-19 20:37:23.751564+00,
db383b0e-71bb-4fa3-82e2-345f4c38057d,MG,Bom Jesus do Galho,f,0,,0,2025-12-19 20:37:23.751564+00,
93788e95-a9d9-4eb9-bfd8-0fd2285aa8e4,MG,Bom Repouso,f,0,,0,2025-12-19 20:37:23.751564+00,
c9de72b8-0d36-4090-9af3-4954685ee5bc,MG,Bom Sucesso,f,0,,0,2025-12-19 20:37:23.751564+00,
7b6fa770-ed7d-4d8e-8af9-ed49066ecc59,MG,Bonfim,f,0,,0,2025-12-19 20:37:23.751564+00,
3211a71a-4006-4df6-9d40-0646ec471a46,MG,Bonfinópolis de Minas,f,0,,0,2025-12-19 20:37:23.751564+00,
b5274ad0-430e-4cd0-a922-7fbf12fb92e9,MG,Bonito de Minas,f,0,,0,2025-12-19 20:37:23.751564+00,
1de10ede-07d0-4207-b4c0-d760fd8e0edf,MG,Borda da Mata,f,0,,0,2025-12-19 20:37:23.751564+00,
2f9798a6-99c2-4bde-82ab-2a61f9494cee,MG,Botelhos,f,0,,0,2025-12-19 20:37:23.751564+00,
4f067717-cb98-426c-9dfb-5d24d5e70e7e,MG,Botumirim,f,0,,0,2025-12-19 20:37:23.751564+00,
2ed3dd56-8338-4b1a-aaac-4e226fd951d5,MG,Brás Pires,f,0,,0,2025-12-19 20:37:23.751564+00,
b8a028ae-c370-4540-af70-c5f92e92967b,MG,Brasilândia de Minas,f,0,,0,2025-12-19 20:37:23.751564+00,
079f1755-0cab-40fa-a076-bf2da8dc8418,MG,Brasília de Minas,f,0,,0,2025-12-19 20:37:23.751564+00,
9606db41-8ac4-4150-a3fa-413ee3f0ea6b,MG,Brasópolis,f,0,,0,2025-12-19 20:37:23.751564+00,
6b143bb0-c9dc-4587-8144-c19e141af4e0,MG,Braúnas,f,0,,0,2025-12-19 20:37:23.751564+00,
1d38d318-d896-4f40-957f-28d648a28ae3,MG,Brumadinho,f,0,,0,2025-12-19 20:37:23.751564+00,
4308c1df-16c8-4c5a-90eb-e1ea2883c79c,MG,Bueno Brandão,f,0,,0,2025-12-19 20:37:23.751564+00,
16488aae-2301-4e73-9dbf-1cc07979415c,MG,Buenópolis,f,0,,0,2025-12-19 20:37:23.751564+00,
88cb184f-e550-4773-be44-c6ac0269c4c5,MG,Bugre,f,0,,0,2025-12-19 20:37:23.751564+00,
9ad9ee93-1d96-4cde-a561-774042553f74,MG,Buritis,f,0,,0,2025-12-19 20:37:23.751564+00,
e1eec41f-fbb1-4709-b346-fb1f83b57434,MG,Buritizeiro,f,0,,0,2025-12-19 20:37:23.751564+00,
bb725947-8973-46b2-83ee-4b707b0c0057,MG,Cabeceira Grande,f,0,,0,2025-12-19 20:37:23.751564+00,
e8991679-b366-48ca-ad0d-da20cd2a64c5,MG,Cabo Verde,f,0,,0,2025-12-19 20:37:23.751564+00,
46101dae-93cd-45ba-ad92-bafcea6f3cac,MG,Cachoeira da Prata,f,0,,0,2025-12-19 20:37:23.751564+00,
bfe9cf16-226c-4e70-bd43-3a6a66651237,MG,Cachoeira de Minas,f,0,,0,2025-12-19 20:37:23.751564+00,
e1907df7-15df-437b-a743-4e1b70c523b7,MG,Cachoeira de Pajeú,f,0,,0,2025-12-19 20:37:23.751564+00,
09ba911e-9289-4b8d-8a19-a366124f7bc2,MG,Cachoeira Dourada,f,0,,0,2025-12-19 20:37:23.751564+00,
e2f42731-72d7-4bcf-b82a-d7f215749fff,MG,Caetanópolis,f,0,,0,2025-12-19 20:37:23.751564+00,
b62c1e8d-b5ee-432f-9e63-616733ce65f4,MG,Caeté,f,0,,0,2025-12-19 20:37:23.751564+00,
9ba69183-1da3-443c-9830-f9f8e4c8af22,MG,Caiana,f,0,,0,2025-12-19 20:37:23.751564+00,
ddc0f111-7f11-419d-b390-7f6c66f5d5bb,MG,Cajuri,f,0,,0,2025-12-19 20:37:23.751564+00,
8b444256-59db-4f4c-9168-69bdddce3a47,MG,Caldas,f,0,,0,2025-12-19 20:37:23.751564+00,
5dcedfdf-4f40-4174-af08-9fa540785f91,MG,Camacho,f,0,,0,2025-12-19 20:37:23.751564+00,
ba2520f7-8047-41a8-b071-02d9bf1aa21e,MG,Camanducaia,f,0,,0,2025-12-19 20:37:23.751564+00,
373c565e-f05d-4fd8-a3c2-9bcb67706d73,MG,Cambuí,f,0,,0,2025-12-19 20:37:23.751564+00,
d6e0f4b3-e0f2-455c-b8e1-56d96e630983,MG,Cambuquira,f,0,,0,2025-12-19 20:37:23.751564+00,
0f0f6ef7-4ec1-4c5f-bbd8-5fa865e2a9c2,MG,Campanário,f,0,,0,2025-12-19 20:37:23.751564+00,
f1b0b5df-3f96-46c1-ba03-ad443e135e50,MG,Campanha,f,0,,0,2025-12-19 20:37:23.751564+00,
3dde38d7-267d-4cbf-bb39-34b36d4b4baf,MG,Campestre,f,0,,0,2025-12-19 20:37:23.751564+00,
d591fc1e-5b69-439f-b026-33589fcd3532,MG,Campina Verde,f,0,,0,2025-12-19 20:37:23.751564+00,
7bfdcfdf-1785-4585-af2f-13f567027b6a,MG,Campo Azul,f,0,,0,2025-12-19 20:37:23.751564+00,
886d3db9-36c6-4ca0-b60e-4c34da2f775b,MG,Campo Belo,f,0,,0,2025-12-19 20:37:23.751564+00,
0086e601-5f3c-4da8-bd21-c398bc61e1ec,MG,Campo do Meio,f,0,,0,2025-12-19 20:37:23.751564+00,
f534a11f-34f6-40e3-872b-b88450189187,MG,Campo Florido,f,0,,0,2025-12-19 20:37:23.751564+00,
bb71695b-c3ea-475c-ac8e-09e936556609,MG,Campos Altos,f,0,,0,2025-12-19 20:37:23.751564+00,
877050d3-724d-433a-a4de-a1e0d8dc30d4,MG,Campos Gerais,f,0,,0,2025-12-19 20:37:23.751564+00,
0221e0ba-0d14-4f7b-8b4b-11b3e6e1f735,MG,Cana Verde,f,0,,0,2025-12-19 20:37:23.751564+00,
2d3418ed-cd20-4977-ae7e-12462c55abed,MG,Canaã,f,0,,0,2025-12-19 20:37:23.751564+00,
52dce5bc-c772-4558-b617-e1257ac4663b,MG,Canápolis,f,0,,0,2025-12-19 20:37:23.751564+00,
de676922-b204-4636-a626-2fb931ba7a72,MG,Candeias,f,0,,0,2025-12-19 20:37:23.751564+00,
ca947358-c56c-4be3-8382-d10d8af0c57e,MG,Cantagalo,f,0,,0,2025-12-19 20:37:23.751564+00,
d50154dc-a145-41f4-a9c9-ec6b17417657,MG,Caparaó,f,0,,0,2025-12-19 20:37:23.751564+00,
0a8b02a2-a2a6-49db-896b-0c6a121dfdf6,MG,Capela Nova,f,0,,0,2025-12-19 20:37:23.751564+00,
aec753a7-20b3-4664-b258-477c0016e56e,MG,Capelinha,f,0,,0,2025-12-19 20:37:23.751564+00,
f255111a-b2bc-4c01-973e-e9cb10e2caea,MG,Capetinga,f,0,,0,2025-12-19 20:37:23.751564+00,
fbeb2c38-93d3-4ad3-97b6-f0568299f9a3,MG,Capim Branco,f,0,,0,2025-12-19 20:37:23.751564+00,
15cbebcd-f4bc-4c27-8139-557d79134ebc,MG,Capinópolis,f,0,,0,2025-12-19 20:37:23.751564+00,
0a42bfc3-0f20-44c4-8bfa-594aa5bccb1d,MG,Capitão Andrade,f,0,,0,2025-12-19 20:37:23.751564+00,
0286a4de-cabf-48db-8d90-833bb1f8d2d0,MG,Capitão Enéas,f,0,,0,2025-12-19 20:37:23.751564+00,
1d6851b3-8bc9-47f4-b70a-dfe28c2ad876,MG,Capitólio,f,0,,0,2025-12-19 20:37:23.751564+00,
f9b168eb-775a-4ec2-8931-284d4548e4a7,MG,Caputira,f,0,,0,2025-12-19 20:37:23.751564+00,
730fbfcc-3928-4399-a40b-ca46e61f7ee1,MG,Caraí,f,0,,0,2025-12-19 20:37:23.751564+00,
5ccf0cb4-1117-45bb-a084-2da39aef1f86,MG,Caranaíba,f,0,,0,2025-12-19 20:37:23.751564+00,
b1aad84c-d370-48ce-b0c6-3af17e635844,MG,Carandaí,f,0,,0,2025-12-19 20:37:23.751564+00,
023248f8-4cba-4209-8656-91498cb0e8f1,MG,Carangola,f,0,,0,2025-12-19 20:37:23.751564+00,
50800468-204a-4d5f-98d6-a563e8ab06ec,MG,Caratinga,f,0,,0,2025-12-19 20:37:23.751564+00,
58c06f22-3ee0-4d52-847c-ff3c742447b0,MG,Carbonita,f,0,,0,2025-12-19 20:37:23.751564+00,
65d9e247-1f5a-40d9-8afe-6f1780051d1a,MG,Careaçu,f,0,,0,2025-12-19 20:37:23.751564+00,
8ed9d99d-12a2-4941-8725-fbd5077d8d21,MG,Carlos Chagas,f,0,,0,2025-12-19 20:37:23.751564+00,
62c17f1d-cdfb-4ddd-8435-5048180001fa,MG,Carmésia,f,0,,0,2025-12-19 20:37:23.751564+00,
81c8c664-317d-4f51-ba65-d862bb4f7bd5,MG,Carmo da Cachoeira,f,0,,0,2025-12-19 20:37:23.751564+00,
9b7921e8-f9bb-4565-82b1-3440dd1b7a79,MG,Carmo da Mata,f,0,,0,2025-12-19 20:37:23.751564+00,
f23ab701-ee33-4d66-a5b4-c1407e2d3a69,MG,Carmo de Minas,f,0,,0,2025-12-19 20:37:23.751564+00,
c3561e7d-7bf6-4db1-b1df-d1b78d34292c,MG,Carmo do Cajuru,f,0,,0,2025-12-19 20:37:23.751564+00,
33472914-7d97-478e-9abd-aa90f1ad92b7,MG,Carmo do Paranaíba,f,0,,0,2025-12-19 20:37:23.751564+00,
bd1fc540-c7a5-40d1-b3d6-e252e9393da6,MG,Carmo do Rio Claro,f,0,,0,2025-12-19 20:37:23.751564+00,
1bfe0fcf-902f-4e81-ad92-33be2626513e,MG,Carmópolis de Minas,f,0,,0,2025-12-19 20:37:23.751564+00,
3e0db375-0bd8-4670-814f-8a9a286d422e,MG,Carneirinho,f,0,,0,2025-12-19 20:37:23.751564+00,
75c4f2bb-d865-4aea-a44e-48e37160f346,MG,Carrancas,f,0,,0,2025-12-19 20:37:23.751564+00,
ce075c56-8242-4f74-a963-7a09a281dd33,MG,Carvalhópolis,f,0,,0,2025-12-19 20:37:23.751564+00,
6a5c1329-0422-40ff-8280-fe30f46c2546,MG,Carvalhos,f,0,,0,2025-12-19 20:37:23.751564+00,
ae208d1c-3ef4-42fc-a62e-e470f48c47dc,MG,Casa Grande,f,0,,0,2025-12-19 20:37:23.751564+00,
426af3f5-4861-47e9-97d8-1a06524d7b13,MG,Cascalho Rico,f,0,,0,2025-12-19 20:37:23.751564+00,
9009b0a6-8f70-4415-b2b9-9bc868f5e7e9,MG,Cássia,f,0,,0,2025-12-19 20:37:23.751564+00,
cc05d19a-8e1e-48b6-81ec-7c99a82e7dad,MG,Cataguases,f,0,,0,2025-12-19 20:37:23.751564+00,
5f677d14-26a4-485c-bbdd-83d630128caa,MG,Catas Altas,f,0,,0,2025-12-19 20:37:23.751564+00,
4ecf3f58-92f9-4b5a-8df7-caa477b23422,MG,Catas Altas da Noruega,f,0,,0,2025-12-19 20:37:23.751564+00,
3f76b182-b8a7-4df9-88f7-ae8eec0f694c,MG,Catuji,f,0,,0,2025-12-19 20:37:23.751564+00,
54757a36-63da-4c64-b05b-acf484143ef5,MG,Catuti,f,0,,0,2025-12-19 20:37:23.751564+00,
bf2917e9-4b8a-4144-b1f9-66d18b3d774e,MG,Caxambu,f,0,,0,2025-12-19 20:37:23.751564+00,
95829dcd-6433-4e5b-bf8f-96813e4fc24f,MG,Cedro do Abaeté,f,0,,0,2025-12-19 20:37:23.751564+00,
f838d8dc-7fa0-47e2-a1d6-6769829f9cb7,MG,Central de Minas,f,0,,0,2025-12-19 20:37:23.751564+00,
c861b994-4a61-45c5-9993-fb108712c27d,MG,Centralina,f,0,,0,2025-12-19 20:37:23.751564+00,
0a63328d-09fc-4e0d-b2a1-1af661f21d72,MG,Chácara,f,0,,0,2025-12-19 20:37:23.751564+00,
ba761a75-1800-48ef-a891-ebce3b9fd1e9,MG,Chalé,f,0,,0,2025-12-19 20:37:23.751564+00,
125f540c-496b-4c1d-993d-27a0e6d9966a,MG,Chapada do Norte,f,0,,0,2025-12-19 20:37:23.751564+00,
5eb39e64-e622-4a4b-9c5a-eebff0d2ca4e,MG,Chapada Gaúcha,f,0,,0,2025-12-19 20:37:23.751564+00,
91139138-8db2-471c-aeeb-aaadf87fd24d,MG,Chiador,f,0,,0,2025-12-19 20:37:23.751564+00,
fd0e20a0-b067-4a8d-833a-1430d349e724,MG,Cipotânea,f,0,,0,2025-12-19 20:37:23.751564+00,
cdb2ba1d-5a09-4522-b3b6-23ffd685d49c,MG,Claraval,f,0,,0,2025-12-19 20:37:23.751564+00,
2ff5c172-0f40-401a-a1ee-ed30616645d7,MG,Claro dos Poções,f,0,,0,2025-12-19 20:37:23.751564+00,
822418f1-6fe0-452a-af20-f21698c2f0ca,MG,Cláudio,f,0,,0,2025-12-19 20:37:23.751564+00,
dfe0e919-a1d5-4822-bd91-c81ed3f88d5d,MG,Coimbra,f,0,,0,2025-12-19 20:37:23.751564+00,
5c3e4c9a-8370-4210-b4ad-b276b5433558,MG,Coluna,f,0,,0,2025-12-19 20:37:23.751564+00,
5c5a1958-6f90-4f71-ad8e-8016d28a3970,MG,Comendador Gomes,f,0,,0,2025-12-19 20:37:23.751564+00,
62ee4fb1-5a8d-4fdd-9ce8-6504d4310b89,MG,Comercinho,f,0,,0,2025-12-19 20:37:23.751564+00,
3f1e4d13-0780-4798-baeb-2aa2da04de7c,MG,Conceição da Aparecida,f,0,,0,2025-12-19 20:37:23.751564+00,
f2a173b5-5f16-40da-bc80-5ae2932bcc35,MG,Conceição da Barra de Minas,f,0,,0,2025-12-19 20:37:23.751564+00,
5d258af1-1438-4714-8482-7cf9c37e31ee,MG,Conceição das Alagoas,f,0,,0,2025-12-19 20:37:23.751564+00,
7ef49765-6f05-4c8b-8920-c4c28e604e6e,MG,Conceição das Pedras,f,0,,0,2025-12-19 20:37:23.751564+00,
0d67a25e-62a5-40fe-8802-80b52255f7e1,MG,Conceição de Ipanema,f,0,,0,2025-12-19 20:37:23.751564+00,
276638ed-1ffa-48e5-85ce-703ebc466c3c,MG,Conceição do Mato Dentro,f,0,,0,2025-12-19 20:37:23.751564+00,
c668c953-0ce4-447e-90f1-f58abe55df05,MG,Conceição do Pará,f,0,,0,2025-12-19 20:37:23.751564+00,
16d2478d-2224-4639-a956-1ee285882cb0,MG,Conceição do Rio Verde,f,0,,0,2025-12-19 20:37:23.751564+00,
633a8652-7ee6-4a3b-99bf-8c9bb87438eb,MG,Conceição dos Ouros,f,0,,0,2025-12-19 20:37:23.751564+00,
cd13497e-ceb5-4b72-a1c5-2ee9385b828e,MG,Cônego Marinho,f,0,,0,2025-12-19 20:37:23.751564+00,
a8ab8ff2-1c43-40c8-8865-57a5e8d27112,MG,Confins,f,0,,0,2025-12-19 20:37:23.751564+00,
c8f965ec-da72-4e82-a08e-37b2161bc086,MG,Congonhal,f,0,,0,2025-12-19 20:37:23.751564+00,
64fd2ae2-2cc9-4c49-b917-ffd8e217c227,MG,Congonhas,f,0,,0,2025-12-19 20:37:23.751564+00,
a4d6c007-573a-4472-9e94-8f7944efa66f,MG,Congonhas do Norte,f,0,,0,2025-12-19 20:37:23.751564+00,
3f11fb2d-6474-42bd-92d9-0e53479f1560,MG,Conquista,f,0,,0,2025-12-19 20:37:23.751564+00,
bcf90c09-5152-4913-9780-fb58d62d23bf,MG,Conselheiro Lafaiete,f,0,,0,2025-12-19 20:37:23.751564+00,
e0faf6e8-8d13-4c00-9f4d-687c4cac082a,MG,Conselheiro Pena,f,0,,0,2025-12-19 20:37:23.751564+00,
09ed6b28-d496-48e1-b3be-07ec2925963b,MG,Consolação,f,0,,0,2025-12-19 20:37:23.751564+00,
9bad32a9-68d1-4a38-b6d2-6cd42cbe52b6,MG,Contagem,f,0,,0,2025-12-19 20:37:23.751564+00,
73123f33-222d-43b7-a557-5d9fc774de7c,MG,Coqueiral,f,0,,0,2025-12-19 20:37:23.751564+00,
88548af6-111d-46c7-969d-7579ab285397,MG,Coração de Jesus,f,0,,0,2025-12-19 20:37:23.751564+00,
4b48533d-58b5-4076-b709-51df1a236348,MG,Cordisburgo,f,0,,0,2025-12-19 20:37:23.751564+00,
5f1856b5-c14a-4bfa-b89e-4c08da432a72,MG,Cordislândia,f,0,,0,2025-12-19 20:37:23.751564+00,
994412b6-0dc2-46ce-b96f-526114adfb44,MG,Corinto,f,0,,0,2025-12-19 20:37:23.751564+00,
21663a82-8676-439f-9c36-c929cbfdc81f,MG,Coroaci,f,0,,0,2025-12-19 20:37:23.751564+00,
5bf760b8-c53d-49f6-8806-51a5c22eb943,MG,Coromandel,f,0,,0,2025-12-19 20:37:23.751564+00,
a1d6291b-8338-4287-8d0a-5c455da84f9c,MG,Coronel Fabriciano,f,0,,0,2025-12-19 20:37:23.751564+00,
413f5b7c-409d-4552-94a4-d0c6ad9be32c,MG,Coronel Murta,f,0,,0,2025-12-19 20:37:23.751564+00,
19220cee-bac6-4f50-b0db-20b0d887d801,MG,Coronel Pacheco,f,0,,0,2025-12-19 20:37:23.751564+00,
825b5256-ed52-48af-82ac-08f73e23e26a,MG,Coronel Xavier Chaves,f,0,,0,2025-12-19 20:37:23.751564+00,
ec68e857-3884-4801-945a-5ef097a94cfd,MG,Córrego Danta,f,0,,0,2025-12-19 20:37:23.751564+00,
a326461c-0c07-4676-a847-82002d99aaec,MG,Córrego do Bom Jesus,f,0,,0,2025-12-19 20:37:23.751564+00,
f03d58e2-b4ba-4bff-8c29-87ed656afce3,MG,Córrego Fundo,f,0,,0,2025-12-19 20:37:23.751564+00,
073978ba-1b39-45c0-b3db-abe279ff8016,MG,Córrego Novo,f,0,,0,2025-12-19 20:37:23.751564+00,
7a745a6b-5c13-4510-9d1a-15251ea5970c,MG,Couto de Magalhães de Minas,f,0,,0,2025-12-19 20:37:23.751564+00,
af1bb9da-036d-434c-9fff-e6eed3a531f2,MG,Crisólita,f,0,,0,2025-12-19 20:37:23.751564+00,
35848b82-b603-44c8-b336-c26f42aae0d7,MG,Cristais,f,0,,0,2025-12-19 20:37:23.751564+00,
b9b908f9-5b72-456c-acfa-ae2bf7a129ad,MG,Cristália,f,0,,0,2025-12-19 20:37:23.751564+00,
86f7e8f5-3e80-49fa-bff1-2c99753cbf98,MG,Cristiano Otoni,f,0,,0,2025-12-19 20:37:23.751564+00,
39494bee-2abb-4342-ab18-55bd7f1fa4bd,MG,Cristina,f,0,,0,2025-12-19 20:37:23.751564+00,
4cec459b-91be-4a94-9221-f5be84d07f9f,MG,Crucilândia,f,0,,0,2025-12-19 20:37:23.751564+00,
6a70aac7-4648-4154-844c-e47296d4acd9,MG,Cruzeiro da Fortaleza,f,0,,0,2025-12-19 20:37:23.751564+00,
d052f652-e82a-4805-b988-d555beccb0c2,MG,Cruzília,f,0,,0,2025-12-19 20:37:23.751564+00,
2973eec0-7508-4d4c-ab42-09d87c3be292,MG,Cuparaque,f,0,,0,2025-12-19 20:37:23.751564+00,
bc749fc7-e87f-4b0c-9812-8af59f7b6412,MG,Curral de Dentro,f,0,,0,2025-12-19 20:37:23.751564+00,
aa230939-d4a4-4a4d-b66d-093ef67b4dc0,MG,Curvelo,f,0,,0,2025-12-19 20:37:23.751564+00,
447e2d97-a798-4411-89d7-94c87865d7cc,MG,Datas,f,0,,0,2025-12-19 20:37:23.751564+00,
e3706e35-6d6c-4a72-adc1-f57a67570f1f,MG,Delfim Moreira,f,0,,0,2025-12-19 20:37:23.751564+00,
db951ea8-f514-449a-8018-07a97c53cc44,MG,Delfinópolis,f,0,,0,2025-12-19 20:37:23.751564+00,
d820794b-2472-4417-8c70-7471bb7d1726,MG,Delta,f,0,,0,2025-12-19 20:37:23.751564+00,
07a64495-f12e-46a6-a541-d3aee3e121a2,MG,Descoberto,f,0,,0,2025-12-19 20:37:23.751564+00,
edaa67a3-1fdb-436b-9604-d40d06bda616,MG,Desterro de Entre Rios,f,0,,0,2025-12-19 20:37:23.751564+00,
879119ee-b0cd-48dc-9dd0-dd0a2f16cec0,MG,Desterro do Melo,f,0,,0,2025-12-19 20:37:23.751564+00,
323fd543-59ff-4b0e-a4a5-bc7f4ffe52ce,MG,Diamantina,f,0,,0,2025-12-19 20:37:23.751564+00,
4acaf39b-bf3f-4cbc-a53a-3b33c102b6f7,MG,Diogo de Vasconcelos,f,0,,0,2025-12-19 20:37:23.751564+00,
f5867bde-9c16-4e24-bc6c-749466f54f42,MG,Dionísio,f,0,,0,2025-12-19 20:37:23.751564+00,
84596ee3-1c0b-43ab-972c-48d1084fc96a,MG,Divinésia,f,0,,0,2025-12-19 20:37:23.751564+00,
a4ace43d-932f-4c7e-9997-18821cbf6c81,MG,Divino,f,0,,0,2025-12-19 20:37:23.751564+00,
42479e41-df3d-4459-93b4-d901217b6581,MG,Divino das Laranjeiras,f,0,,0,2025-12-19 20:37:23.751564+00,
ca9eb91d-f4b2-4b4c-9dc0-a948b4c70354,MG,Divinolândia de Minas,f,0,,0,2025-12-19 20:37:23.751564+00,
9f087474-2201-4ca5-a5f8-7655d4d5c15f,MG,Divinópolis,f,0,,0,2025-12-19 20:37:23.751564+00,
ad761296-333c-4220-ba52-10ec837e66fe,MG,Divisa Alegre,f,0,,0,2025-12-19 20:37:23.751564+00,
b8c04926-3770-4542-80e3-a44c10e46495,MG,Divisa Nova,f,0,,0,2025-12-19 20:37:23.751564+00,
ccb9c406-d340-486c-8621-1c85c2702a90,MG,Divisópolis,f,0,,0,2025-12-19 20:37:23.751564+00,
4f5e791c-3edf-4f6e-a9ff-74ae47536117,MG,Dom Bosco,f,0,,0,2025-12-19 20:37:23.751564+00,
0fc8f360-08a2-468d-b438-6c524fcf86d1,MG,Dom Cavati,f,0,,0,2025-12-19 20:37:23.751564+00,
1beff510-ab2a-435d-95f5-832aceb6691f,MG,Dom Joaquim,f,0,,0,2025-12-19 20:37:23.751564+00,
cfc00449-64b9-4ae5-b6fd-a37248f648fb,MG,Dom Silvério,f,0,,0,2025-12-19 20:37:23.751564+00,
4c509ebb-fe94-4d88-98df-3a3fa5d77554,MG,Dom Viçoso,f,0,,0,2025-12-19 20:37:23.751564+00,
c464a0e9-85e5-45a2-bfd3-98020480e20f,MG,Dona Euzébia,f,0,,0,2025-12-19 20:37:23.751564+00,
76c8d347-7cb9-42c6-a43e-f05ec388ca43,MG,Dores de Campos,f,0,,0,2025-12-19 20:37:23.751564+00,
3e319e1e-07b5-4c58-b58f-47bf50404332,MG,Dores de Guanhães,f,0,,0,2025-12-19 20:37:23.751564+00,
6ff68fca-a2be-45a4-beed-89d5c2849b34,MG,Dores do Indaiá,f,0,,0,2025-12-19 20:37:23.751564+00,
95c8f1c6-a74b-4b25-9fbe-46116edb9ce0,MG,Dores do Turvo,f,0,,0,2025-12-19 20:37:23.751564+00,
556d7186-3f2c-41e2-b55d-e144abd671df,MG,Doresópolis,f,0,,0,2025-12-19 20:37:23.751564+00,
223e09c6-a99d-407a-abaa-1e7cb5eefa5f,MG,Douradoquara,f,0,,0,2025-12-19 20:37:23.751564+00,
0ddbc4ca-977c-4ab8-b315-df2bad1f8478,MG,Durande,f,0,,0,2025-12-19 20:37:23.751564+00,
ebd47e23-78c9-4a01-980a-f68ade8e92db,MG,Elói Mendes,f,0,,0,2025-12-19 20:37:23.751564+00,
6f65e672-8343-4d81-80b8-2f5b595a807b,MG,Engenheiro Caldas,f,0,,0,2025-12-19 20:37:23.751564+00,
3832a865-25ce-448e-90c6-c70d853913dc,MG,Engenheiro Navarro,f,0,,0,2025-12-19 20:37:23.751564+00,
e2615da0-a397-460b-be46-db8d6df76056,MG,Entre Folhas,f,0,,0,2025-12-19 20:37:23.751564+00,
3c610840-b506-4670-872f-c8a4206875b6,MG,Entre Rios de Minas,f,0,,0,2025-12-19 20:37:23.751564+00,
59cbd227-f40f-440e-990d-5f5906628c76,MG,Ervália,f,0,,0,2025-12-19 20:37:23.751564+00,
71d62a11-a2b9-46de-89e2-2966cf990b13,MG,Esmeraldas,f,0,,0,2025-12-19 20:37:23.751564+00,
b5914d4c-ffcd-4c7c-af69-9320f39f5f00,MG,Espera Feliz,f,0,,0,2025-12-19 20:37:23.751564+00,
d28e0ebc-aa56-4584-9d28-47a2dee0d48a,MG,Espinosa,f,0,,0,2025-12-19 20:37:23.751564+00,
0bbce4b4-3c8d-4ca6-9181-f24e77064901,MG,Espírito Santo do Dourado,f,0,,0,2025-12-19 20:37:23.751564+00,
1272b1f1-a079-4ac0-8e69-254742ad6e00,MG,Estiva,f,0,,0,2025-12-19 20:37:23.751564+00,
52c449fc-3cf0-4041-a3f3-6f14fa3051d8,MG,Estrela Dalva,f,0,,0,2025-12-19 20:37:23.751564+00,
039bc7e7-5a3e-4b36-8186-9a9ee4cb539b,MG,Estrela do Indaiá,f,0,,0,2025-12-19 20:37:23.751564+00,
4527e61e-b9c8-4de5-94ce-0c1a347e1514,MG,Estrela do Sul,f,0,,0,2025-12-19 20:37:23.751564+00,
76f28cbf-7925-40b1-ad18-2752ae6dbe05,MG,Eugenópolis,f,0,,0,2025-12-19 20:37:23.751564+00,
fdcd4751-761b-4bd2-8819-059c838f5bea,MG,Ewbank da Câmara,f,0,,0,2025-12-19 20:37:23.751564+00,
15ee6d56-f9ad-45e6-a1b4-e8a14b326cd2,MG,Extrema,f,0,,0,2025-12-19 20:37:23.751564+00,
c633847a-2f2d-4b1d-a013-6da4a0b556ab,MG,Fama,f,0,,0,2025-12-19 20:37:23.751564+00,
1ffd64cf-fda2-4d4e-9423-ce6edbcab061,MG,Faria Lemos,f,0,,0,2025-12-19 20:37:23.751564+00,
35e0cec0-8536-4b12-ab6f-ec91a998da4a,MG,Felício dos Santos,f,0,,0,2025-12-19 20:37:23.751564+00,
3a330011-f7a8-4095-906c-1af7e970935e,MG,Felisburgo,f,0,,0,2025-12-19 20:37:23.751564+00,
dcd9bb56-86fb-4a5b-8d68-5a3cfb064763,MG,Felixlândia,f,0,,0,2025-12-19 20:37:23.751564+00,
62bab222-31bf-4c54-ac7f-4c4e005e161f,MG,Fernandes Tourinho,f,0,,0,2025-12-19 20:37:23.751564+00,
72e0a4c1-395f-4326-8608-af19107903f9,MG,Ferros,f,0,,0,2025-12-19 20:37:23.751564+00,
beeda8e8-ea0b-47ab-8044-3489423c3f50,MG,Fervedouro,f,0,,0,2025-12-19 20:37:23.751564+00,
9675a300-ec1c-4de4-b7c8-384435f4a4d6,MG,Florestal,f,0,,0,2025-12-19 20:37:23.751564+00,
2cd3c6bf-0f4f-440c-b406-25a6acde926b,MG,Formiga,f,0,,0,2025-12-19 20:37:23.751564+00,
56c9b9aa-ecd9-4577-b35c-bc648b8c4931,MG,Formoso,f,0,,0,2025-12-19 20:37:23.751564+00,
44e7bdc3-4b38-4173-933e-de7d7827a556,MG,Fortaleza de Minas,f,0,,0,2025-12-19 20:37:23.751564+00,
0e03f312-5dbe-4bc7-9f56-63b238f84841,MG,Fortuna de Minas,f,0,,0,2025-12-19 20:37:23.751564+00,
02287350-8ffc-47d6-bd66-d0ad3d63b13a,MG,Francisco Badaró,f,0,,0,2025-12-19 20:37:23.751564+00,
245d7636-2812-458d-aa18-8013aec5515d,MG,Francisco Dumont,f,0,,0,2025-12-19 20:37:23.751564+00,
80cf9a4f-00db-4b18-befa-611cdb03f4d2,MG,Francisco Sá,f,0,,0,2025-12-19 20:37:23.751564+00,
90e15fa0-21ac-4de1-bca1-488ca070d522,MG,Franciscópolis,f,0,,0,2025-12-19 20:37:23.751564+00,
80d66ef3-5be9-4ac4-9ac4-80fa1ea10480,MG,Frei Gaspar,f,0,,0,2025-12-19 20:37:23.751564+00,
f195b22a-d63f-4416-bef1-d1b1083fe849,MG,Frei Inocêncio,f,0,,0,2025-12-19 20:37:23.751564+00,
93c8fdea-300d-4361-9c67-783506fa2efe,MG,Frei Lagonegro,f,0,,0,2025-12-19 20:37:23.751564+00,
76d197a5-6695-4498-8689-2a873a3f308a,MG,Fronteira,f,0,,0,2025-12-19 20:37:23.751564+00,
3953788e-9f0d-410e-b2a2-6897eb11f9f8,MG,Fronteira dos Vales,f,0,,0,2025-12-19 20:37:23.751564+00,
8b19006f-d0f0-4978-bd11-b0c1222d5954,MG,Fruta de Leite,f,0,,0,2025-12-19 20:37:23.751564+00,
7c232315-a152-4ac4-98fa-2a2f42c612fd,MG,Frutal,f,0,,0,2025-12-19 20:37:23.751564+00,
99f334bd-6d05-4d58-a116-726b5884d928,MG,Funilândia,f,0,,0,2025-12-19 20:37:23.751564+00,
5a184b61-19c0-4c5c-ba66-20f207821716,MG,Galileia,f,0,,0,2025-12-19 20:37:23.751564+00,
85cbbafc-be0e-48c8-8025-b55f3ea82d20,MG,Gameleiras,f,0,,0,2025-12-19 20:37:23.751564+00,
c3451870-4a21-4168-b012-217a00c44263,MG,Glaucilândia,f,0,,0,2025-12-19 20:37:23.751564+00,
589e82ee-1fc2-4875-a92f-945d8749d434,MG,Goianá,f,0,,0,2025-12-19 20:37:23.751564+00,
c76761a1-ccfe-48ed-bf5f-a27cb8403f3c,MG,Goiabeira,f,0,,0,2025-12-19 20:37:23.751564+00,
4f434b18-4f9d-4701-81cc-15c5c7fcf4bf,MG,Gonçalves,f,0,,0,2025-12-19 20:37:23.751564+00,
ff20529f-6a56-47ae-bcea-cb0f874a02ae,MG,Gonzaga,f,0,,0,2025-12-19 20:37:23.751564+00,
2f2c496d-8a59-4ecd-9ca8-8db989323807,MG,Gouveia,f,0,,0,2025-12-19 20:37:23.751564+00,
62aed8c7-5c27-41f4-b1c3-839185f9b2c9,MG,Governador Valadares,f,0,,0,2025-12-19 20:37:23.751564+00,
81d0c29c-012d-438a-826e-a93693497e5a,MG,Grão Mogol,f,0,,0,2025-12-19 20:37:23.751564+00,
55d20f9b-2644-448f-b66d-36272376e78b,MG,Grupiara,f,0,,0,2025-12-19 20:37:23.751564+00,
471db367-d103-461e-b4af-30b4ee248c71,MG,Guanhães,f,0,,0,2025-12-19 20:37:23.751564+00,
f980e593-c679-453a-91da-ca7ea2289c4b,MG,Guapé,f,0,,0,2025-12-19 20:37:23.751564+00,
fbb75e3a-bdd7-4d30-bd5f-7fe9d2d47d44,MG,Guaraciaba,f,0,,0,2025-12-19 20:37:23.751564+00,
ec5d27f8-cdba-4ce3-b7af-8cb977074b6a,MG,Guaraciama,f,0,,0,2025-12-19 20:37:23.751564+00,
83d169c8-2e74-4eb3-b2d0-97931f50d668,MG,Guaranésia,f,0,,0,2025-12-19 20:37:23.751564+00,
37a9aa5e-6a5c-495c-bfc8-9b06f0a728b9,MG,Guarani,f,0,,0,2025-12-19 20:37:23.751564+00,
9a0ff1ef-175b-401c-865d-010c8cdb9fab,MG,Guarará,f,0,,0,2025-12-19 20:37:23.751564+00,
a2eb240d-1f9c-4d7e-a6ff-821c406cdd3e,MG,Guarda-Mor,f,0,,0,2025-12-19 20:37:23.751564+00,
aff7f541-bab5-4b18-878a-9cb51436e433,MG,Guaxupé,f,0,,0,2025-12-19 20:37:23.751564+00,
be2b26b6-982f-4e0d-a643-9e6bcb735563,MG,Guidoval,f,0,,0,2025-12-19 20:37:23.751564+00,
360ad1b7-6172-4c4d-8ec1-c089a5832637,MG,Guimarânia,f,0,,0,2025-12-19 20:37:23.751564+00,
c8324cac-2a7f-45e6-ae08-aad4a4cf8f44,MG,Guiricema,f,0,,0,2025-12-19 20:37:23.751564+00,
f73f87f0-052f-4aaa-a07a-2d6f25a26dd2,MG,Gurinhatã,f,0,,0,2025-12-19 20:37:23.751564+00,
47f04eac-15b2-4a21-885f-3d8e7bb1b34b,MG,Heliodora,f,0,,0,2025-12-19 20:37:23.751564+00,
990a892d-4a37-4f6a-9bc8-d7b8d93a6d34,MG,Iapu,f,0,,0,2025-12-19 20:37:23.751564+00,
55c31a2a-8a21-4b96-982a-f6cdebb4597d,MG,Ibertioga,f,0,,0,2025-12-19 20:37:23.751564+00,
a905af74-3f20-4a8c-ba64-86eb880870aa,MG,Ibiá,f,0,,0,2025-12-19 20:37:23.751564+00,
ef1ad264-a8cf-4b8f-8e38-db82d73ed5bc,MG,Ibiaí,f,0,,0,2025-12-19 20:37:23.751564+00,
8b6af420-e90b-4cca-9564-cd44d1ef9b58,MG,Ibiracatu,f,0,,0,2025-12-19 20:37:23.751564+00,
2595a6b5-b915-4b70-bb4b-f557f3d09f80,MG,Ibiraci,f,0,,0,2025-12-19 20:37:23.751564+00,
2f9be72f-9c8d-4406-89fb-b442c8ce5ed2,MG,Ibirité,f,0,,0,2025-12-19 20:37:23.751564+00,
ff07d021-d56e-4afd-9e4c-1da665b8fc25,MG,Ibitiúra de Minas,f,0,,0,2025-12-19 20:37:23.751564+00,
bd5b2dc7-8655-4e7f-8a38-a7905058ba86,MG,Ibituruna,f,0,,0,2025-12-19 20:37:23.751564+00,
555cc7c4-8fef-4d55-9a06-fe4e18af65d6,MG,Icaraí de Minas,f,0,,0,2025-12-19 20:37:23.751564+00,
05a14298-8a52-49d3-8362-e08ec00bc3ed,MG,Igarapé,f,0,,0,2025-12-19 20:37:23.751564+00,
6c30a491-96df-417f-aa0d-fc719a8d3e55,MG,Igaratinga,f,0,,0,2025-12-19 20:37:23.751564+00,
4eb3cf88-82c7-4ffb-9c1c-91bfc4e3165d,MG,Iguatama,f,0,,0,2025-12-19 20:37:23.751564+00,
97ebbbab-cea2-491e-9feb-c13624711437,MG,Ijaci,f,0,,0,2025-12-19 20:37:23.751564+00,
5e8232ba-66ce-4c4a-a83a-d9b94f4b9a33,MG,Ilicínea,f,0,,0,2025-12-19 20:37:23.751564+00,
78044cd2-0960-449c-b1b8-20b449ad1eaa,MG,Imbé de Minas,f,0,,0,2025-12-19 20:37:23.751564+00,
efcee417-89df-4ae3-be86-8ae9bcadb78a,MG,Inconfidentes,f,0,,0,2025-12-19 20:37:23.751564+00,
d4155c3a-8b9b-44d5-ab9e-d68ae8112c80,MG,Indaiabira,f,0,,0,2025-12-19 20:37:23.751564+00,
83230b26-a969-4d5e-b8a5-2ff1a3b7dd8f,MG,Indianópolis,f,0,,0,2025-12-19 20:37:23.751564+00,
5eb64ac0-6355-4162-b80f-0b63cbbfa790,MG,Ingaí,f,0,,0,2025-12-19 20:37:23.751564+00,
e4cf6931-d43d-41d0-86d3-05ba3e4bcce9,MG,Inhapim,f,0,,0,2025-12-19 20:37:23.751564+00,
5820b5f6-483d-4e86-a2b6-ffaca343a07e,MG,Inhaúma,f,0,,0,2025-12-19 20:37:23.751564+00,
cfe64e6b-a1e4-497b-9270-ad00dc2d15ec,MG,Inimutaba,f,0,,0,2025-12-19 20:37:23.751564+00,
dfcd9728-eeb1-4e91-a50b-f26100928323,MG,Ipaba,f,0,,0,2025-12-19 20:37:23.751564+00,
b505b613-602e-42bf-871d-324417b61c9a,MG,Ipanema,f,0,,0,2025-12-19 20:37:23.751564+00,
b9f24c63-c4c5-4dbe-98ba-f75897198174,MG,Ipatinga,f,0,,0,2025-12-19 20:37:23.751564+00,
db3afc86-ec2d-48ff-be1e-7bca3e3ad2c3,MG,Ipiaçu,f,0,,0,2025-12-19 20:37:23.751564+00,
dab1e2a6-16ec-459a-a107-679b1b0cbcbd,MG,Ipuiúna,f,0,,0,2025-12-19 20:37:23.751564+00,
940f617e-3514-4d47-856b-f3e8b6e75294,MG,Iraí de Minas,f,0,,0,2025-12-19 20:37:23.751564+00,
d41e0e3b-2909-41b7-b282-4ad422edfe66,MG,Itabira,f,0,,0,2025-12-19 20:37:23.751564+00,
08fa0fd3-a495-4546-b135-ab6a9e9cad36,MG,Itabirinha,f,0,,0,2025-12-19 20:37:23.751564+00,
1b517c9c-cf9c-440f-afb2-b128ea3cdda9,MG,Itabirito,f,0,,0,2025-12-19 20:37:23.751564+00,
42119a93-62bf-478a-a1db-9a79daa1e1b0,MG,Itacambira,f,0,,0,2025-12-19 20:37:23.751564+00,
99d85346-a08f-48fc-a134-735e97ffe605,MG,Itacarambi,f,0,,0,2025-12-19 20:37:23.751564+00,
518584d6-d162-4a78-8150-578ca37a5f9b,MG,Itaguara,f,0,,0,2025-12-19 20:37:23.751564+00,
c7899bd1-4d13-4fe4-ac63-05232cd8dd82,MG,Itaipé,f,0,,0,2025-12-19 20:37:23.751564+00,
7340bb86-420e-4e54-aa68-054fda7ec0ae,MG,Itajubá,f,0,,0,2025-12-19 20:37:23.751564+00,
0f6f3812-a97a-4863-9560-dda3024d8288,MG,Itamarandiba,f,0,,0,2025-12-19 20:37:23.751564+00,
6fecc597-f528-4956-8b15-d339e6cfd323,MG,Itamarati de Minas,f,0,,0,2025-12-19 20:37:23.751564+00,
37dec9df-8d45-4149-884b-9a4e78763f3f,MG,Itambacuri,f,0,,0,2025-12-19 20:37:23.751564+00,
1f7ab328-2f9e-4d2e-bdbe-11f25beec2b1,MG,Itambé do Mato Dentro,f,0,,0,2025-12-19 20:37:23.751564+00,
84db3be4-7a68-4f36-ac7c-ae5d83da5253,MG,Itamogi,f,0,,0,2025-12-19 20:37:23.751564+00,
391adf61-ffbc-4e14-a402-696c61f21ac5,MG,Itamonte,f,0,,0,2025-12-19 20:37:23.751564+00,
1feaee7e-5c62-432f-a304-733ada4c3001,MG,Itanhandu,f,0,,0,2025-12-19 20:37:23.751564+00,
cb29c0c2-c0fd-4aa4-aa43-7bf56ff00d0e,MG,Itanhomi,f,0,,0,2025-12-19 20:37:23.751564+00,
e10835f3-abb7-4c7d-96c4-c6f4bc02247d,MG,Itaobim,f,0,,0,2025-12-19 20:37:23.751564+00,
fa5920fc-06de-4489-9f1c-a129a6905de3,MG,Itapagipe,f,0,,0,2025-12-19 20:37:23.751564+00,
ca3d691b-c876-41f3-92a0-bec68c12225d,MG,Itapecerica,f,0,,0,2025-12-19 20:37:23.751564+00,
8ff614fa-b598-481f-8d9c-e8d1d4f8ac2f,MG,Itapeva,f,0,,0,2025-12-19 20:37:23.751564+00,
456a8c1f-67f4-4487-b576-6918e161bebc,MG,Itatiaiuçu,f,0,,0,2025-12-19 20:37:23.751564+00,
1cd9687a-f62c-47a6-9f19-e08a0ba1a4b2,MG,Itaú de Minas,f,0,,0,2025-12-19 20:37:23.751564+00,
987b894e-343a-42b9-a56e-c9ea63eeb0c4,MG,Itaúna,f,0,,0,2025-12-19 20:37:23.751564+00,
3e24cf5c-bb0b-4856-b1bb-1a14569e0f4f,MG,Itaverava,f,0,,0,2025-12-19 20:37:23.751564+00,
1cd74d3d-5be3-4ff6-8d1c-84c26314d6b5,MG,Itinga,f,0,,0,2025-12-19 20:37:23.751564+00,
95bad78c-3625-4650-bbf1-41874cf89bb1,MG,Itueta,f,0,,0,2025-12-19 20:37:23.751564+00,
65b56b8d-ce1f-4792-863e-71c4d06a6193,MG,Ituiutaba,f,0,,0,2025-12-19 20:37:23.751564+00,
684d1a77-f85a-425f-8fcc-72726020dc2b,MG,Itumirim,f,0,,0,2025-12-19 20:37:23.751564+00,
bc2c38aa-ed54-465d-9d7f-438b5deb8010,MG,Iturama,f,0,,0,2025-12-19 20:37:23.751564+00,
47023293-e44b-4d56-8ad7-d5d1e0dbac7e,MG,Itutinga,f,0,,0,2025-12-19 20:37:23.751564+00,
1eae9cd6-3f64-4f18-84a9-5743127c9a82,MG,Jaboticatubas,f,0,,0,2025-12-19 20:37:23.751564+00,
16781e52-4bfa-4eba-a860-f3aa5e8020c3,MG,Jacinto,f,0,,0,2025-12-19 20:37:23.751564+00,
0b8be637-4d3a-41eb-a6b8-aa40ce8afae3,MG,Jacuí,f,0,,0,2025-12-19 20:37:23.751564+00,
5c233ae8-aa7d-4d59-976a-0c620d351ef2,MG,Jacutinga,f,0,,0,2025-12-19 20:37:23.751564+00,
870cef45-25aa-4d42-8389-1e784a8a5d05,MG,Jaguaraçu,f,0,,0,2025-12-19 20:37:23.751564+00,
b05a2a7b-7c93-4497-94d4-70a1e0df1c3d,MG,Jaíba,f,0,,0,2025-12-19 20:37:23.751564+00,
e7198dd9-b656-45a4-a1cf-3143fedb2a27,MG,Jampruca,f,0,,0,2025-12-19 20:37:23.751564+00,
b5e34bb4-ec52-43e2-8687-3901c445baa3,MG,Janaúba,f,0,,0,2025-12-19 20:37:23.751564+00,
940885af-cdc1-4d78-9ef3-91e889d78720,MG,Januária,f,0,,0,2025-12-19 20:37:23.751564+00,
75f213f6-22b1-4e19-ba68-749740d25fbd,MG,Japaraíba,f,0,,0,2025-12-19 20:37:23.751564+00,
ed730a4a-5f13-4bc4-a960-e38c1d86fa9c,MG,Japonvar,f,0,,0,2025-12-19 20:37:23.751564+00,
1aa305d2-8a95-4b43-bf38-8af1931f25ab,MG,Jeceaba,f,0,,0,2025-12-19 20:37:23.751564+00,
57c99e2f-4926-495d-a6ea-d6116fc08b9a,MG,Jenipapo de Minas,f,0,,0,2025-12-19 20:37:23.751564+00,
fdca90e7-06d8-4507-ab5b-75fc316de9ac,MG,Jequeri,f,0,,0,2025-12-19 20:37:23.751564+00,
76604488-b96c-4016-b58f-688dcdf36071,MG,Jequitaí,f,0,,0,2025-12-19 20:37:23.751564+00,
84a78a26-aa4c-486b-84c2-8729376c37a0,MG,Jequitibá,f,0,,0,2025-12-19 20:37:23.751564+00,
7f9a3e04-1b4e-425f-b49a-d7becda690b6,MG,Jequitinhonha,f,0,,0,2025-12-19 20:37:23.751564+00,
74474617-4c4c-4691-a766-6e4bf59670dd,MG,Jesuânia,f,0,,0,2025-12-19 20:37:23.751564+00,
00328f7d-9100-4d2e-8fbb-6fe84e066be8,MG,Joaíma,f,0,,0,2025-12-19 20:37:23.751564+00,
f25e73f5-7b03-416b-bfb3-b7b926c42440,MG,Joanésia,f,0,,0,2025-12-19 20:37:23.751564+00,
3ae53228-51e1-4452-85bc-9f22a51b5e19,MG,João Monlevade,f,0,,0,2025-12-19 20:37:23.751564+00,
a7b79dc1-3a42-4613-90cf-fe636e9e2da8,MG,João Pinheiro,f,0,,0,2025-12-19 20:37:23.751564+00,
bcfbf52f-728a-4ada-b458-22e1cc5a0d8f,MG,Joaquim Felício,f,0,,0,2025-12-19 20:37:23.751564+00,
7c7b7028-1069-4949-9839-0100447b70b6,MG,Jordânia,f,0,,0,2025-12-19 20:37:23.751564+00,
6c061a4e-85b8-4f12-a5f3-2e53cb4dcd5e,MG,José Gonçalves de Minas,f,0,,0,2025-12-19 20:37:23.751564+00,
83013336-d045-4525-ad87-27870bd27883,MG,José Raydan,f,0,,0,2025-12-19 20:37:23.751564+00,
fa2b944a-0cde-4f37-9e44-af4d0346ff96,MG,Josenópolis,f,0,,0,2025-12-19 20:37:23.751564+00,
95d11c0c-f1c9-4c2a-82d1-91f5d8eb7641,MG,Juatuba,f,0,,0,2025-12-19 20:37:23.751564+00,
61fc5a25-d7a1-4012-acb2-c7b32f6c763f,MG,Juiz de Fora,f,0,,0,2025-12-19 20:37:23.751564+00,
7589e35a-fd95-453d-ac05-1abd69075f40,MG,Juramento,f,0,,0,2025-12-19 20:37:23.751564+00,
f688f156-84d5-4f8c-9ed4-e1148ac7f329,MG,Juruaia,f,0,,0,2025-12-19 20:37:23.751564+00,
c5dcefc4-83f8-4b78-9ae7-31b7a14b6b06,MG,Juvenília,f,0,,0,2025-12-19 20:37:23.751564+00,
3db74148-bf23-4f36-ab5c-a5cc780c1a88,MG,Ladainha,f,0,,0,2025-12-19 20:37:23.751564+00,
10f1b195-77dd-4306-843d-85923b35b2d0,MG,Lagamar,f,0,,0,2025-12-19 20:37:23.751564+00,
7f30fbe2-c362-4c3b-821b-e2e1476a6141,MG,Lagoa da Prata,f,0,,0,2025-12-19 20:37:23.751564+00,
8482b7d6-2485-4916-8321-964378c3a43f,MG,Lagoa dos Patos,f,0,,0,2025-12-19 20:37:23.751564+00,
33ccb49e-99e2-4265-9060-a8be76a1d06d,MG,Lagoa Dourada,f,0,,0,2025-12-19 20:37:23.751564+00,
6c2a8f7c-fe16-443a-8e6c-049adc902460,MG,Lagoa Formosa,f,0,,0,2025-12-19 20:37:23.751564+00,
644bcc0c-1014-4fe8-a2f4-e4d9c229edd2,MG,Lagoa Grande,f,0,,0,2025-12-19 20:37:23.751564+00,
67f601a2-64c1-43d2-88e8-96473d2ee865,MG,Lagoa Santa,f,0,,0,2025-12-19 20:37:23.751564+00,
63e96109-1664-450c-a17f-7da3a80408c9,MG,Lajinha,f,0,,0,2025-12-19 20:37:23.751564+00,
c625d6eb-a990-40e5-aa10-01408b96ad45,MG,Lambari,f,0,,0,2025-12-19 20:37:23.751564+00,
d51fe8e5-fde7-4a5e-adc0-eecaeb4a1997,MG,Lamim,f,0,,0,2025-12-19 20:37:23.751564+00,
51801888-c8a8-45af-bcc3-a43af4462c39,MG,Laranjal,f,0,,0,2025-12-19 20:37:23.751564+00,
e3baffdf-576e-4c8d-be12-f195b656cfc9,MG,Lassance,f,0,,0,2025-12-19 20:37:23.751564+00,
26550c07-bf4f-4872-bb9a-452a13d90a7a,PA,Oeiras do Pará,f,0,,0,2025-12-19 20:37:24.515322+00,
a13d7a89-b56f-48ad-9d31-d5c1a9e3a096,PA,Oriximiná,f,0,,0,2025-12-19 20:37:24.515322+00,
17da9485-aff3-4f0f-a529-e569ef16ba2a,PA,Ourém,f,0,,0,2025-12-19 20:37:24.515322+00,
d883ac1a-f5f6-44d9-8c3e-7c2c9f267f83,PA,Ourilândia do Norte,f,0,,0,2025-12-19 20:37:24.515322+00,
67221051-12fa-409d-a406-dc2031b2bc53,PA,Pacajá,f,0,,0,2025-12-19 20:37:24.515322+00,
12c7b835-7001-4a9e-818b-9bd6fb5fb1d8,PA,Palestina do Pará,f,0,,0,2025-12-19 20:37:24.515322+00,
aa968fc9-2294-4e84-9220-2bb4762f2d64,PA,Paragominas,f,0,,0,2025-12-19 20:37:24.515322+00,
ad391392-679b-48b6-95f0-cda24fcd0f92,PA,Parauapebas,f,0,,0,2025-12-19 20:37:24.515322+00,
9cc95a37-b7dd-4907-af10-9a86dcd9ee07,PA,Pau d'Arco,f,0,,0,2025-12-19 20:37:24.515322+00,
eaf315e3-fd3a-43d3-8399-88dec798f308,PA,Peixe-Boi,f,0,,0,2025-12-19 20:37:24.515322+00,
d037b7a2-819e-40b4-8a47-fdb3d83e6033,PA,Piçarra,f,0,,0,2025-12-19 20:37:24.515322+00,
7584a98d-8f31-4e90-8258-c3b7b486fa7c,PA,Placas,f,0,,0,2025-12-19 20:37:24.515322+00,
ecb7ab20-f931-4b54-a6c2-ca17877b384c,PA,Ponta de Pedras,f,0,,0,2025-12-19 20:37:24.515322+00,
a9be065d-d22e-4ddb-8e88-a18d8a5b817d,PA,Portel,f,0,,0,2025-12-19 20:37:24.515322+00,
ce8cb2f8-77e9-4d8a-9d35-67a70dfe3004,PA,Porto de Moz,f,0,,0,2025-12-19 20:37:24.515322+00,
2ae61a5c-95e9-4dad-a04c-3600fe27021e,PA,Prainha,f,0,,0,2025-12-19 20:37:24.515322+00,
6da81d78-c27b-45fd-9f62-5c4cdcdab66a,PA,Primavera,f,0,,0,2025-12-19 20:37:24.515322+00,
bdeea70e-6f3d-40dc-8d64-a7e514673bb1,PA,Quatipuru,f,0,,0,2025-12-19 20:37:24.515322+00,
fe4cf792-d5a7-4df6-8dd2-78e6918689cf,PA,Redenção,f,0,,0,2025-12-19 20:37:24.515322+00,
87558fd8-e063-4504-9b7a-d4ccadc54be8,PA,Rio Maria,f,0,,0,2025-12-19 20:37:24.515322+00,
98f3a935-e610-4532-bcea-a0b5782667a0,PA,Rondon do Pará,f,0,,0,2025-12-19 20:37:24.515322+00,
cd1fc763-e3dc-4b6b-a7f1-1d5f982e9f24,PA,Rurópolis,f,0,,0,2025-12-19 20:37:24.515322+00,
c4eb4eee-2cf2-4f49-a7b5-d848223b15ce,PA,Salinópolis,f,0,,0,2025-12-19 20:37:24.515322+00,
0ad9d6a2-21d2-4f3b-b0c4-f136ddf1cc7c,PA,Salvaterra,f,0,,0,2025-12-19 20:37:24.515322+00,
e9fbe8c4-aae0-4dda-90e2-af655148ef67,PA,Santa Bárbara do Pará,f,0,,0,2025-12-19 20:37:24.515322+00,
43d0c0f8-1b9e-4603-9108-b71311ecf123,PA,Santa Cruz do Arari,f,0,,0,2025-12-19 20:37:24.515322+00,
5a505a1c-3214-4f34-bf6e-4c7117c0e6fa,PA,Santa Izabel do Pará,f,0,,0,2025-12-19 20:37:24.515322+00,
b94c67b2-5bc0-4327-b126-72bdb0636f18,PA,Santa Luzia do Pará,f,0,,0,2025-12-19 20:37:24.515322+00,
5f32614b-8fd7-4114-a27b-238fe71be7bb,PA,Santa Maria das Barreiras,f,0,,0,2025-12-19 20:37:24.515322+00,
01376136-273b-429f-a59b-f0dc479383d6,PA,Santa Maria do Pará,f,0,,0,2025-12-19 20:37:24.515322+00,
9464ca0f-96c0-496d-a53b-cbbfa95fdc41,PA,Santana do Araguaia,f,0,,0,2025-12-19 20:37:24.515322+00,
eeefd358-6589-48f6-ad70-58d85c775b92,PA,Santarém,f,0,,0,2025-12-19 20:37:24.515322+00,
aca6bb90-5363-4dd7-adec-cd693a791d78,PA,Santarém Novo,f,0,,0,2025-12-19 20:37:24.515322+00,
bbeea1c7-f2f3-4df7-991d-533418a62bb9,PA,Santo Antônio do Tauá,f,0,,0,2025-12-19 20:37:24.515322+00,
a1e43a77-abe1-4408-b662-2746827cf452,PA,São Caetano de Odivelas,f,0,,0,2025-12-19 20:37:24.515322+00,
ddf5a7a7-4fb5-4aed-9d05-93ab2531ccf1,PA,São Domingos do Araguaia,f,0,,0,2025-12-19 20:37:24.515322+00,
cfb7a683-03f4-4055-ba7b-3257f98e277f,PA,São Domingos do Capim,f,0,,0,2025-12-19 20:37:24.515322+00,
639799d5-7f6d-46e8-944c-f0a6c4e31f19,PA,São Félix do Xingu,f,0,,0,2025-12-19 20:37:24.515322+00,
31277af6-77c7-4cd4-8ccb-4e6a245036fc,PA,São Francisco do Pará,f,0,,0,2025-12-19 20:37:24.515322+00,
93367f31-41be-402f-aad7-9a5c44eea69e,PA,São Geraldo do Araguaia,f,0,,0,2025-12-19 20:37:24.515322+00,
2991b414-7642-46a4-86d7-81bcbd8b672b,PA,São João da Ponta,f,0,,0,2025-12-19 20:37:24.515322+00,
ed8f5a97-32af-4d27-89f0-3518d40b615d,PA,São João de Pirabas,f,0,,0,2025-12-19 20:37:24.515322+00,
50bd2b4b-91be-49fc-8f8a-3a2be329ada9,PA,São João do Araguaia,f,0,,0,2025-12-19 20:37:24.515322+00,
c464822f-1500-4629-9f9a-3db8aa66748a,PA,São Miguel do Guamá,f,0,,0,2025-12-19 20:37:24.515322+00,
0deb5826-e7b1-4baf-aa62-bfd2798dfdbe,PA,São Sebastião da Boa Vista,f,0,,0,2025-12-19 20:37:24.515322+00,
f745958d-fe5b-4de2-a4b7-4f57d6e08b14,PA,Sapucaia,f,0,,0,2025-12-19 20:37:24.515322+00,
2b5db560-17e9-4f80-8a52-1a21f2444095,PA,Senador José Porfírio,f,0,,0,2025-12-19 20:37:24.515322+00,
1e5e445c-6200-4631-b60b-2dbac0b57505,PA,Soure,f,0,,0,2025-12-19 20:37:24.515322+00,
12cfb4db-3ccc-4ed3-be7f-2093b03e94b5,PA,Tailândia,f,0,,0,2025-12-19 20:37:24.515322+00,
7a050be7-ac69-4935-af6e-257eca94fd59,PA,Terra Alta,f,0,,0,2025-12-19 20:37:24.515322+00,
0d418ff4-6ac9-47ea-a6ef-e02b1f63efb6,PA,Terra Santa,f,0,,0,2025-12-19 20:37:24.515322+00,
cc8f34f3-88b0-4702-b452-fabb54ae9344,PA,Tomé-Açu,f,0,,0,2025-12-19 20:37:24.515322+00,
d379cb31-e048-47db-8b17-f64aa09252b4,PA,Tracuateua,f,0,,0,2025-12-19 20:37:24.515322+00,
18f2b73e-ae6e-4fe5-93f4-0dcdc78447fb,PA,Trairão,f,0,,0,2025-12-19 20:37:24.515322+00,
7b39f48b-8b63-47a4-9558-63ca3894bb9f,PA,Tucumã,f,0,,0,2025-12-19 20:37:24.515322+00,
31e887c9-f033-4a91-bb5a-062af5af5d9d,PA,Tucuruí,f,0,,0,2025-12-19 20:37:24.515322+00,
9254d44a-668a-45cf-856e-9dd64dd2bd84,PA,Ulianópolis,f,0,,0,2025-12-19 20:37:24.515322+00,
fafa8c62-f194-494f-9c84-fd942c004a26,PA,Uruará,f,0,,0,2025-12-19 20:37:24.515322+00,
1976ce9e-5cca-45c4-8355-65fe3aa5fe41,PA,Vigia,f,0,,0,2025-12-19 20:37:24.515322+00,
dd4aff1f-1bb6-4764-8df5-8dc1e1e298db,PA,Viseu,f,0,,0,2025-12-19 20:37:24.515322+00,
cbfc0831-b012-4d22-a6e6-3b688833861f,PA,Vitória do Xingu,f,0,,0,2025-12-19 20:37:24.515322+00,
3d744fc0-efe3-459b-9a80-8fe24089a91e,PA,Xinguara,f,0,,0,2025-12-19 20:37:24.515322+00,
1799ccbc-d09b-40ac-a7bf-b4a4c4a08025,PB,Água Branca,f,0,,0,2025-12-19 20:37:24.515322+00,
59b30d1d-0509-448d-bff1-f14b3fa3ba02,PB,Aguiar,f,0,,0,2025-12-19 20:37:24.515322+00,
999fafe5-e6eb-4d04-b0c6-6bda7430acb2,PB,Alagoa Grande,f,0,,0,2025-12-19 20:37:24.515322+00,
1e1a1083-7110-4df0-ad22-36ef558f0829,PB,Alagoa Nova,f,0,,0,2025-12-19 20:37:24.515322+00,
73a4fe4b-d996-4458-9d4d-6d8bf7b90d79,PB,Alagoinha,f,0,,0,2025-12-19 20:37:24.515322+00,
93a0f881-f53d-413a-99f1-65b73ad4e8ad,PB,Alcantil,f,0,,0,2025-12-19 20:37:24.515322+00,
8dcc5f29-4a8d-4ec1-9197-2dc6c8c865cf,PB,Algodão de Jandaíra,f,0,,0,2025-12-19 20:37:24.515322+00,
2b0aeee5-325d-4ccb-a1b4-34b6e33c279a,PB,Alhandra,f,0,,0,2025-12-19 20:37:24.515322+00,
7b666216-a495-4a30-8998-a57419ff4eb5,PB,Amparo,f,0,,0,2025-12-19 20:37:24.515322+00,
468d9cca-c6fa-4834-b7e2-e7791376be5d,PB,Aparecida,f,0,,0,2025-12-19 20:37:24.515322+00,
52e212cd-8391-42c4-91a4-c2dd0d28ba29,PB,Araçagi,f,0,,0,2025-12-19 20:37:24.515322+00,
3218ae03-1bc4-426f-9691-5691b96f1af7,PB,Arara,f,0,,0,2025-12-19 20:37:24.515322+00,
87f7172d-ef00-422c-9606-2e129d0b321f,PB,Araruna,f,0,,0,2025-12-19 20:37:24.515322+00,
27985ec1-0187-4222-8db3-4a3286527140,PB,Areia,f,0,,0,2025-12-19 20:37:24.515322+00,
e2977364-3241-496f-ac40-b73f1ab4542e,PB,Areia de Baraúnas,f,0,,0,2025-12-19 20:37:24.515322+00,
f2b4670b-166a-4769-a6e0-23bc00f09a96,MG,Medeiros,f,0,,0,2025-12-19 20:37:24.183482+00,
98ba4e31-05bc-4683-b63b-6bd1e4cdde8a,MG,Medina,f,0,,0,2025-12-19 20:37:24.183482+00,
97e67ec0-f98d-4190-bb10-a494b779f6b9,MG,Mendes Pimentel,f,0,,0,2025-12-19 20:37:24.183482+00,
d4ca8f43-19c8-423a-b7de-e7545ed0e1c9,MG,Mercês,f,0,,0,2025-12-19 20:37:24.183482+00,
a077c70b-56f1-4cd6-945e-5e002b4ba89a,MG,Mesquita,f,0,,0,2025-12-19 20:37:24.183482+00,
3f65a0cc-1ec5-4d13-8bd9-30617b654cee,MG,Minas Novas,f,0,,0,2025-12-19 20:37:24.183482+00,
2047de60-b624-40b9-940f-b11451702efc,MG,Minduri,f,0,,0,2025-12-19 20:37:24.183482+00,
8b45637c-41eb-451c-8408-56716f381576,MG,Mirabela,f,0,,0,2025-12-19 20:37:24.183482+00,
f7de1fb3-b651-4dd7-82f5-4dae6b7f103b,MG,Miradouro,f,0,,0,2025-12-19 20:37:24.183482+00,
e9d3f736-9265-482f-ba1a-2ec715fb9b60,MG,Miraí,f,0,,0,2025-12-19 20:37:24.183482+00,
a46ab79e-c952-4f1a-a879-4c4eb30eb5c6,MG,Miravânia,f,0,,0,2025-12-19 20:37:24.183482+00,
4680f0d1-4e08-4032-8d21-cf94c2562722,MG,Moeda,f,0,,0,2025-12-19 20:37:24.183482+00,
8df9b3f1-0cc6-4e46-b257-1f5db03d3f94,MG,Moema,f,0,,0,2025-12-19 20:37:24.183482+00,
dce662bb-b1d8-4c6e-9b2b-96ace97d2aaa,MG,Monjolos,f,0,,0,2025-12-19 20:37:24.183482+00,
0b3a931f-4ca5-4d98-8a83-11abd10f19bf,MG,Monsenhor Paulo,f,0,,0,2025-12-19 20:37:24.183482+00,
c9a3e6c5-d976-44dc-a9b8-960cfc05ef86,MG,Montalvânia,f,0,,0,2025-12-19 20:37:24.183482+00,
564dd9c0-271f-4042-93d9-9bbd54fa9bc9,MG,Monte Alegre de Minas,f,0,,0,2025-12-19 20:37:24.183482+00,
9bda98ea-6d7d-4dfc-9deb-e66654e586a0,MG,Monte Azul,f,0,,0,2025-12-19 20:37:24.183482+00,
c9e84b89-2ee4-4309-80ca-71d940646c48,MG,Monte Belo,f,0,,0,2025-12-19 20:37:24.183482+00,
0e1c4110-4a54-419d-8381-6cd88ac5d98b,MG,Monte Carmelo,f,0,,0,2025-12-19 20:37:24.183482+00,
38e7762f-e75b-4a33-af5d-710e01c71e8d,MG,Monte Formoso,f,0,,0,2025-12-19 20:37:24.183482+00,
fd3240f5-b62e-46fd-8cd6-e185fc12ccae,MG,Monte Santo de Minas,f,0,,0,2025-12-19 20:37:24.183482+00,
0d6510d9-b4e3-4e95-b02e-a22cbccc7a95,MG,Monte Sião,f,0,,0,2025-12-19 20:37:24.183482+00,
119ccb1b-5d85-4239-8b58-76306b98a096,MG,Montes Claros,f,0,,0,2025-12-19 20:37:24.183482+00,
72bf6118-088b-44b0-9d0c-c45d73c717aa,MG,Montezuma,f,0,,0,2025-12-19 20:37:24.183482+00,
2374a53c-231e-4a05-beca-d44fc677d566,MG,Morada Nova de Minas,f,0,,0,2025-12-19 20:37:24.183482+00,
fbadd85f-3d7f-4800-a262-fdabbfd02977,MG,Morro da Garça,f,0,,0,2025-12-19 20:37:24.183482+00,
88ef9bb4-53e8-47c4-9b04-72059180d3d9,MG,Morro do Pilar,f,0,,0,2025-12-19 20:37:24.183482+00,
810a4195-e57b-4f99-b060-a1d14e686760,MG,Munhoz,f,0,,0,2025-12-19 20:37:24.183482+00,
39aeb499-6b4a-40f5-b682-9d4d05047de3,MG,Muriaé,f,0,,0,2025-12-19 20:37:24.183482+00,
5063363b-9861-4171-8c8e-abfb08e35bbf,MG,Mutum,f,0,,0,2025-12-19 20:37:24.183482+00,
87ed16ba-b2a1-442d-b1c2-c4f9057d0dbe,MG,Muzambinho,f,0,,0,2025-12-19 20:37:24.183482+00,
364b8a09-e7f9-4b7c-826f-1e99b686477b,MG,Nacip Raydan,f,0,,0,2025-12-19 20:37:24.183482+00,
765d947d-1b90-46b1-a01a-cd52a42973be,MG,Nanuque,f,0,,0,2025-12-19 20:37:24.183482+00,
2d7283e4-3a89-474b-ab97-6f6640136f98,MG,Naque,f,0,,0,2025-12-19 20:37:24.183482+00,
9832d9f2-1311-4bf3-bd0f-49495a03ef3d,MG,Natalândia,f,0,,0,2025-12-19 20:37:24.183482+00,
ec9e6e96-5eac-4ab2-b848-f047f07558a7,MG,Natércia,f,0,,0,2025-12-19 20:37:24.183482+00,
bcdf2d76-4afd-4ad3-8065-11188e8694f8,MG,Nazareno,f,0,,0,2025-12-19 20:37:24.183482+00,
f2b4b682-bbdb-4a91-a5e1-91360e343516,MG,Nepomuceno,f,0,,0,2025-12-19 20:37:24.183482+00,
a9dd55d9-f090-4866-ab98-128df991cbfa,MG,Ninheira,f,0,,0,2025-12-19 20:37:24.183482+00,
ff283a55-1ea6-4306-9688-a222bca0459c,MG,Nova Belém,f,0,,0,2025-12-19 20:37:24.183482+00,
eafc2481-dbfb-4424-986d-fb34f98c56cc,MG,Nova Era,f,0,,0,2025-12-19 20:37:24.183482+00,
f0c21935-1a48-44fd-a2d3-d4e8828cbc7c,MG,Nova Lima,f,0,,0,2025-12-19 20:37:24.183482+00,
d1b7c199-659b-4ffe-ab2e-0d25edde1cf5,MG,Nova Módica,f,0,,0,2025-12-19 20:37:24.183482+00,
19b00937-99eb-4fc2-b469-3b3bc0c62c5d,MG,Nova Ponte,f,0,,0,2025-12-19 20:37:24.183482+00,
d8f278cf-57ab-4891-a92e-8dac888ef92f,MG,Nova Porteirinha,f,0,,0,2025-12-19 20:37:24.183482+00,
3ec272ae-4594-4bd7-9f5a-e100134a31e8,MG,Nova Resende,f,0,,0,2025-12-19 20:37:24.183482+00,
4036c687-11e6-4bd6-a181-45a92c2f35b5,MG,Nova Serrana,f,0,,0,2025-12-19 20:37:24.183482+00,
90ab7c56-6296-4e8c-b177-b1c0009e6b2f,MG,Nova União,f,0,,0,2025-12-19 20:37:24.183482+00,
83ca5b72-6319-4bdf-ad04-e14ecedb57ef,MG,Novo Cruzeiro,f,0,,0,2025-12-19 20:37:24.183482+00,
c3932259-ae45-4783-8270-1fa5438fa44c,MG,Novo Oriente de Minas,f,0,,0,2025-12-19 20:37:24.183482+00,
e4b96679-3221-4d55-8296-ed2a386d9573,MG,Novorizonte,f,0,,0,2025-12-19 20:37:24.183482+00,
e64423be-374e-462a-b51b-33fdd29a7edf,MG,Olaria,f,0,,0,2025-12-19 20:37:24.183482+00,
1732d437-8000-461b-bec4-8a8f3fbee675,MG,Olhos-d'Água,f,0,,0,2025-12-19 20:37:24.183482+00,
c2ded80e-2e9a-4329-8fc2-0b40b80cb407,MG,Olímpio Noronha,f,0,,0,2025-12-19 20:37:24.183482+00,
49259b14-1e05-4098-96b8-2f2d41ada0a4,MG,Oliveira,f,0,,0,2025-12-19 20:37:24.183482+00,
d89fe9f3-fd6c-425e-914b-7d971acdf3f8,MG,Oliveira Fortes,f,0,,0,2025-12-19 20:37:24.183482+00,
e8ce3626-0ff0-4e77-b03c-1f06c48054cd,MG,Onça de Pitangui,f,0,,0,2025-12-19 20:37:24.183482+00,
c55db566-84bd-45ca-ad2f-25067d1789ed,MG,Oratórios,f,0,,0,2025-12-19 20:37:24.183482+00,
f7ad3f1f-bc77-4122-a095-20315b438f1b,MG,Orizânia,f,0,,0,2025-12-19 20:37:24.183482+00,
f2cc4d24-fb1e-4818-bc1e-e2e1237ed3ba,MG,Ouro Branco,f,0,,0,2025-12-19 20:37:24.183482+00,
12686974-4386-4f8a-a9ed-56ae8f8e0fcc,MG,Ouro Fino,f,0,,0,2025-12-19 20:37:24.183482+00,
1186532b-37a8-418d-a983-95346fdaa623,MG,Ouro Preto,f,0,,0,2025-12-19 20:37:24.183482+00,
e3bc2fb4-88ab-4d98-af5c-d3fc722ce75a,MG,Ouro Verde de Minas,f,0,,0,2025-12-19 20:37:24.183482+00,
1d1bc268-e60b-46e6-9688-30490e0a5662,MG,Padre Carvalho,f,0,,0,2025-12-19 20:37:24.183482+00,
1e168527-5d22-4d9a-9b07-22ddaf28e4e3,MG,Padre Paraíso,f,0,,0,2025-12-19 20:37:24.183482+00,
045e3ac4-6d08-49de-b15e-9ed98a15d407,MG,Pai Pedro,f,0,,0,2025-12-19 20:37:24.183482+00,
72c502c9-be2b-4ffb-9551-8cccca73898a,MG,Paineiras,f,0,,0,2025-12-19 20:37:24.183482+00,
bf103fdf-0aa7-4c37-9a00-de9a5c443c41,MG,Pains,f,0,,0,2025-12-19 20:37:24.183482+00,
9d0126fb-f922-40f1-ad26-4ea7c5ae1d6a,MG,Paiva,f,0,,0,2025-12-19 20:37:24.183482+00,
da491295-38d4-4f9e-9ad0-2d9bb64aa464,MG,Palma,f,0,,0,2025-12-19 20:37:24.183482+00,
c089ac6e-7d14-489f-b39e-f1152d5a08c2,MG,Palmópolis,f,0,,0,2025-12-19 20:37:24.183482+00,
c474a15b-c517-4dae-bdbd-9c5accfe325b,MG,Papagaios,f,0,,0,2025-12-19 20:37:24.183482+00,
ab6102ba-578c-4f7e-ba1c-cb4778017ef3,MG,Pará de Minas,f,0,,0,2025-12-19 20:37:24.183482+00,
17064090-aa1b-47ff-8746-c64a841273ce,MG,Paracatu,f,0,,0,2025-12-19 20:37:24.183482+00,
2234beaf-1573-4f00-8fce-ca668a469fd9,MG,Paraguaçu,f,0,,0,2025-12-19 20:37:24.183482+00,
bfbba4ff-c4a4-4c7d-bced-d2382223ba6f,MG,Paraisópolis,f,0,,0,2025-12-19 20:37:24.183482+00,
6953d789-2c8d-4037-8b2c-1784592057a8,MG,Paraopeba,f,0,,0,2025-12-19 20:37:24.183482+00,
7e0cb7bb-beb7-4107-9cca-b42046723b60,MG,Passa Quatro,f,0,,0,2025-12-19 20:37:24.183482+00,
ac8da7e7-1d59-4484-94e3-fa466c1184bd,MG,Passa Tempo,f,0,,0,2025-12-19 20:37:24.183482+00,
7464a151-777b-4075-aa9a-60c633d189b9,MG,Passa-Vinte,f,0,,0,2025-12-19 20:37:24.183482+00,
303398d6-ea8b-4ea5-bd3a-52c60f50fe0d,MG,Passabém,f,0,,0,2025-12-19 20:37:24.183482+00,
28f3edb3-e4e5-4202-8103-4ab0045848fc,MG,Passos,f,0,,0,2025-12-19 20:37:24.183482+00,
98f6803f-14b6-4b97-9256-62bce511478e,MG,Patis,f,0,,0,2025-12-19 20:37:24.183482+00,
d88848f8-ae9d-4ec6-a33a-1b49937a2247,MG,Patos de Minas,f,0,,0,2025-12-19 20:37:24.183482+00,
be8eb90c-b3b1-49e5-b999-a3152af7c364,MG,Patrocínio,f,0,,0,2025-12-19 20:37:24.183482+00,
9156307e-d116-4162-a14d-e89c906f8e20,MG,Patrocínio do Muriaé,f,0,,0,2025-12-19 20:37:24.183482+00,
eb7f0aef-be45-4500-abc1-d97a31d826c1,MG,Paula Cândido,f,0,,0,2025-12-19 20:37:24.183482+00,
cb140f0d-9eb3-4038-b13d-b855ea5ef605,MG,Paulistas,f,0,,0,2025-12-19 20:37:24.183482+00,
f561b92b-717b-4291-93ba-39515370f37a,MG,Pavão,f,0,,0,2025-12-19 20:37:24.183482+00,
71f32f57-9b0b-4da5-972d-4b290ca6d290,MG,Peçanha,f,0,,0,2025-12-19 20:37:24.183482+00,
c3307c23-fd51-4377-8e65-ff1ed3d31228,MG,Pedra Azul,f,0,,0,2025-12-19 20:37:24.183482+00,
ebe42865-9261-4da7-8fb9-28010ea85f63,MG,Pedra Bonita,f,0,,0,2025-12-19 20:37:24.183482+00,
316b6d7e-8ee8-4642-96dd-1676284542a4,MG,Pedra do Anta,f,0,,0,2025-12-19 20:37:24.183482+00,
b5e84d4c-9d29-4091-8ccb-27521d0db19b,MG,Pedra do Indaiá,f,0,,0,2025-12-19 20:37:24.183482+00,
64875fa2-a24d-4c0e-b54b-a451a10c0127,MG,Pedra Dourada,f,0,,0,2025-12-19 20:37:24.183482+00,
5d66e735-13e7-47bf-9e61-2cd6937d7674,MG,Pedralva,f,0,,0,2025-12-19 20:37:24.183482+00,
9ae27172-ebcb-48aa-afde-a1a70352d844,MG,Pedras de Maria da Cruz,f,0,,0,2025-12-19 20:37:24.183482+00,
30687607-ad02-4ef2-a1e1-f2d8945b8f31,MG,Pedrinópolis,f,0,,0,2025-12-19 20:37:24.183482+00,
5b88d62f-1071-4967-aa80-8bfaf585a125,MG,Pedro Leopoldo,f,0,,0,2025-12-19 20:37:24.183482+00,
e4cc33ca-565b-4d12-a361-beed5ac09448,MG,Pedro Teixeira,f,0,,0,2025-12-19 20:37:24.183482+00,
d94cb0e5-88dd-4809-bfa8-ea725efd06c9,MG,Pequeri,f,0,,0,2025-12-19 20:37:24.183482+00,
391fac1b-055d-4b59-a639-f79f30d48dea,MG,Pequi,f,0,,0,2025-12-19 20:37:24.183482+00,
4d5036b2-e31d-48ed-ab2d-1d88c42bef08,MG,Perdigão,f,0,,0,2025-12-19 20:37:24.183482+00,
c40424ce-f843-4bf5-8356-65d906af0fbb,MG,Perdizes,f,0,,0,2025-12-19 20:37:24.183482+00,
3052e4c9-95d0-417c-86d5-57cb1715d12c,MG,Perdões,f,0,,0,2025-12-19 20:37:24.183482+00,
3efe761c-df61-4912-9fa6-1ef240148bcc,MG,Periquito,f,0,,0,2025-12-19 20:37:24.183482+00,
a1352b56-49cc-4483-a284-40c2c687d34e,MG,Pescador,f,0,,0,2025-12-19 20:37:24.183482+00,
6716c1aa-b6e1-4491-af16-4ec1d60be3dc,MG,Piau,f,0,,0,2025-12-19 20:37:24.183482+00,
83ca8b42-04c1-4aeb-a61c-aca8013acdf7,MG,Piedade de Caratinga,f,0,,0,2025-12-19 20:37:24.183482+00,
552dea2c-eaa0-45d8-9af8-77bf65e99665,MG,Piedade de Ponte Nova,f,0,,0,2025-12-19 20:37:24.183482+00,
20ab8842-497a-455b-b13c-ce3334458310,MG,Piedade do Rio Grande,f,0,,0,2025-12-19 20:37:24.183482+00,
a9c18dd8-de92-4054-b249-e4bc39c4f42d,MG,Piedade dos Gerais,f,0,,0,2025-12-19 20:37:24.183482+00,
6f8bffd0-25df-4a98-a03a-c59f466f3be6,MG,Pimenta,f,0,,0,2025-12-19 20:37:24.183482+00,
cb581e24-12fa-49fa-9b70-4a1be883f925,MG,Pingo-d'Água,f,0,,0,2025-12-19 20:37:24.183482+00,
7bd2237d-74a9-4f1b-a181-8e2cbcc1eb8f,MG,Pintópolis,f,0,,0,2025-12-19 20:37:24.183482+00,
4977c355-f38a-41a4-8d71-016dd9d690d4,MG,Piracema,f,0,,0,2025-12-19 20:37:24.183482+00,
0bf31f7f-15f1-439b-bb6b-774b359941db,MG,Pirajuba,f,0,,0,2025-12-19 20:37:24.183482+00,
0109664b-cf95-4eaa-aaaa-7569686321d0,MG,Piranga,f,0,,0,2025-12-19 20:37:24.183482+00,
9455b49b-136b-41fa-a7f2-a90ba9725eef,MG,Piranguçu,f,0,,0,2025-12-19 20:37:24.183482+00,
2a68e4cf-abd8-47c6-9ab3-e72e0a3d16ae,MG,Piranguinho,f,0,,0,2025-12-19 20:37:24.183482+00,
f139a3e9-ec46-4198-be05-1fc32470f8ef,MG,Pirapetinga,f,0,,0,2025-12-19 20:37:24.183482+00,
d5cc35db-d056-4a67-824a-983ced49f1d3,MG,Pirapora,f,0,,0,2025-12-19 20:37:24.183482+00,
132b0843-ff5a-4416-b5f1-2f1ede87ace7,MG,Piraúba,f,0,,0,2025-12-19 20:37:24.183482+00,
6a21409a-c2a1-4712-ad58-37a446b8c2e2,MG,Pitangui,f,0,,0,2025-12-19 20:37:24.183482+00,
ca27d8b2-8f71-4d9e-bc85-b3e3db7a68fe,MG,Piumhi,f,0,,0,2025-12-19 20:37:24.183482+00,
b5ea59cf-e691-46da-8f0a-464d15d93060,MG,Planura,f,0,,0,2025-12-19 20:37:24.183482+00,
f798a86d-fd82-450d-a1b4-55ad22be753a,MG,Poço Fundo,f,0,,0,2025-12-19 20:37:24.183482+00,
20817307-9bf7-41cf-835e-7ff5d383f957,MG,Poços de Caldas,f,0,,0,2025-12-19 20:37:24.183482+00,
ecaec89f-8e07-46ec-994c-e9a88bbd9e67,MG,Pocrane,f,0,,0,2025-12-19 20:37:24.183482+00,
d097d31d-0a4f-4030-af93-96af49c1fc47,MG,Pompéu,f,0,,0,2025-12-19 20:37:24.183482+00,
cec196f7-da32-4473-a394-5b2c8871c959,MG,Ponte Nova,f,0,,0,2025-12-19 20:37:24.183482+00,
0ef31f8f-bbe4-47d1-9b58-e0bcc53e23b9,MG,Ponto Chique,f,0,,0,2025-12-19 20:37:24.183482+00,
221806d6-11ab-49ba-9440-1561cf33f51f,MG,Ponto dos Volantes,f,0,,0,2025-12-19 20:37:24.183482+00,
552564ed-8be2-4aa9-9e40-9615ff0c3cec,MG,Porteirinha,f,0,,0,2025-12-19 20:37:24.183482+00,
7ceb8a6f-5c58-4110-8edd-583252b3a339,MG,Porto Firme,f,0,,0,2025-12-19 20:37:24.183482+00,
1d41ed60-a674-4ea6-8993-5f46d1d002bb,MG,Poté,f,0,,0,2025-12-19 20:37:24.183482+00,
efba22a8-2aa3-4f0b-a5ca-4c48ab4ad9b5,MG,Pouso Alegre,f,0,,0,2025-12-19 20:37:24.183482+00,
6199e7f0-040d-4761-be4e-c5fbca8f3de3,MG,Pouso Alto,f,0,,0,2025-12-19 20:37:24.183482+00,
61f7cab1-6a75-4683-850f-79553ef49135,MG,Prados,f,0,,0,2025-12-19 20:37:24.183482+00,
5b3857ca-aaf4-45e2-8573-69b38259db7b,MG,Prata,f,0,,0,2025-12-19 20:37:24.183482+00,
ed431463-4233-47dd-acdc-edb500d188b5,MG,Pratápolis,f,0,,0,2025-12-19 20:37:24.183482+00,
8668dbc7-c796-4063-9e16-79813e29cc3c,MG,Pratinha,f,0,,0,2025-12-19 20:37:24.183482+00,
3a55d129-383e-46a3-a0ba-8c22f776e7c0,MG,Presidente Bernardes,f,0,,0,2025-12-19 20:37:24.183482+00,
c5e8ca1e-25b8-4a59-81ec-7d1f07ecb018,MG,Presidente Juscelino,f,0,,0,2025-12-19 20:37:24.183482+00,
3cfe654e-3caa-41bb-a211-59c1875868cf,MG,Presidente Kubitschek,f,0,,0,2025-12-19 20:37:24.183482+00,
48ff4771-a2da-4a0d-962b-f073dbfa8cf2,MG,Presidente Olegário,f,0,,0,2025-12-19 20:37:24.183482+00,
a21f04fb-5fce-4219-81f5-b9d0c80dc0e3,MG,Prudente de Morais,f,0,,0,2025-12-19 20:37:24.183482+00,
fb608ee6-c8cd-4c99-9010-82869dcfd634,MG,Quartel Geral,f,0,,0,2025-12-19 20:37:24.183482+00,
a1c38829-9425-4339-b8d4-41b226afad5b,MG,Queluzito,f,0,,0,2025-12-19 20:37:24.183482+00,
10892480-0a8e-4b09-b73f-9f1629d4f03e,MG,Raposos,f,0,,0,2025-12-19 20:37:24.183482+00,
4ffea7b2-23e2-4cd5-bacf-f9e9c8cdb3cb,MG,Raul Soares,f,0,,0,2025-12-19 20:37:24.183482+00,
e201daea-78fe-44f9-ad79-f4e14b57ee67,MG,Recreio,f,0,,0,2025-12-19 20:37:24.183482+00,
b2902ebe-6de5-486c-80dc-dd209b95255b,MG,Reduto,f,0,,0,2025-12-19 20:37:24.183482+00,
961933ac-a37d-418d-ad31-77300a76c0a3,MG,Resende Costa,f,0,,0,2025-12-19 20:37:24.183482+00,
9da20044-fbbc-4a7b-9690-e350a9c67c36,MG,Resplendor,f,0,,0,2025-12-19 20:37:24.183482+00,
e7e9086a-27d7-499a-9eba-4d30c6d9fd9c,MG,Ressaquinha,f,0,,0,2025-12-19 20:37:24.183482+00,
3ddaa42d-967e-4557-8c33-340670d2ba0c,MG,Riachinho,f,0,,0,2025-12-19 20:37:24.183482+00,
09ad1f6b-b95d-48b8-b14d-d56e78dc895b,MG,Riacho dos Machados,f,0,,0,2025-12-19 20:37:24.183482+00,
07f8271d-6fd7-429c-b2f1-ecc1fc48937a,MG,Ribeirão das Neves,f,0,,0,2025-12-19 20:37:24.183482+00,
5ede1f4c-faa4-4895-b66f-8fa81549c324,MG,Ribeirão Vermelho,f,0,,0,2025-12-19 20:37:24.183482+00,
8efaa035-cf34-4664-bca8-a482c8ee9f0d,MG,Rio Acima,f,0,,0,2025-12-19 20:37:24.183482+00,
45c00076-990b-457d-a04b-0c6be8067746,MG,Rio Casca,f,0,,0,2025-12-19 20:37:24.183482+00,
28fd8dfa-14db-4085-870a-e3c761279422,MG,Rio do Prado,f,0,,0,2025-12-19 20:37:24.183482+00,
e7b20213-2a1a-4f37-ae9a-6dcd00d58629,MG,Rio Doce,f,0,,0,2025-12-19 20:37:24.183482+00,
f0adfa3a-1e7f-41b9-ab12-87bb6937959f,MG,Rio Espera,f,0,,0,2025-12-19 20:37:24.183482+00,
0a633e20-1911-447e-8cbe-b5f82be45221,MG,Rio Manso,f,0,,0,2025-12-19 20:37:24.183482+00,
10fbf8a1-6e04-4e89-bab3-9dac38d845e8,MG,Rio Novo,f,0,,0,2025-12-19 20:37:24.183482+00,
7c3c4211-244e-40bf-afa0-eea00ea2f82d,MG,Rio Paranaíba,f,0,,0,2025-12-19 20:37:24.183482+00,
162727df-0b21-45ad-8611-18698d33c982,MG,Rio Pardo de Minas,f,0,,0,2025-12-19 20:37:24.183482+00,
ac06b2dc-efa6-4c95-b928-66c9800d257f,MG,Rio Piracicaba,f,0,,0,2025-12-19 20:37:24.183482+00,
e440cbbf-c17b-4499-a08e-ce1804995dd1,MG,Rio Pomba,f,0,,0,2025-12-19 20:37:24.183482+00,
a3149523-37eb-43b7-b3cc-2cf36471b7e6,MG,Rio Preto,f,0,,0,2025-12-19 20:37:24.183482+00,
ac39a880-795e-40b7-9692-d6ed76194cc5,MG,Rio Vermelho,f,0,,0,2025-12-19 20:37:24.183482+00,
9764d641-807b-48e9-b9cc-ded03571a0c8,MG,Ritápolis,f,0,,0,2025-12-19 20:37:24.183482+00,
e25d599e-7b23-4668-80d9-6f69204ddbc0,MG,Rochedo de Minas,f,0,,0,2025-12-19 20:37:24.183482+00,
3a8510fa-7209-4c7b-a8f2-45b5aaccd21a,MG,Rodeiro,f,0,,0,2025-12-19 20:37:24.183482+00,
a907bef8-b357-4a85-837b-5675bd7d13d9,MG,Romaria,f,0,,0,2025-12-19 20:37:24.183482+00,
8456f37d-0bc2-4903-908e-41096baf4277,MG,Rosário da Limeira,f,0,,0,2025-12-19 20:37:24.183482+00,
993f57f6-bd85-4b06-841a-c257883c77c1,MG,Rubelita,f,0,,0,2025-12-19 20:37:24.183482+00,
ee8a37fa-7d2b-4f06-9e70-ee7df0c1548d,MG,Rubim,f,0,,0,2025-12-19 20:37:24.183482+00,
bce37d91-b585-43a5-9297-ad2a2c429887,MG,Sabará,f,0,,0,2025-12-19 20:37:24.183482+00,
5ffade12-516d-44e9-a0a2-1970cb3fcc62,MG,Sabinópolis,f,0,,0,2025-12-19 20:37:24.183482+00,
054285fd-9be3-40fb-84b0-b05d0f19aeb7,MG,Sacramento,f,0,,0,2025-12-19 20:37:24.183482+00,
f9689a5b-8feb-4111-b12c-fc90e1e54e5c,MG,Salinas,f,0,,0,2025-12-19 20:37:24.183482+00,
652b41a9-ccb7-4675-bf97-9ea69d2d4f1e,MG,Salto da Divisa,f,0,,0,2025-12-19 20:37:24.183482+00,
9d4c310a-6098-4271-b590-05ac5102714f,MG,Santa Bárbara,f,0,,0,2025-12-19 20:37:24.183482+00,
cd3bb985-9ee1-4f11-a3bb-112680ac9d83,MG,Santa Bárbara do Leste,f,0,,0,2025-12-19 20:37:24.183482+00,
e1507439-d9ba-4e50-8d36-86ce84a124c0,MG,Santa Bárbara do Monte Verde,f,0,,0,2025-12-19 20:37:24.183482+00,
21f97651-4f98-4715-bc53-ddf11486bdfd,MG,Santa Bárbara do Tugúrio,f,0,,0,2025-12-19 20:37:24.183482+00,
4474071b-a787-46c0-bbb6-9c5d7cea9986,MG,Santa Cruz de Minas,f,0,,0,2025-12-19 20:37:24.183482+00,
db26bdee-d0fe-46e6-87d5-789bd9b4f9db,MG,Santa Cruz de Salinas,f,0,,0,2025-12-19 20:37:24.183482+00,
32b7f9b8-95ab-44ab-afb7-2fdc3514386d,MG,Santa Cruz do Escalvado,f,0,,0,2025-12-19 20:37:24.183482+00,
2338b308-55f4-45e1-87a7-a5091dd8642e,MG,Santa Efigênia de Minas,f,0,,0,2025-12-19 20:37:24.183482+00,
a6b76a84-d2ce-4ceb-815f-9c419eb432d9,MG,Santa Fé de Minas,f,0,,0,2025-12-19 20:37:24.183482+00,
89829ab8-507e-490c-9736-c8cdecbe0184,MG,Santa Helena de Minas,f,0,,0,2025-12-19 20:37:24.183482+00,
dc3b60c4-e8d4-4d15-973e-4272c7f23a0b,MG,Santa Juliana,f,0,,0,2025-12-19 20:37:24.183482+00,
4c7e9530-27f9-4349-aef3-37390c50d2ee,MG,Santa Luzia,f,0,,0,2025-12-19 20:37:24.183482+00,
25c90bb5-b318-4263-bff7-b22cacb5e570,MG,Santa Margarida,f,0,,0,2025-12-19 20:37:24.183482+00,
53cb4de0-ee8f-4900-8c9e-84d1ff80d3f0,MG,Santa Maria de Itabira,f,0,,0,2025-12-19 20:37:24.183482+00,
e4d1c4a8-4a79-4544-b1d9-c9f3eeb17eb9,MG,Santa Maria do Salto,f,0,,0,2025-12-19 20:37:24.183482+00,
f10f6907-bc71-4cd9-993f-d03682f97d7d,MG,Santa Maria do Suaçuí,f,0,,0,2025-12-19 20:37:24.183482+00,
109779b7-90d4-4981-9dbe-e018b9ddac0e,MG,Santa Rita de Caldas,f,0,,0,2025-12-19 20:37:24.183482+00,
85a6b0fd-5f15-46b9-ac09-c615634ca600,MG,Santa Rita de Ibitipoca,f,0,,0,2025-12-19 20:37:24.183482+00,
6c223297-2993-4d86-b951-bca65fbda72d,MG,Santa Rita de Jacutinga,f,0,,0,2025-12-19 20:37:24.183482+00,
e33d824f-6755-41a6-885d-34c28b763603,MG,Santa Rita de Minas,f,0,,0,2025-12-19 20:37:24.183482+00,
3d4bc1c2-37e1-44da-a1b6-b3bb48aaae5f,MG,Santa Rita do Itueto,f,0,,0,2025-12-19 20:37:24.183482+00,
c4d6aaff-a65f-46d9-8a0d-e5fb76b80632,MG,Santa Rita do Sapucaí,f,0,,0,2025-12-19 20:37:24.183482+00,
204cebc8-0ae5-40bd-8ec1-9331fb4807e7,MG,Santa Rosa da Serra,f,0,,0,2025-12-19 20:37:24.183482+00,
c834c9a4-17fa-418e-bde0-835b0a1dfc8a,MG,Santa Vitória,f,0,,0,2025-12-19 20:37:24.183482+00,
8a0f7e84-4414-4847-a543-51c7c4419f6a,MG,Santana da Vargem,f,0,,0,2025-12-19 20:37:24.183482+00,
51675107-d7b1-4087-a9f0-dc15bea03d56,MG,Santana de Cataguases,f,0,,0,2025-12-19 20:37:24.183482+00,
175a0c3f-002d-4af8-97a7-4d3827823b94,MG,Santana de Pirapama,f,0,,0,2025-12-19 20:37:24.183482+00,
ced77199-6dfb-41ba-ba05-deb4f098aa09,MG,Santana do Deserto,f,0,,0,2025-12-19 20:37:24.183482+00,
8d28a183-bd26-4321-a0cf-ba41d95ef79a,MG,Santana do Garambéu,f,0,,0,2025-12-19 20:37:24.183482+00,
0b5a6e79-3bc6-4306-a8bc-b033fcda2a8c,MG,Santana do Jacaré,f,0,,0,2025-12-19 20:37:24.183482+00,
d0ef231e-b761-45c9-ae23-f6f1c0a55814,MG,Santana do Manhuaçu,f,0,,0,2025-12-19 20:37:24.183482+00,
791944c1-2fbc-4865-a9b1-9e374b7b01fb,MG,Santana do Paraíso,f,0,,0,2025-12-19 20:37:24.183482+00,
530618e9-60fa-4d25-82f5-13600e86a4e9,MG,Santana do Riacho,f,0,,0,2025-12-19 20:37:24.183482+00,
efebae95-b838-4612-a778-85902f63e396,MG,Santana dos Montes,f,0,,0,2025-12-19 20:37:24.183482+00,
4b89b4b7-7158-4ceb-8d7c-f7d5acd313f0,MG,Santo Antônio do Amparo,f,0,,0,2025-12-19 20:37:24.183482+00,
5502fb3d-758a-4472-a7d5-10367abc7b15,MG,Santo Antônio do Aventureiro,f,0,,0,2025-12-19 20:37:24.183482+00,
dcfc74c2-afd9-4bfd-a9f6-7ecf7227b7eb,MG,Santo Antônio do Grama,f,0,,0,2025-12-19 20:37:24.183482+00,
0877fc58-0336-4363-abdf-dd103b4c1570,MG,Santo Antônio do Itambé,f,0,,0,2025-12-19 20:37:24.183482+00,
fff6c74c-438f-41c1-9a9c-4508296ed59d,MG,Santo Antônio do Jacinto,f,0,,0,2025-12-19 20:37:24.183482+00,
30925314-a679-4eda-9417-c6f84e4f864f,MG,Santo Antônio do Monte,f,0,,0,2025-12-19 20:37:24.183482+00,
2e880774-f0ec-4636-942c-fd5ac0b90e36,MG,Santo Antônio do Retiro,f,0,,0,2025-12-19 20:37:24.183482+00,
474d4407-b96f-494b-840a-75dcbf8ef38c,MG,Santo Antônio do Rio Abaixo,f,0,,0,2025-12-19 20:37:24.183482+00,
5a68e6ad-af44-410b-8c12-6415f2cfefcc,MG,Santo Hipólito,f,0,,0,2025-12-19 20:37:24.183482+00,
54c9bd2e-92ba-4916-864a-42f8f4670921,MG,Santos Dumont,f,0,,0,2025-12-19 20:37:24.183482+00,
65f20c04-9005-4b19-ac72-79888b2cdf74,MG,São Bento Abade,f,0,,0,2025-12-19 20:37:24.183482+00,
348a0150-9757-415f-99c3-3c1c42a7305c,MG,São Brás do Suaçuí,f,0,,0,2025-12-19 20:37:24.183482+00,
02999710-983e-4e31-97ac-ae42c0314377,MG,São Domingos das Dores,f,0,,0,2025-12-19 20:37:24.183482+00,
bb9c2ccc-098a-42c4-8a89-1fd7ad9e6ec3,MG,São Domingos do Prata,f,0,,0,2025-12-19 20:37:24.183482+00,
5bb54267-0732-4b83-ae38-31a901026972,MG,São Félix de Minas,f,0,,0,2025-12-19 20:37:24.183482+00,
f20bc8b3-15ef-4bcc-9f2b-7cb6d617e93f,MG,São Francisco,f,0,,0,2025-12-19 20:37:24.183482+00,
76b9d738-b70b-41df-8dca-29596f9f2dd7,MG,São Francisco de Paula,f,0,,0,2025-12-19 20:37:24.183482+00,
2689bc76-5f00-4cfb-9baa-0c9221a271ba,MG,São Francisco de Sales,f,0,,0,2025-12-19 20:37:24.183482+00,
f84af894-22d7-453b-82fe-8c9fb2ff75fd,MG,São Francisco do Glória,f,0,,0,2025-12-19 20:37:24.183482+00,
3405e43a-5b63-4af0-b507-8adadbcacd0a,MG,São Geraldo,f,0,,0,2025-12-19 20:37:24.183482+00,
db71d9b9-d661-4509-90af-ab7da9348cc9,MG,São Geraldo da Piedade,f,0,,0,2025-12-19 20:37:24.183482+00,
583dd24b-e0a2-4824-9f1c-2d1aa1468211,MG,São Geraldo do Baixio,f,0,,0,2025-12-19 20:37:24.183482+00,
7617f257-f8b4-44c8-97a5-827ce0418a0e,MG,São Gonçalo do Abaeté,f,0,,0,2025-12-19 20:37:24.183482+00,
9442f5b5-dc65-4b36-a0de-e3757addd1fb,MG,São Gonçalo do Pará,f,0,,0,2025-12-19 20:37:24.183482+00,
e864aa3b-3b48-4942-a070-82932e04f400,MG,São Gonçalo do Rio Abaixo,f,0,,0,2025-12-19 20:37:24.183482+00,
432e9cde-77d7-4b24-83c4-c6b0ccdad96e,MG,São Gonçalo do Rio Preto,f,0,,0,2025-12-19 20:37:24.183482+00,
540ef03b-d3f0-4f79-94bc-31762a1734a2,MG,São Gonçalo do Sapucaí,f,0,,0,2025-12-19 20:37:24.183482+00,
52ffd117-66f8-48af-87ef-4c65533a6045,MG,São Gotardo,f,0,,0,2025-12-19 20:37:24.183482+00,
1cf4997d-c5df-48b7-993d-445e91d172ae,MG,São João Batista do Glória,f,0,,0,2025-12-19 20:37:24.183482+00,
86a72a18-0d73-43b3-a710-e39d61cf9b48,MG,São João da Lagoa,f,0,,0,2025-12-19 20:37:24.183482+00,
e598f9d7-8e94-41f3-b31a-3d11d53605ac,MG,São João da Mata,f,0,,0,2025-12-19 20:37:24.183482+00,
2aaf16d3-23c8-4fef-bbc7-2954c77e30ea,MG,São João da Ponte,f,0,,0,2025-12-19 20:37:24.183482+00,
5fd0f91e-f907-43d4-bf5e-a88a9eec65f2,MG,São João das Missões,f,0,,0,2025-12-19 20:37:24.183482+00,
cb194b16-02d3-4d6a-88fb-b27cb1c7b14d,MG,São João del Rei,f,0,,0,2025-12-19 20:37:24.183482+00,
799231d0-09c7-41f8-8b9e-98e27309d1f6,MG,São João do Manhuaçu,f,0,,0,2025-12-19 20:37:24.183482+00,
21dd16e4-322a-4f47-a21f-5cbe9866bf5a,MG,São João do Manteninha,f,0,,0,2025-12-19 20:37:24.183482+00,
d82a8b44-5065-4348-9fae-59934fb8fe57,MG,São João do Oriente,f,0,,0,2025-12-19 20:37:24.183482+00,
833ff5e1-b4a7-4c93-bf05-a9aec0dc4e95,MG,São João do Pacuí,f,0,,0,2025-12-19 20:37:24.183482+00,
1377fc9b-f49c-4a08-b63f-00a660a3b29a,MG,São João do Paraíso,f,0,,0,2025-12-19 20:37:24.183482+00,
b42bf6cd-7c8a-4054-8c9f-7edde2e94efe,MG,São João Evangelista,f,0,,0,2025-12-19 20:37:24.183482+00,
d23df1c4-c2d3-4edd-9920-5f92818e3450,MG,São João Nepomuceno,f,0,,0,2025-12-19 20:37:24.183482+00,
704a2b4d-f190-440b-bfed-809889dde2ad,MG,São Joaquim de Bicas,f,0,,0,2025-12-19 20:37:24.183482+00,
31911711-b76f-483f-82ff-c629c4fccdfe,MG,São José da Barra,f,0,,0,2025-12-19 20:37:24.183482+00,
05a11d88-fbf4-4ed7-82bd-9fe23c7f28ef,MG,São José da Lapa,f,0,,0,2025-12-19 20:37:24.183482+00,
3c29254b-3f2a-4cde-88ac-0b05aa426f87,MG,São José da Safira,f,0,,0,2025-12-19 20:37:24.183482+00,
90133648-c33f-43d5-996b-2801f4eb32f5,MG,São José da Varginha,f,0,,0,2025-12-19 20:37:24.183482+00,
a81ca859-4a03-43a2-b357-7f5bc71eaa9d,MG,São José do Alegre,f,0,,0,2025-12-19 20:37:24.183482+00,
5de4e9e2-34b9-41ce-a650-91989573194b,MG,São José do Divino,f,0,,0,2025-12-19 20:37:24.183482+00,
6e6a4b9b-bb52-4e32-80c9-53c009ea25f4,MG,São José do Goiabal,f,0,,0,2025-12-19 20:37:24.183482+00,
bd79ded1-4797-414e-86dd-f2f1857ca64a,MG,São José do Jacuri,f,0,,0,2025-12-19 20:37:24.183482+00,
dff1c8bd-2d0a-44ad-8e86-89b47642d687,MG,São José do Mantimento,f,0,,0,2025-12-19 20:37:24.183482+00,
cf3a4249-53c9-4e93-98a7-e1bbc2acc92e,MG,São Lourenço,f,0,,0,2025-12-19 20:37:24.183482+00,
b364419d-4518-4c14-87e4-406591fa311d,MG,São Miguel do Anta,f,0,,0,2025-12-19 20:37:24.183482+00,
d27ea004-2e8d-4542-8ad2-a110f810686b,MG,São Pedro da União,f,0,,0,2025-12-19 20:37:24.183482+00,
388ad67e-12ad-44ff-a49a-1d33db9a17c9,MG,São Pedro do Suaçuí,f,0,,0,2025-12-19 20:37:24.183482+00,
8092f895-1530-4f96-bab3-fe60bb683866,MG,São Pedro dos Ferros,f,0,,0,2025-12-19 20:37:24.183482+00,
f42cdbc1-6677-49db-b910-5b5c238484c5,MG,São Romão,f,0,,0,2025-12-19 20:37:24.183482+00,
041c469f-ca89-444a-8c66-077a2b0bef4d,MG,São Roque de Minas,f,0,,0,2025-12-19 20:37:24.183482+00,
156bd321-0224-4e33-afde-d92c73548115,MG,São Sebastião da Bela Vista,f,0,,0,2025-12-19 20:37:24.183482+00,
b7e1ae61-4799-4260-99c1-39ebf3e8928e,MG,São Sebastião da Vargem Alegre,f,0,,0,2025-12-19 20:37:24.183482+00,
55b0d23a-6176-4603-9fae-a22f04defc0a,MG,São Sebastião do Anta,f,0,,0,2025-12-19 20:37:24.183482+00,
6e11e579-50d7-4717-ab31-7e3805068d1e,MG,São Sebastião do Maranhão,f,0,,0,2025-12-19 20:37:24.183482+00,
d2db8021-5484-4d7c-bdbc-19889d05a4d0,MG,São Sebastião do Oeste,f,0,,0,2025-12-19 20:37:24.183482+00,
83b3c35e-e3ed-4dac-9f75-0a674d855620,MG,São Sebastião do Paraíso,f,0,,0,2025-12-19 20:37:24.183482+00,
16cd532d-88b5-4a12-b32a-825f4e16d4de,MG,São Sebastião do Rio Preto,f,0,,0,2025-12-19 20:37:24.183482+00,
55765324-2ea3-4217-8fe5-c9e219de5da9,MG,São Sebastião do Rio Verde,f,0,,0,2025-12-19 20:37:24.183482+00,
ab24de17-2cbd-40ea-bfe4-5aa5c3fad918,MG,São Thomé das Letras,f,0,,0,2025-12-19 20:37:24.183482+00,
86857a31-4a08-4e0a-a6b0-b975825251ed,MG,São Tiago,f,0,,0,2025-12-19 20:37:24.183482+00,
7cd40257-ed2e-41ff-9162-7eba98108105,MG,São Tomás de Aquino,f,0,,0,2025-12-19 20:37:24.183482+00,
b758481c-17e7-411f-bcd5-ca10ede1618b,MG,São Vicente de Minas,f,0,,0,2025-12-19 20:37:24.183482+00,
11a000f5-29b2-462c-8664-1893828b23bb,MG,Sapucaí-Mirim,f,0,,0,2025-12-19 20:37:24.183482+00,
7a570148-ddf5-4dd6-9611-1ed71a0088d2,MG,Sardoá,f,0,,0,2025-12-19 20:37:24.183482+00,
d6517943-dc7e-4837-9a0d-b36cb1deefa8,MG,Sarzedo,f,0,,0,2025-12-19 20:37:24.183482+00,
d14c40c6-16d6-4309-89fe-03303b8f2966,MG,Sem-Peixe,f,0,,0,2025-12-19 20:37:24.183482+00,
91dd9789-45b7-42dd-8d9d-6c6fd652946a,MG,Senador Amaral,f,0,,0,2025-12-19 20:37:24.183482+00,
9dd05443-e39e-41fe-848a-657ca5568599,MG,Senador Cortes,f,0,,0,2025-12-19 20:37:24.183482+00,
b825f7d7-de90-4db4-9ba0-c99ec90f7c53,MG,Senador Firmino,f,0,,0,2025-12-19 20:37:24.183482+00,
e59d87d0-e51c-4c69-be3e-c6c5bd7cd38e,MG,Senador José Bento,f,0,,0,2025-12-19 20:37:24.183482+00,
c2f77caa-01e6-472d-b0d6-e99d0937ec2c,MG,Senador Modestino Gonçalves,f,0,,0,2025-12-19 20:37:24.183482+00,
37e9fe7d-73e5-443c-8315-2db283a93d9e,MG,Senhora de Oliveira,f,0,,0,2025-12-19 20:37:24.183482+00,
05b730ce-6baf-4345-8f9f-bdce9ceae5c0,MG,Senhora do Porto,f,0,,0,2025-12-19 20:37:24.183482+00,
4694c265-3f53-46ad-a93f-9dc4b9d9f3dc,MG,Senhora dos Remédios,f,0,,0,2025-12-19 20:37:24.183482+00,
7de567da-9dc2-4fb6-a9df-ab00ecc905ea,MG,Sericita,f,0,,0,2025-12-19 20:37:24.183482+00,
19a393f3-fe04-476d-9428-90460b003896,MG,Seritinga,f,0,,0,2025-12-19 20:37:24.183482+00,
9ed84450-afc6-4a3e-9628-73010c1a1781,MG,Serra Azul de Minas,f,0,,0,2025-12-19 20:37:24.183482+00,
de71437c-efa4-4622-9200-7c58d89f7d65,MG,Serra da Saudade,f,0,,0,2025-12-19 20:37:24.183482+00,
479d7638-0063-4d61-8afb-74c17d058306,MG,Serra do Salitre,f,0,,0,2025-12-19 20:37:24.183482+00,
cf403686-06b0-4978-8bc5-11fcccca4e25,MG,Serra dos Aimorés,f,0,,0,2025-12-19 20:37:24.183482+00,
7f9ecd63-6739-438c-9428-8f891826c483,MG,Serrania,f,0,,0,2025-12-19 20:37:24.183482+00,
9114b317-88ec-40f6-a064-38a5c1ba00f5,MG,Serranópolis de Minas,f,0,,0,2025-12-19 20:37:24.183482+00,
e6cf599f-b897-47a0-a7a1-1fedd3ff1001,MG,Serranos,f,0,,0,2025-12-19 20:37:24.183482+00,
3493ec36-4782-4fba-8da9-0ece74530201,MG,Serro,f,0,,0,2025-12-19 20:37:24.183482+00,
f9be9762-9ef9-472f-ba5b-e5aedb152787,MG,Sete Lagoas,f,0,,0,2025-12-19 20:37:24.183482+00,
d359cc22-b8fa-4e9c-80cd-d702b3fad11d,MG,Setubinha,f,0,,0,2025-12-19 20:37:24.183482+00,
932f8f7e-9cd2-43f8-8593-d29f38474913,MG,Silveirânia,f,0,,0,2025-12-19 20:37:24.183482+00,
26a70c7c-0470-444f-9a67-8be2fad33acb,MG,Silvianópolis,f,0,,0,2025-12-19 20:37:24.183482+00,
31d5a2ef-044c-4eb4-a014-6815ff1844ec,MG,Simão Pereira,f,0,,0,2025-12-19 20:37:24.183482+00,
83b814a8-53fc-4a4f-87bb-0cb6701a299f,MG,Simonésia,f,0,,0,2025-12-19 20:37:24.183482+00,
2d9f48af-b40d-4228-b5a0-111869473ba2,MG,Sobrália,f,0,,0,2025-12-19 20:37:24.183482+00,
c4968706-6867-4559-884f-8b6cad60acd8,MG,Soledade de Minas,f,0,,0,2025-12-19 20:37:24.183482+00,
4b5e69c1-a3da-44ff-a4bd-9743975b7035,MG,Tabuleiro,f,0,,0,2025-12-19 20:37:24.183482+00,
49127bb9-5e5c-4ac8-8642-d357e2daa26b,MG,Taiobeiras,f,0,,0,2025-12-19 20:37:24.183482+00,
d4cbfea2-e8f5-43be-9b3e-b4077e6e2e69,MG,Taparuba,f,0,,0,2025-12-19 20:37:24.183482+00,
6eb553fd-e8bc-42f7-95fd-a2893f7a5155,MG,Tapira,f,0,,0,2025-12-19 20:37:24.183482+00,
240655b5-f9c2-4f89-b02b-2f112af7ea68,MG,Tapiraí,f,0,,0,2025-12-19 20:37:24.183482+00,
3250c78e-4def-46ff-9833-c63927fa6bea,MG,Taquaraçu de Minas,f,0,,0,2025-12-19 20:37:24.183482+00,
b60be895-d8a4-4779-b37a-271597c6bdcb,MG,Tarumirim,f,0,,0,2025-12-19 20:37:24.183482+00,
e7535b58-5d09-493c-aef0-9149b46f6149,MG,Teixeiras,f,0,,0,2025-12-19 20:37:24.183482+00,
3c420eb8-52e2-41e2-afa8-6e225a58067b,MG,Teófilo Otoni,f,0,,0,2025-12-19 20:37:24.183482+00,
e54abcaf-15be-403b-8f7b-033521e2e3af,MG,Timóteo,f,0,,0,2025-12-19 20:37:24.183482+00,
85ec2697-9eb7-40b7-8150-fe499ace3b20,MG,Tiradentes,f,0,,0,2025-12-19 20:37:24.183482+00,
b0931f80-3f6c-4374-b6e5-e1ba70b4441c,MG,Tiros,f,0,,0,2025-12-19 20:37:24.183482+00,
8ecf6d6a-cec6-42b0-bbe0-6cb8bb6043b4,MG,Tocantins,f,0,,0,2025-12-19 20:37:24.183482+00,
340c4a21-5365-46e4-9e49-6bbf24a7c0df,MG,Tocos do Moji,f,0,,0,2025-12-19 20:37:24.183482+00,
ca45e09d-1fb7-4a71-8805-b9a5f2855ee5,MG,Toledo,f,0,,0,2025-12-19 20:37:24.183482+00,
9868af40-4297-4c53-bcf9-e8b91f1999e7,MG,Tombos,f,0,,0,2025-12-19 20:37:24.183482+00,
5da1ae5b-04cb-4a0c-a0ad-c63b18c89466,MG,Três Corações,f,0,,0,2025-12-19 20:37:24.183482+00,
8d3f3591-71c2-4f79-938a-08505a1da99e,MG,Três Marias,f,0,,0,2025-12-19 20:37:24.183482+00,
526895d8-3889-4ce0-b99a-d07df4d19abe,MG,Três Pontas,f,0,,0,2025-12-19 20:37:24.183482+00,
6486fb92-7424-4a7b-be77-6a508dc02443,MG,Tumiritinga,f,0,,0,2025-12-19 20:37:24.183482+00,
ccda2a89-2fa5-49e6-bc04-c545ea05fa0d,MG,Tupaciguara,f,0,,0,2025-12-19 20:37:24.183482+00,
d9ceb310-0b47-4d07-bb85-0ce8e1bea551,MG,Turmalina,f,0,,0,2025-12-19 20:37:24.183482+00,
3f0ac5f5-343c-41f9-8e01-7b94e7d9736f,MG,Turvolândia,f,0,,0,2025-12-19 20:37:24.183482+00,
102928fe-0bab-44ee-9dd3-6dbad74ef7bc,MG,Ubá,f,0,,0,2025-12-19 20:37:24.183482+00,
2a76caf3-339e-41b9-bc53-1c185802a093,MG,Ubaí,f,0,,0,2025-12-19 20:37:24.183482+00,
e7909cf8-0243-4a52-b64c-69d3c4d26cc5,MG,Ubaporanga,f,0,,0,2025-12-19 20:37:24.183482+00,
2612bc04-2aac-4ebe-a6b7-8704e5a10a0d,MG,Uberaba,f,0,,0,2025-12-19 20:37:24.183482+00,
90aac956-649d-4c33-be69-19ed842ca1d1,MG,Uberlândia,f,0,,0,2025-12-19 20:37:24.183482+00,
050238fd-cd52-46db-a700-e5d75c5fcf89,MG,Umburatiba,f,0,,0,2025-12-19 20:37:24.183482+00,
04e0add9-cf23-479b-9522-50e5bdf7227a,MG,Unaí,f,0,,0,2025-12-19 20:37:24.183482+00,
19829f72-b45d-47a4-a133-3335b5726301,MG,União de Minas,f,0,,0,2025-12-19 20:37:24.183482+00,
c6ce7955-0259-4227-b147-d912a4f943c3,MG,Uruana de Minas,f,0,,0,2025-12-19 20:37:24.183482+00,
7e7a0980-07de-4fb4-8099-828739c096d4,MG,Urucânia,f,0,,0,2025-12-19 20:37:24.183482+00,
aa3e382f-dfb7-4bfa-a485-b63a11cc20db,MG,Urucuia,f,0,,0,2025-12-19 20:37:24.183482+00,
e382be1a-6435-476e-8e63-768d5c11daac,MG,Vargem Alegre,f,0,,0,2025-12-19 20:37:24.183482+00,
954a35ff-5449-47ee-94ae-79587efc214d,MG,Vargem Bonita,f,0,,0,2025-12-19 20:37:24.183482+00,
670f5548-7cdb-4854-99c4-d2be9294a2b6,MG,Vargem Grande do Rio Pardo,f,0,,0,2025-12-19 20:37:24.183482+00,
45e54010-bf1c-4181-ba8e-d0fc7dceea9e,MG,Varginha,f,0,,0,2025-12-19 20:37:24.183482+00,
b3dd1f47-2ecb-4f04-b5b2-33a197ff6453,MG,Varjão de Minas,f,0,,0,2025-12-19 20:37:24.183482+00,
52c64567-89bd-4e59-ab2e-6a1d4ed2cf08,MG,Várzea da Palma,f,0,,0,2025-12-19 20:37:24.183482+00,
3c22fed0-c804-4c5c-8766-5d3c1273b096,MG,Varzelândia,f,0,,0,2025-12-19 20:37:24.183482+00,
ed61f2a7-9965-48fd-99da-0a97e3cb0e55,MG,Vazante,f,0,,0,2025-12-19 20:37:24.183482+00,
04d6ba25-7953-42ef-8acb-d5687faa23ba,MG,Verdelândia,f,0,,0,2025-12-19 20:37:24.183482+00,
28253be1-4920-48be-b49b-bdbe0787e620,MG,Veredinha,f,0,,0,2025-12-19 20:37:24.183482+00,
42f61fbd-4810-497b-b8b8-76edfffbe183,MG,Veríssimo,f,0,,0,2025-12-19 20:37:24.183482+00,
8c20a6d6-de91-437f-9c92-4d9f33f30807,MG,Vermelho Novo,f,0,,0,2025-12-19 20:37:24.183482+00,
c69ac56d-3a59-4064-9836-08554a321b81,MG,Vespasiano,f,0,,0,2025-12-19 20:37:24.183482+00,
c717b022-bc33-41fa-835c-e33cbc08cbd4,MG,Vieiras,f,0,,0,2025-12-19 20:37:24.183482+00,
fa5fc6ec-9b1a-4805-aefd-d4175588e0cd,MG,Virgem da Lapa,f,0,,0,2025-12-19 20:37:24.183482+00,
6fec23b7-59cc-4e01-b21a-606b0c4707d3,MG,Virgínia,f,0,,0,2025-12-19 20:37:24.183482+00,
5582d414-5b54-4426-94fe-eda9565f264b,MG,Virginópolis,f,0,,0,2025-12-19 20:37:24.183482+00,
b8fba8b7-91d7-4934-9f56-b4a0e0117487,MG,Virgolândia,f,0,,0,2025-12-19 20:37:24.183482+00,
35a1c772-7ddf-4751-99ce-fc841c7fbf5a,MG,Visconde do Rio Branco,f,0,,0,2025-12-19 20:37:24.183482+00,
960ee110-0d16-4550-ab21-334dc4c2e531,MG,Volta Grande,f,0,,0,2025-12-19 20:37:24.183482+00,
033317c7-0b3c-493f-b174-2219379a75ad,MG,Wenceslau Braz,f,0,,0,2025-12-19 20:37:24.183482+00,
19986e2c-a71e-43b5-bbfe-a4658b616e01,PA,Abaetetuba,f,0,,0,2025-12-19 20:37:24.183482+00,
00dcfdb5-1a03-4ab9-945b-d89ccba0f7bc,PA,Abel Figueiredo,f,0,,0,2025-12-19 20:37:24.183482+00,
7774fdfd-3637-4cae-9f95-6066bda24459,PA,Acará,f,0,,0,2025-12-19 20:37:24.183482+00,
5f8334a3-1f3a-4f4d-b3a2-04f94024d389,PA,Afuá,f,0,,0,2025-12-19 20:37:24.183482+00,
c8ace65d-0f49-4c13-ada1-1da6a8b5459e,PA,Água Azul do Norte,f,0,,0,2025-12-19 20:37:24.183482+00,
e25f8ee7-1994-4697-a296-389119c96e19,PA,Alenquer,f,0,,0,2025-12-19 20:37:24.183482+00,
54970043-a12f-4a26-89df-c0b2c84209a9,PA,Almeirim,f,0,,0,2025-12-19 20:37:24.183482+00,
5a57b3b7-5502-4034-be36-af12924c4a4f,PA,Altamira,f,0,,0,2025-12-19 20:37:24.183482+00,
179bdea6-7dbc-4c5c-81a7-fd3ac92ee8cf,PA,Anajás,f,0,,0,2025-12-19 20:37:24.183482+00,
7bdd62f8-de04-406d-834c-8c5e42afb457,PA,Ananindeua,f,0,,0,2025-12-19 20:37:24.183482+00,
baf66175-0798-448c-942b-0e6c876122c5,PA,Anapu,f,0,,0,2025-12-19 20:37:24.183482+00,
d257cc81-a3f2-48c3-a39e-f3e72206ac57,PA,Augusto Corrêa,f,0,,0,2025-12-19 20:37:24.183482+00,
627a122e-d4a0-4a76-b32a-7664a3df2602,PA,Aurora do Pará,f,0,,0,2025-12-19 20:37:24.183482+00,
75c885e4-bad8-4b61-be70-a055ffa37e37,PA,Aveiro,f,0,,0,2025-12-19 20:37:24.183482+00,
78bc1ae4-e5b9-4e4c-9291-9a1c3ab5f59b,PA,Bagre,f,0,,0,2025-12-19 20:37:24.183482+00,
75a04456-30fc-4b09-a3dd-ade4c77e020f,PA,Baião,f,0,,0,2025-12-19 20:37:24.183482+00,
90f782e5-3322-4e4f-a87e-a0e3e98185db,PA,Bannach,f,0,,0,2025-12-19 20:37:24.183482+00,
ba034022-4b3c-4d10-9da6-6a15e5d718a7,PA,Barcarena,f,0,,0,2025-12-19 20:37:24.183482+00,
8ed63570-7b55-479d-a35a-e375cb275396,PA,Belém,f,0,,0,2025-12-19 20:37:24.183482+00,
8bfadb98-698f-4574-b6f1-99f3e2fa651e,PA,Belterra,f,0,,0,2025-12-19 20:37:24.183482+00,
eb79a563-e20f-4ca9-a18e-5df2c7db0f34,PA,Benevides,f,0,,0,2025-12-19 20:37:24.183482+00,
6db733a7-8013-487b-9b97-d28554d10977,PA,Bom Jesus do Tocantins,f,0,,0,2025-12-19 20:37:24.183482+00,
897dc9ee-5c2f-4d38-a2f2-9b57c9b08954,PA,Bonito,f,0,,0,2025-12-19 20:37:24.183482+00,
84478d1b-f511-4873-b6b3-19d818b24c93,PA,Bragança,f,0,,0,2025-12-19 20:37:24.183482+00,
d89049c7-c403-4d2a-a03d-ce290a87b72a,PA,Brasil Novo,f,0,,0,2025-12-19 20:37:24.183482+00,
779a3487-b767-43f2-bc53-55f2814cc95a,PA,Brejo Grande do Araguaia,f,0,,0,2025-12-19 20:37:24.183482+00,
a9ad3ba2-5185-4ac6-a3e6-093582cf2286,PA,Breu Branco,f,0,,0,2025-12-19 20:37:24.183482+00,
673ca2fc-227c-4053-b6f0-8ce764c9c8fd,PA,Breves,f,0,,0,2025-12-19 20:37:24.183482+00,
0b8ee6c7-e4c8-4a02-824c-3a89bd864572,PA,Bujaru,f,0,,0,2025-12-19 20:37:24.183482+00,
8d9744ca-ba21-45a8-914e-5d005ce3bef4,PA,Cachoeira do Arari,f,0,,0,2025-12-19 20:37:24.183482+00,
f6b8f28e-8f05-44a7-9978-63b2bde3340e,PA,Cachoeira do Piriá,f,0,,0,2025-12-19 20:37:24.183482+00,
db5bcde3-a3d7-478b-9526-a743ac85aa8e,PA,Cametá,f,0,,0,2025-12-19 20:37:24.183482+00,
057b0fd7-46dd-443b-8ff2-39f9f528b492,PA,Canaã dos Carajás,f,0,,0,2025-12-19 20:37:24.183482+00,
386f8a7d-97f8-4e61-8f98-e4b545f27d0d,PA,Capanema,f,0,,0,2025-12-19 20:37:24.183482+00,
b9caa52c-12e3-49b2-9677-2685bd868354,PA,Capitão Poço,f,0,,0,2025-12-19 20:37:24.183482+00,
9783f9b0-7b66-43ad-bf5d-92e14d83727d,PA,Castanhal,f,0,,0,2025-12-19 20:37:24.183482+00,
88fcf6b3-6ac3-42b9-af19-2f6c07319a1d,PA,Chaves,f,0,,0,2025-12-19 20:37:24.183482+00,
531f44a0-b82c-4eca-bab2-082bf640e031,PA,Colares,f,0,,0,2025-12-19 20:37:24.183482+00,
650f1828-5770-48ba-9e45-a2223feebf4e,PA,Conceição do Araguaia,f,0,,0,2025-12-19 20:37:24.183482+00,
b5e73b7f-3c37-4476-a4cc-4a2ffb8c172e,PA,Concórdia do Pará,f,0,,0,2025-12-19 20:37:24.183482+00,
6dd9fc19-fb8b-44ff-ace8-0935c2614f47,PA,Cumaru do Norte,f,0,,0,2025-12-19 20:37:24.183482+00,
e7b8dfb0-8ef8-4dac-8513-2da30a5241ba,PA,Curionópolis,f,0,,0,2025-12-19 20:37:24.183482+00,
da75a949-f550-424a-bdd7-404cccb078b9,PA,Curralinho,f,0,,0,2025-12-19 20:37:24.183482+00,
3baabbd9-2a89-4023-a430-da78cea3c704,PA,Curuá,f,0,,0,2025-12-19 20:37:24.183482+00,
9b6b9599-bdc4-4ed4-abbb-1199b1cac8e9,PA,Curuçá,f,0,,0,2025-12-19 20:37:24.183482+00,
5364146b-f54f-4a33-b448-b590813ee646,PA,Dom Eliseu,f,0,,0,2025-12-19 20:37:24.183482+00,
2f55d5d1-d8bf-4d74-b0ab-bd95dc6fa1d7,PA,Eldorado do Carajás,f,0,,0,2025-12-19 20:37:24.183482+00,
2bd2dd22-8665-41f6-ba40-e2a17939c8fd,PA,Faro,f,0,,0,2025-12-19 20:37:24.183482+00,
a22fa67c-2199-4b37-9850-814e7cf19626,PA,Floresta do Araguaia,f,0,,0,2025-12-19 20:37:24.183482+00,
455a8f4c-54f0-4a39-a350-813a60b2176d,PA,Garrafão do Norte,f,0,,0,2025-12-19 20:37:24.183482+00,
7bdc793a-f641-4f1e-a949-4eeff32f4588,PA,Goianésia do Pará,f,0,,0,2025-12-19 20:37:24.183482+00,
dd5dd0d3-9bc5-4966-9d1c-6b305b0cdc3a,PA,Gurupá,f,0,,0,2025-12-19 20:37:24.183482+00,
aa8e0c8a-eec9-4236-83b8-e380cbd9d736,PA,Igarapé-Açu,f,0,,0,2025-12-19 20:37:24.183482+00,
ed3c036b-399b-422b-9aa9-432e34cfd5cf,PA,Igarapé-Miri,f,0,,0,2025-12-19 20:37:24.183482+00,
9c9be364-b4bb-44fc-951e-5b63cc8db25d,PA,Inhangapi,f,0,,0,2025-12-19 20:37:24.183482+00,
f26e86c9-0306-4578-a4b3-f61b09d3c439,PA,Ipixuna do Pará,f,0,,0,2025-12-19 20:37:24.183482+00,
4fbb38a8-eacd-404a-af9f-ed7d21cd803a,PA,Irituia,f,0,,0,2025-12-19 20:37:24.183482+00,
896573c6-7e50-4586-b412-0eddd265066b,PA,Itaituba,f,0,,0,2025-12-19 20:37:24.183482+00,
b167b7f4-1add-4dc9-9d4c-a0801755b4f9,PA,Itupiranga,f,0,,0,2025-12-19 20:37:24.183482+00,
470d9f28-75db-4fb4-9faf-49ece10be9e8,PA,Jacareacanga,f,0,,0,2025-12-19 20:37:24.183482+00,
e90488f5-8231-4438-b36f-c4f956296349,PA,Jacundá,f,0,,0,2025-12-19 20:37:24.183482+00,
9f0a4810-ede7-4359-bd9b-3caab8c9b219,PA,Juruti,f,0,,0,2025-12-19 20:37:24.183482+00,
3af6d742-90b3-4ce6-8ac9-b6f10a02c479,PA,Limoeiro do Ajuru,f,0,,0,2025-12-19 20:37:24.183482+00,
ef79df98-51c3-4e8d-99c6-04bc48a42bf3,PA,Mãe do Rio,f,0,,0,2025-12-19 20:37:24.183482+00,
e51a8c2f-89b1-44e9-9675-7c48962cb366,PA,Magalhães Barata,f,0,,0,2025-12-19 20:37:24.183482+00,
6673d8cb-f93f-4ec8-9c8a-a6ce2771d2ec,PA,Marabá,f,0,,0,2025-12-19 20:37:24.183482+00,
153b2a62-d215-4dcc-8fbc-567a82fbb99e,PA,Maracanã,f,0,,0,2025-12-19 20:37:24.183482+00,
9b19b952-9722-432e-9481-e29847144656,PA,Marapanim,f,0,,0,2025-12-19 20:37:24.183482+00,
861886bb-ee95-4a28-8ac4-9842d2c1dfd7,PA,Marituba,f,0,,0,2025-12-19 20:37:24.183482+00,
26bec2ce-ffdf-496a-aef4-9fc1086cb484,PA,Medicilândia,f,0,,0,2025-12-19 20:37:24.183482+00,
6bec650f-b0cf-4890-8cc2-f00b6a20451c,PA,Melgaço,f,0,,0,2025-12-19 20:37:24.183482+00,
b54d39bc-0982-4ed6-a6cb-e97303976a67,PA,Mocajuba,f,0,,0,2025-12-19 20:37:24.183482+00,
863085ef-972c-4ca5-bf8d-6977c704e92b,PA,Moju,f,0,,0,2025-12-19 20:37:24.183482+00,
02cd6c89-d813-4372-a0d7-a4eb961faeb3,PA,Mojuí dos Campos,f,0,,0,2025-12-19 20:37:24.183482+00,
5c1609c8-e498-420d-8d4f-07b48d10a61e,PA,Monte Alegre,f,0,,0,2025-12-19 20:37:24.183482+00,
9c12ffd9-b487-4577-912b-73c3f98750f1,PA,Muaná,f,0,,0,2025-12-19 20:37:24.183482+00,
9f6c5b9d-10a5-4238-aad8-7f809029ba89,PA,Nova Esperança do Piriá,f,0,,0,2025-12-19 20:37:24.183482+00,
fde1ff19-0ce8-4970-a208-c0150ce53b0d,PA,Nova Ipixuna,f,0,,0,2025-12-19 20:37:24.183482+00,
7e6ffc35-e0bd-4730-8ae0-f5c0da09c576,PA,Nova Timboteua,f,0,,0,2025-12-19 20:37:24.183482+00,
8795d263-0e3e-4510-89a6-88f8251ef459,PA,Novo Progresso,f,0,,0,2025-12-19 20:37:24.183482+00,
b80bca26-f814-4568-871c-1b398923862c,PA,Novo Repartimento,f,0,,0,2025-12-19 20:37:24.183482+00,
7998df15-5211-46e8-b129-2d326e9182e3,PA,Óbidos,f,0,,0,2025-12-19 20:37:24.183482+00,
4bcf3f0b-7948-477a-87bd-2209a5c6e3aa,PR,Marumbi,f,0,,0,2025-12-19 20:37:24.825852+00,
7adf6319-a2d0-47f3-8cb8-23a8f3f04ab6,PR,Matelândia,f,0,,0,2025-12-19 20:37:24.825852+00,
101f208d-fbc0-47c0-9e99-d2a0a9858b04,PR,Matinhos,f,0,,0,2025-12-19 20:37:24.825852+00,
b5557732-b7b0-474a-9f6f-d0313c55190f,PR,Mato Rico,f,0,,0,2025-12-19 20:37:24.825852+00,
7e36d021-2b48-4d85-bb7f-9e750968b091,PR,Mauá da Serra,f,0,,0,2025-12-19 20:37:24.825852+00,
7f989539-25c3-493b-a44c-c6ce5dba0a51,PR,Medianeira,f,0,,0,2025-12-19 20:37:24.825852+00,
30de60f1-3528-42c0-bcd9-e6137e678131,PR,Mercedes,f,0,,0,2025-12-19 20:37:24.825852+00,
20e14499-c072-4faf-8dd6-9fa93ec308a6,PR,Mirador,f,0,,0,2025-12-19 20:37:24.825852+00,
8f8748d0-c13f-4a4a-b341-cec5c771bc4f,PR,Miraselva,f,0,,0,2025-12-19 20:37:24.825852+00,
bc829a81-de78-47a0-8dc6-0c43a3651d09,PR,Missal,f,0,,0,2025-12-19 20:37:24.825852+00,
623afa6f-8e60-435a-9449-b68455418203,PR,Moreira Sales,f,0,,0,2025-12-19 20:37:24.825852+00,
1d9e9147-7535-4b57-9096-8b0e511c3da2,PR,Morretes,f,0,,0,2025-12-19 20:37:24.825852+00,
ad9ae67b-ac44-41a9-a95e-2bb8670db432,PR,Munhoz de Melo,f,0,,0,2025-12-19 20:37:24.825852+00,
ad6c37d6-7913-4878-897a-fc1d72a20fa3,PR,Nossa Senhora das Graças,f,0,,0,2025-12-19 20:37:24.825852+00,
4c8d33b5-5fb7-4e0a-944d-ae7f9eeef5a6,PR,Nova Aliança do Ivaí,f,0,,0,2025-12-19 20:37:24.825852+00,
c7a0175c-47e7-4e94-9096-8c98396e7304,PR,Nova América da Colina,f,0,,0,2025-12-19 20:37:24.825852+00,
fbc60af5-315e-43c8-9cd9-ac561f07cc9b,PR,Nova Aurora,f,0,,0,2025-12-19 20:37:24.825852+00,
3c1c4dd0-50de-4fc7-9650-4bc59b0970e3,PR,Nova Cantu,f,0,,0,2025-12-19 20:37:24.825852+00,
b5c93008-9e29-497c-b41e-665a9f578b5e,PR,Nova Esperança,f,0,,0,2025-12-19 20:37:24.825852+00,
d12397ae-7711-4f55-87c6-588f2f771127,PR,Nova Esperança do Sudoeste,f,0,,0,2025-12-19 20:37:24.825852+00,
412ef9c5-fafb-4880-8c69-e8b82ea6d4d8,PR,Nova Fátima,f,0,,0,2025-12-19 20:37:24.825852+00,
410ef4d0-94e3-4b4d-ac5c-276fc15fcd78,PR,Nova Laranjeiras,f,0,,0,2025-12-19 20:37:24.825852+00,
c5c09b4d-2be7-43d1-9647-49fea600fffc,PR,Nova Londrina,f,0,,0,2025-12-19 20:37:24.825852+00,
3df2d236-bed1-4050-a887-b8769d51e583,PR,Nova Olímpia,f,0,,0,2025-12-19 20:37:24.825852+00,
0e403a40-d604-46bb-8072-7c10643ff7d1,PR,Nova Prata do Iguaçu,f,0,,0,2025-12-19 20:37:24.825852+00,
07a85529-97d6-4332-b948-2d24f0a68ae6,PR,Nova Santa Bárbara,f,0,,0,2025-12-19 20:37:24.825852+00,
ba8c78be-e4f8-4634-be72-2ecc7880bb08,PR,Nova Santa Rosa,f,0,,0,2025-12-19 20:37:24.825852+00,
55041750-c725-479f-b540-017e6df75598,PR,Nova Tebas,f,0,,0,2025-12-19 20:37:24.825852+00,
5b0c3529-9e41-4b0a-89ea-2fb6981483dd,PR,Novo Itacolomi,f,0,,0,2025-12-19 20:37:24.825852+00,
b318d189-f4bf-40d0-98cb-dfedfb9398cb,PR,Ortigueira,f,0,,0,2025-12-19 20:37:24.825852+00,
d7dac0c1-6c68-42ec-a437-dbe736e026a7,PR,Ourizona,f,0,,0,2025-12-19 20:37:24.825852+00,
aab35ad8-072d-49f7-89b2-e11b0331b68f,PR,Ouro Verde do Oeste,f,0,,0,2025-12-19 20:37:24.825852+00,
863be380-72a3-492f-9904-e48f992de34b,PR,Paiçandu,f,0,,0,2025-12-19 20:37:24.825852+00,
84387c36-69e5-468e-8ed9-7c3784fe8a83,PR,Palmas,f,0,,0,2025-12-19 20:37:24.825852+00,
494b5c75-4968-46b6-a368-cb9a7b4dd760,PR,Palmeira,f,0,,0,2025-12-19 20:37:24.825852+00,
1afa4942-a7d4-4320-a1cb-593aee3bf695,PR,Palmital,f,0,,0,2025-12-19 20:37:24.825852+00,
1666fc49-723f-4cf3-afc9-31c25acde10a,PR,Palotina,f,0,,0,2025-12-19 20:37:24.825852+00,
dcf7d814-f51e-466d-a3bd-fab17ed706a9,PR,Paraíso do Norte,f,0,,0,2025-12-19 20:37:24.825852+00,
293c6ec6-9c6a-4bb8-a0bc-1a0e9fd1b3ea,PR,Paranacity,f,0,,0,2025-12-19 20:37:24.825852+00,
4955213b-77ea-4e04-b0f3-a6722b1bbf1b,PR,Paranaguá,f,0,,0,2025-12-19 20:37:24.825852+00,
a07d481d-4e44-415a-8f04-407806214fb4,PR,Paranapoema,f,0,,0,2025-12-19 20:37:24.825852+00,
2a191b52-ea1d-4437-aa47-988c338cc358,PR,Paranavaí,f,0,,0,2025-12-19 20:37:24.825852+00,
e4f4dd0b-2dec-4914-8c30-8d9f916bd73d,PR,Pato Bragado,f,0,,0,2025-12-19 20:37:24.825852+00,
0cdf3c18-4210-459c-aa95-c19a97ee40e7,PR,Pato Branco,f,0,,0,2025-12-19 20:37:24.825852+00,
53bd0de6-2534-4352-a5eb-0e4daff504be,PR,Paula Freitas,f,0,,0,2025-12-19 20:37:24.825852+00,
ef495d3d-d1ed-41ee-af78-4daa58142c53,PR,Paulo Frontin,f,0,,0,2025-12-19 20:37:24.825852+00,
abc72a42-b92d-4171-8a27-0c6715903a1e,PR,Peabiru,f,0,,0,2025-12-19 20:37:24.825852+00,
864fdebb-ace3-458b-a6f7-c58aad2075f4,PR,Perobal,f,0,,0,2025-12-19 20:37:24.825852+00,
0d10b048-fa28-4939-9946-ba3b6294ca67,PR,Pérola,f,0,,0,2025-12-19 20:37:24.825852+00,
199e33db-51f9-4402-83f2-b760cc42c749,PR,Pérola d'Oeste,f,0,,0,2025-12-19 20:37:24.825852+00,
039342d9-8fb7-46d2-a97b-c90fa47a3cc3,PR,Piên,f,0,,0,2025-12-19 20:37:24.825852+00,
579bdceb-2d91-4d9d-b322-2b5cac737cd8,PR,Pinhais,f,0,,0,2025-12-19 20:37:24.825852+00,
85aa9e49-b61f-4e39-97d6-2ea89bbfd349,PR,Pinhal de São Bento,f,0,,0,2025-12-19 20:37:24.825852+00,
e0f1eabf-403a-4a02-862d-8dd8bb314fde,PR,Pinhalão,f,0,,0,2025-12-19 20:37:24.825852+00,
d01c0885-c43f-43bd-8fbc-2078cba83336,PR,Pinhão,f,0,,0,2025-12-19 20:37:24.825852+00,
ee062d14-6ca5-47b0-8512-fce149ae6bd4,PR,Piraí do Sul,f,0,,0,2025-12-19 20:37:24.825852+00,
911b50a3-5a4e-4d49-a268-260b32529da6,PR,Piraquara,f,0,,0,2025-12-19 20:37:24.825852+00,
c05c55cb-829c-4bdd-81c7-cdfd267727a0,PR,Pitanga,f,0,,0,2025-12-19 20:37:24.825852+00,
4c542e31-d9a5-49c3-a024-5a671630a475,PR,Pitangueiras,f,0,,0,2025-12-19 20:37:24.825852+00,
67e936e5-ef59-4cba-8cb4-5ede5b9c10c2,PR,Planaltina do Paraná,f,0,,0,2025-12-19 20:37:24.825852+00,
88dfffee-4a0f-4f2f-848b-e0d948949daa,PR,Planalto,f,0,,0,2025-12-19 20:37:24.825852+00,
04938765-3acf-487b-96cc-f294a8a321ad,PR,Ponta Grossa,f,0,,0,2025-12-19 20:37:24.825852+00,
e0791bb8-1a5e-4567-a61f-864bcdcc5d53,PR,Pontal do Paraná,f,0,,0,2025-12-19 20:37:24.825852+00,
1d27e5c2-457c-401e-bc36-7c8953a259e1,PR,Porecatu,f,0,,0,2025-12-19 20:37:24.825852+00,
fbe01c07-61e6-4d28-a701-752e5b3a9a7b,PR,Porto Amazonas,f,0,,0,2025-12-19 20:37:24.825852+00,
eea92dc3-7b69-4622-8613-170f32df3d1b,PR,Porto Barreiro,f,0,,0,2025-12-19 20:37:24.825852+00,
005e6681-ac92-41da-9969-0e498bcf649a,PR,Porto Rico,f,0,,0,2025-12-19 20:37:24.825852+00,
ed4c25dd-418e-4022-a97a-ca40e0cbd053,PR,Porto Vitória,f,0,,0,2025-12-19 20:37:24.825852+00,
357a35de-f94a-4621-be4b-11473f158643,PR,Prado Ferreira,f,0,,0,2025-12-19 20:37:24.825852+00,
87f17000-a42a-4c8f-8c21-742075c927b6,PR,Pranchita,f,0,,0,2025-12-19 20:37:24.825852+00,
83c07fe2-c974-4fab-b33d-af6246e518d6,PR,Presidente Castelo Branco,f,0,,0,2025-12-19 20:37:24.825852+00,
0e310774-e4a2-4d72-907a-9dbada9ce54a,PR,Primeiro de Maio,f,0,,0,2025-12-19 20:37:24.825852+00,
60115144-4860-415a-a56e-49f976ba9646,PR,Prudentópolis,f,0,,0,2025-12-19 20:37:24.825852+00,
f670f89b-b8c1-435a-9fb9-425872ade833,PR,Quarto Centenário,f,0,,0,2025-12-19 20:37:24.825852+00,
5a62cc32-b5ec-4ddf-b92d-1e58814a66ab,PR,Quatiguá,f,0,,0,2025-12-19 20:37:24.825852+00,
1aaccf01-1191-4c05-beea-17f8f90faeb6,PR,Quatro Barras,f,0,,0,2025-12-19 20:37:24.825852+00,
4c5f664c-56ae-4e1e-b92f-8806b8c07ba9,PR,Quatro Pontes,f,0,,0,2025-12-19 20:37:24.825852+00,
0accff34-d2b8-4e4b-a98d-28886ba68f55,PR,Quedas do Iguaçu,f,0,,0,2025-12-19 20:37:24.825852+00,
18a315dd-f2a4-4886-84bc-5d469b9f9f7a,PR,Querência do Norte,f,0,,0,2025-12-19 20:37:24.825852+00,
4bd7e698-d2dc-4e36-a975-d3c8064e3a85,PR,Quinta do Sol,f,0,,0,2025-12-19 20:37:24.825852+00,
7ce6b0f8-e091-4f87-a209-206d2ec5cfe4,PR,Quitandinha,f,0,,0,2025-12-19 20:37:24.825852+00,
59ad0c89-e161-4881-ba82-7758fe19ba4a,PR,Ramilândia,f,0,,0,2025-12-19 20:37:24.825852+00,
5bbac98d-3cb9-443b-9569-6ee39a8535ed,PR,Rancho Alegre,f,0,,0,2025-12-19 20:37:24.825852+00,
ae6543db-e619-47c9-b12d-c4d01204e45a,PR,Rancho Alegre D'Oeste,f,0,,0,2025-12-19 20:37:24.825852+00,
e7819b05-0495-46fd-8038-6ee03a470ae4,PR,Realeza,f,0,,0,2025-12-19 20:37:24.825852+00,
974f6887-57a1-4e8d-96a0-26c20083bc19,PB,Areial,f,0,,0,2025-12-19 20:37:24.515322+00,
3bdec4d9-4e88-4660-9065-fcde9894ecb9,PB,Aroeiras,f,0,,0,2025-12-19 20:37:24.515322+00,
e649216f-d9e3-4511-9dab-9df11c6af538,PB,Assunção,f,0,,0,2025-12-19 20:37:24.515322+00,
ce101f2b-5f1d-4720-afa4-d111062d672d,PB,Baía da Traição,f,0,,0,2025-12-19 20:37:24.515322+00,
16bbbeb9-aaf7-4420-870f-be8cdbf3b072,PB,Bananeiras,f,0,,0,2025-12-19 20:37:24.515322+00,
74529578-638d-4ca4-b590-ff8149fe15c5,PB,Baraúna,f,0,,0,2025-12-19 20:37:24.515322+00,
a589bd0a-5263-401d-81fa-2c5b5f5b7670,PB,Barra de Santa Rosa,f,0,,0,2025-12-19 20:37:24.515322+00,
0c3a8129-f502-49d0-a4fa-0071eb9edb90,PB,Barra de Santana,f,0,,0,2025-12-19 20:37:24.515322+00,
de1b1ab5-68e9-42c8-acb8-8fa3f2731ee4,PB,Barra de São Miguel,f,0,,0,2025-12-19 20:37:24.515322+00,
85b04155-b483-4a0e-96d7-68c9f841e4e4,PB,Bayeux,f,0,,0,2025-12-19 20:37:24.515322+00,
9c864819-178d-4dbf-ab15-740747e5e9af,PB,Belém,f,0,,0,2025-12-19 20:37:24.515322+00,
e3b22267-0033-44cb-b5a7-d9770c84fd2d,PB,Belém do Brejo do Cruz,f,0,,0,2025-12-19 20:37:24.515322+00,
19203fa9-8573-4c53-b1e8-5124da5f2d4b,PB,Bernardino Batista,f,0,,0,2025-12-19 20:37:24.515322+00,
a0bd529d-5eaf-4da3-8596-0be94c57c860,PB,Boa Ventura,f,0,,0,2025-12-19 20:37:24.515322+00,
a3570645-8f27-4efb-97cc-30bd16314365,PB,Boa Vista,f,0,,0,2025-12-19 20:37:24.515322+00,
d21bc02a-7cf5-4fda-b30f-1cb9e39a7cc8,PB,Bom Jesus,f,0,,0,2025-12-19 20:37:24.515322+00,
3b6c56c2-4934-4742-990e-1e438b4273f2,PB,Bom Sucesso,f,0,,0,2025-12-19 20:37:24.515322+00,
6da7edf4-6453-4651-99a6-fbc2dc8e0551,PB,Bonito de Santa Fé,f,0,,0,2025-12-19 20:37:24.515322+00,
48461f6b-cc56-40b0-8126-fff792163d9e,PB,Boqueirão,f,0,,0,2025-12-19 20:37:24.515322+00,
a88b46f7-cb85-43cd-a91e-74bc48dfc466,PB,Borborema,f,0,,0,2025-12-19 20:37:24.515322+00,
92af69aa-e67b-40f6-a202-a9cd303d3d96,PB,Brejo do Cruz,f,0,,0,2025-12-19 20:37:24.515322+00,
fd7825f7-594a-4b4b-8516-b13831363488,PB,Brejo dos Santos,f,0,,0,2025-12-19 20:37:24.515322+00,
cb8b9c1e-5574-4fa0-8dca-0742db766667,PB,Caaporã,f,0,,0,2025-12-19 20:37:24.515322+00,
7c241b07-a9ec-49dc-864d-7662d56d9fe5,PB,Cabaceiras,f,0,,0,2025-12-19 20:37:24.515322+00,
b247bd51-43c9-4199-8e48-7fe06225fe38,PB,Cabedelo,f,0,,0,2025-12-19 20:37:24.515322+00,
6ca0f8be-e3d7-41a5-9199-b9db5ef3dfd6,PB,Cachoeira dos Índios,f,0,,0,2025-12-19 20:37:24.515322+00,
d0ddebf4-7b72-4c75-b21a-691130087621,PB,Cacimba de Areia,f,0,,0,2025-12-19 20:37:24.515322+00,
cded844b-0095-434b-9f75-a852dc758409,PB,Cacimba de Dentro,f,0,,0,2025-12-19 20:37:24.515322+00,
e6c3e314-9079-48f7-b291-963624e00024,PB,Cacimbas,f,0,,0,2025-12-19 20:37:24.515322+00,
83ee413f-eb18-49e5-9f93-33c4710d682c,PB,Caiçara,f,0,,0,2025-12-19 20:37:24.515322+00,
f3955763-9ee1-4634-82ec-f1a7557bdc37,PB,Cajazeiras,f,0,,0,2025-12-19 20:37:24.515322+00,
62973810-258d-42e9-b248-80dbef12f83c,PB,Cajazeirinhas,f,0,,0,2025-12-19 20:37:24.515322+00,
d79ee456-493d-4a20-82db-752b6afa23cc,PB,Caldas Brandão,f,0,,0,2025-12-19 20:37:24.515322+00,
d64ee022-9af3-4cd6-8cb5-530230fa9d8d,PB,Camalaú,f,0,,0,2025-12-19 20:37:24.515322+00,
31806e76-b45a-4561-9b34-b34adf720f64,PB,Campina Grande,f,0,,0,2025-12-19 20:37:24.515322+00,
eae8bd21-ac11-451a-994f-2b5cab84560c,PB,Capim,f,0,,0,2025-12-19 20:37:24.515322+00,
3324abc4-0c94-4f59-b128-ee90cf41a735,PB,Caraúbas,f,0,,0,2025-12-19 20:37:24.515322+00,
c14ee212-8dcc-4191-b075-5dca5cf6e0c3,PB,Carrapateira,f,0,,0,2025-12-19 20:37:24.515322+00,
a8d73346-16a9-4707-8b00-2462e41c4d18,PB,Casserengue,f,0,,0,2025-12-19 20:37:24.515322+00,
3aa00980-4d34-460c-bef6-cd5ad6902c16,PB,Catingueira,f,0,,0,2025-12-19 20:37:24.515322+00,
4e7ec6df-32ea-41cf-86cd-97a79f357d5a,PB,Catolé do Rocha,f,0,,0,2025-12-19 20:37:24.515322+00,
144082e4-f702-4f8d-a4c3-ee19f4f1c4a7,PB,Caturité,f,0,,0,2025-12-19 20:37:24.515322+00,
986dcd0d-1dc1-4c65-aa76-21374572f206,PB,Conceição,f,0,,0,2025-12-19 20:37:24.515322+00,
7a51f917-8575-41ed-b232-1b251369c9a4,PB,Condado,f,0,,0,2025-12-19 20:37:24.515322+00,
d8840605-a09d-4c52-91fc-5301c993f3e2,PB,Conde,f,0,,0,2025-12-19 20:37:24.515322+00,
cf7e5f26-a023-47f1-bdca-35cf6d9074e2,PB,Congo,f,0,,0,2025-12-19 20:37:24.515322+00,
c6cd982f-8392-47b5-81fa-5116ebd7c746,PB,Coremas,f,0,,0,2025-12-19 20:37:24.515322+00,
eba0d203-47a9-4b0d-a3f6-079bbc690733,PB,Coxixola,f,0,,0,2025-12-19 20:37:24.515322+00,
f0a5bdd2-6ae3-46ae-960f-fe8b56a87361,PB,Cruz do Espírito Santo,f,0,,0,2025-12-19 20:37:24.515322+00,
de9afc25-fef4-4a9f-8918-22089446f0f7,PB,Cubati,f,0,,0,2025-12-19 20:37:24.515322+00,
b9e30189-8b14-41d7-8455-de6ff939d5c3,PB,Cuité,f,0,,0,2025-12-19 20:37:24.515322+00,
33632043-b7f2-4085-85df-49bade7e1e8f,PB,Cuité de Mamanguape,f,0,,0,2025-12-19 20:37:24.515322+00,
d7f1421e-73cb-4f4c-9c66-39cb8540b181,PB,Cuitegi,f,0,,0,2025-12-19 20:37:24.515322+00,
f1e1bf51-baac-4176-b364-930fac8f0c1b,PB,Curral de Cima,f,0,,0,2025-12-19 20:37:24.515322+00,
caadbcc2-da01-4539-bd5e-cc84603f78ce,PB,Curral Velho,f,0,,0,2025-12-19 20:37:24.515322+00,
fd7ee58b-5b83-4fb9-9562-c86719704544,PB,Damião,f,0,,0,2025-12-19 20:37:24.515322+00,
a187e8ab-9aee-45ba-9ec0-2bbbfe155418,PB,Desterro,f,0,,0,2025-12-19 20:37:24.515322+00,
2cfa47f4-7d32-4fd7-addc-8cdfa58c09bb,PB,Diamante,f,0,,0,2025-12-19 20:37:24.515322+00,
5ccf343d-65d3-4c1c-af07-3d9fb9d5cf92,PB,Dona Inês,f,0,,0,2025-12-19 20:37:24.515322+00,
7cef0229-3bfd-48e4-9e00-ef49809b50f4,PB,Duas Estradas,f,0,,0,2025-12-19 20:37:24.515322+00,
12233334-65c1-4d50-8d79-23d9e754bd57,PB,Emas,f,0,,0,2025-12-19 20:37:24.515322+00,
5455020d-3fdc-4970-ae6e-9aa537be7b6b,PB,Esperança,f,0,,0,2025-12-19 20:37:24.515322+00,
a1512b01-454a-4dd3-b07d-746ec65c5663,PB,Fagundes,f,0,,0,2025-12-19 20:37:24.515322+00,
99b477fa-9c16-49a5-a1f0-ab25f3aa01d9,PB,Frei Martinho,f,0,,0,2025-12-19 20:37:24.515322+00,
c9a2ce3d-2232-4b30-9d86-204c2fe0c4f3,PB,Gado Bravo,f,0,,0,2025-12-19 20:37:24.515322+00,
7dad4492-fa90-44da-aa15-17fc7762483c,PB,Guarabira,f,0,,0,2025-12-19 20:37:24.515322+00,
5e3265a8-8049-4265-b36b-3a02251390a9,PB,Gurinhém,f,0,,0,2025-12-19 20:37:24.515322+00,
651500b7-e53f-4476-900c-e7b3b6ba58e4,PB,Gurjão,f,0,,0,2025-12-19 20:37:24.515322+00,
c03905e7-8d7c-45af-b99e-728ce1de9f1d,PB,Ibiara,f,0,,0,2025-12-19 20:37:24.515322+00,
dfe21372-ca8b-430d-b380-89be35236950,PB,Igaracy,f,0,,0,2025-12-19 20:37:24.515322+00,
3ea1f011-d020-4485-9cd6-30c778db47bb,PB,Imaculada,f,0,,0,2025-12-19 20:37:24.515322+00,
ee8adcab-66a1-4dbe-ab9a-bcea3dd1b425,PB,Ingá,f,0,,0,2025-12-19 20:37:24.515322+00,
c46c6b73-fcb2-4de2-8c4f-5d0bf52cc20b,PB,Itabaiana,f,0,,0,2025-12-19 20:37:24.515322+00,
6af5c759-9dcd-4159-bc17-519df3683885,PB,Itaporanga,f,0,,0,2025-12-19 20:37:24.515322+00,
73b8313f-4993-46a8-94c8-8394642b86a0,PB,Itapororoca,f,0,,0,2025-12-19 20:37:24.515322+00,
31ff84ab-b8c1-4781-b3f0-2b745af7eea8,PB,Itatuba,f,0,,0,2025-12-19 20:37:24.515322+00,
55055cef-64f0-40aa-b976-cdf402b8d3e9,PB,Jacaraú,f,0,,0,2025-12-19 20:37:24.515322+00,
70b49b99-8b61-4b60-aa50-2b1e1198a272,PB,Jericó,f,0,,0,2025-12-19 20:37:24.515322+00,
8203314d-cb33-4bb1-9d92-a24bb85043e1,PB,João Pessoa,f,0,,0,2025-12-19 20:37:24.515322+00,
132fe370-2c83-4cc4-b0a8-dff49afdeaa4,PB,Joca Claudino,f,0,,0,2025-12-19 20:37:24.515322+00,
e51f357f-63c5-418e-9ed1-050fddedd2ca,PB,Juarez Távora,f,0,,0,2025-12-19 20:37:24.515322+00,
66a8dfca-13d8-40e1-80fe-5306ca64c9c4,PB,Juazeirinho,f,0,,0,2025-12-19 20:37:24.515322+00,
abbba0c0-0371-427d-bfc4-80663e7fa7d9,PB,Junco do Seridó,f,0,,0,2025-12-19 20:37:24.515322+00,
41ebcbcd-f0a2-4620-94ad-ec7b0f0d3c02,PB,Juripiranga,f,0,,0,2025-12-19 20:37:24.515322+00,
7ca2d802-a18f-4354-beb1-58ee7090f3f3,PB,Juru,f,0,,0,2025-12-19 20:37:24.515322+00,
5655a5c1-9387-41af-8fda-4a7d72b36adc,PB,Lagoa,f,0,,0,2025-12-19 20:37:24.515322+00,
ea88ea3b-4f54-4084-b21b-f425d94e00f7,PB,Lagoa de Dentro,f,0,,0,2025-12-19 20:37:24.515322+00,
78ad442c-b609-46cb-8cb5-a63ca277e0e2,PB,Lagoa Seca,f,0,,0,2025-12-19 20:37:24.515322+00,
63a841b2-a00e-4af2-add7-cc29191fbaa0,PB,Lastro,f,0,,0,2025-12-19 20:37:24.515322+00,
b1b10f89-50ec-4f58-9f98-f08105018430,PB,Livramento,f,0,,0,2025-12-19 20:37:24.515322+00,
10654ae5-fe7f-4991-9927-bda31da4a633,PB,Logradouro,f,0,,0,2025-12-19 20:37:24.515322+00,
1d04bb43-3ed8-4068-9009-6d8582cb026b,PB,Lucena,f,0,,0,2025-12-19 20:37:24.515322+00,
64d6b3d0-61a3-40f5-b753-7d22aa85a4a4,PB,Mãe d'Água,f,0,,0,2025-12-19 20:37:24.515322+00,
017f2c81-6bd9-4491-97f5-48b75442f8c8,PB,Malta,f,0,,0,2025-12-19 20:37:24.515322+00,
7ab91e6c-2874-4309-af29-8c4863690dcc,PB,Mamanguape,f,0,,0,2025-12-19 20:37:24.515322+00,
484a535a-b9e5-4292-acab-d4024aafae99,PB,Manaíra,f,0,,0,2025-12-19 20:37:24.515322+00,
3d8ee21c-801c-4181-9385-2ed11643fcfb,PB,Marcação,f,0,,0,2025-12-19 20:37:24.515322+00,
1fd31643-5aac-4727-a583-ae244039889a,PB,Mari,f,0,,0,2025-12-19 20:37:24.515322+00,
a36788db-7417-409c-90c9-4fd16d809b3b,PB,Marizópolis,f,0,,0,2025-12-19 20:37:24.515322+00,
7d09f74f-024f-4d43-94ec-39d41319d65f,PB,Massaranduba,f,0,,0,2025-12-19 20:37:24.515322+00,
1477fb36-8872-4f9b-8d09-d52c13462d9b,PB,Mataraca,f,0,,0,2025-12-19 20:37:24.515322+00,
2f49e678-9f33-4ce7-8bf2-314770e439ca,PB,Matinhas,f,0,,0,2025-12-19 20:37:24.515322+00,
8d07a747-a1e3-4452-bead-fb5b073de9ea,PB,Mato Grosso,f,0,,0,2025-12-19 20:37:24.515322+00,
4f1e3f6e-f6e3-4f6f-9ba8-455aaf41462a,PB,Maturéia,f,0,,0,2025-12-19 20:37:24.515322+00,
b1c1507b-06b9-449b-9ca6-82f550758e5a,PB,Mogeiro,f,0,,0,2025-12-19 20:37:24.515322+00,
20fa2c62-9b2d-4b09-9df4-83c9b70761ab,PB,Montadas,f,0,,0,2025-12-19 20:37:24.515322+00,
b8517e79-da1c-4cb8-aa2b-49bcf9999938,PB,Monte Horebe,f,0,,0,2025-12-19 20:37:24.515322+00,
cad541e5-8fe6-489d-b5af-52c5ca60d047,PB,Monteiro,f,0,,0,2025-12-19 20:37:24.515322+00,
192219b9-e542-4e72-a861-00dc7405952e,PB,Mulungu,f,0,,0,2025-12-19 20:37:24.515322+00,
c202753a-0259-4d65-8e7a-e7ddd79489f7,PB,Natuba,f,0,,0,2025-12-19 20:37:24.515322+00,
a7d8ea37-f033-4592-aefa-a4526a64a34d,PB,Nazarezinho,f,0,,0,2025-12-19 20:37:24.515322+00,
c3bc3544-44c2-4f02-bc79-e95733eedc5c,PB,Nova Floresta,f,0,,0,2025-12-19 20:37:24.515322+00,
e87055b0-1fae-480f-a001-01c80961dfab,PB,Nova Olinda,f,0,,0,2025-12-19 20:37:24.515322+00,
56ba5127-6960-4108-ab1e-2fdbfc607c3f,PB,Nova Palmeira,f,0,,0,2025-12-19 20:37:24.515322+00,
1c131f1e-b75a-4475-b99b-dd232c3ccfc9,PB,Olho d'Água,f,0,,0,2025-12-19 20:37:24.515322+00,
caa25b1d-9a13-4fc3-b279-ed29ea8e220f,PB,Olivedos,f,0,,0,2025-12-19 20:37:24.515322+00,
7f71ca2d-1dc0-4b01-8f31-d1e35d11ec97,PB,Ouro Velho,f,0,,0,2025-12-19 20:37:24.515322+00,
d8ba8bab-0d9a-4cd8-bebc-b85cf55b22bc,PB,Parari,f,0,,0,2025-12-19 20:37:24.515322+00,
6491d1d3-5fbf-4ff5-9211-4e9dad631895,PB,Passagem,f,0,,0,2025-12-19 20:37:24.515322+00,
8b713365-5c15-4ac3-bdc8-243a21a3ad29,PB,Patos,f,0,,0,2025-12-19 20:37:24.515322+00,
1e533e0f-faa4-4643-92ec-82c2f2d0b1f0,PB,Paulista,f,0,,0,2025-12-19 20:37:24.515322+00,
a810b617-113d-4bb8-9b24-2fcd8ba2dee3,PB,Pedra Branca,f,0,,0,2025-12-19 20:37:24.515322+00,
b2243256-e00b-4133-9ec1-e5adae3346eb,PB,Pedra Lavrada,f,0,,0,2025-12-19 20:37:24.515322+00,
0c21fa42-e942-4764-82df-6414f3104599,PB,Pedras de Fogo,f,0,,0,2025-12-19 20:37:24.515322+00,
1ee591e6-abfe-42e9-8f9f-87d9a6b341e7,PB,Pedro Régis,f,0,,0,2025-12-19 20:37:24.515322+00,
ff09c619-c7d4-4df3-83a6-21786290761b,PB,Piancó,f,0,,0,2025-12-19 20:37:24.515322+00,
50ad1a17-3973-4fe3-9d62-0bf56556678e,PB,Picuí,f,0,,0,2025-12-19 20:37:24.515322+00,
5ba8c5f4-4bd7-4a86-ae4c-eac008de18b1,PB,Pilar,f,0,,0,2025-12-19 20:37:24.515322+00,
d031b0e1-9f81-471b-8a2d-e353f267dd6f,PB,Pilões,f,0,,0,2025-12-19 20:37:24.515322+00,
f4d2b43e-4596-4fda-b123-2221f3b97e44,PB,Pilõezinhos,f,0,,0,2025-12-19 20:37:24.515322+00,
f5d65816-6411-4066-90d8-455250bda580,PB,Pirpirituba,f,0,,0,2025-12-19 20:37:24.515322+00,
80fcda4c-6c33-494f-bab4-94b67793ba4c,PB,Pitimbu,f,0,,0,2025-12-19 20:37:24.515322+00,
50d841ae-a6fd-466e-959f-f703482978ee,PB,Pocinhos,f,0,,0,2025-12-19 20:37:24.515322+00,
3981004a-bbd1-4839-b6f8-e1ddd38aebe8,PB,Poço Dantas,f,0,,0,2025-12-19 20:37:24.515322+00,
ce4c25a1-1749-4cc4-8092-17912d5dfb83,PB,Poço de José de Moura,f,0,,0,2025-12-19 20:37:24.515322+00,
25847eaf-02c9-4c2d-9599-9385daf9a0ac,PB,Pombal,f,0,,0,2025-12-19 20:37:24.515322+00,
fc7211c9-f0be-4f98-828d-767f8c39f2ee,PB,Prata,f,0,,0,2025-12-19 20:37:24.515322+00,
ca69cdd7-ac5f-4f60-b33b-4d23a9d97868,PB,Princesa Isabel,f,0,,0,2025-12-19 20:37:24.515322+00,
9154fa4c-8a53-4a96-a935-65b569a24d10,PB,Puxinanã,f,0,,0,2025-12-19 20:37:24.515322+00,
606a42b6-f4a7-4fb8-bcb2-6a667ead1dc9,PB,Queimadas,f,0,,0,2025-12-19 20:37:24.515322+00,
3419dd49-468a-49b8-8d12-0e3d90a5269f,PB,Quixabá,f,0,,0,2025-12-19 20:37:24.515322+00,
f94f2dc5-b5de-4945-8d38-233409dfb6f9,PB,Remígio,f,0,,0,2025-12-19 20:37:24.515322+00,
9fd79c2b-654b-47af-80c7-97d9d7b86aa7,PB,Riachão,f,0,,0,2025-12-19 20:37:24.515322+00,
85b275c9-a33d-4cec-918b-668475397bd7,PB,Riachão do Bacamarte,f,0,,0,2025-12-19 20:37:24.515322+00,
2de3bce3-36ad-411b-a0dd-b6e4ffaa67ad,PB,Riachão do Poço,f,0,,0,2025-12-19 20:37:24.515322+00,
e85231f4-b26f-447c-b118-03cba4698f2b,PB,Riacho de Santo Antônio,f,0,,0,2025-12-19 20:37:24.515322+00,
e82b66fa-2d19-46d4-b740-bb850f3c8d58,PB,Riacho dos Cavalos,f,0,,0,2025-12-19 20:37:24.515322+00,
6cf37e30-c743-4205-a015-08d04a19fa5f,PB,Rio Tinto,f,0,,0,2025-12-19 20:37:24.515322+00,
2f13bb53-464f-4447-a303-730ebbc220b5,PB,Salgadinho,f,0,,0,2025-12-19 20:37:24.515322+00,
3e9d3d13-1c4a-4f86-a3be-876218bc19a9,PB,Salgado de São Félix,f,0,,0,2025-12-19 20:37:24.515322+00,
fa0cb7fa-8505-4fe5-91f3-1796b319901e,PB,Santa Cecília,f,0,,0,2025-12-19 20:37:24.515322+00,
623d0fda-923a-42b2-ad43-07c7900fbdd5,PB,Santa Cruz,f,0,,0,2025-12-19 20:37:24.515322+00,
b8dc2f6b-dc17-4dfa-adeb-2643c5cb4b51,PB,Santa Helena,f,0,,0,2025-12-19 20:37:24.515322+00,
a7392ba4-ea02-41ab-aa6c-d1665877d1a7,PB,Santa Inês,f,0,,0,2025-12-19 20:37:24.515322+00,
5c5cface-8722-4115-b343-019583163d20,PB,Santa Luzia,f,0,,0,2025-12-19 20:37:24.515322+00,
86bb2d52-8566-4247-a584-6ad1b95a20da,PB,Santa Rita,f,0,,0,2025-12-19 20:37:24.515322+00,
e6721e9e-6ca2-479b-ba2f-f6f1c173fd3b,PB,Santa Teresinha,f,0,,0,2025-12-19 20:37:24.515322+00,
bb65eafb-a0ce-497f-91b8-b98472836f68,PB,Santana de Mangueira,f,0,,0,2025-12-19 20:37:24.515322+00,
4ad88630-9e58-4297-90ef-4c3a17a115b4,PB,Santana dos Garrotes,f,0,,0,2025-12-19 20:37:24.515322+00,
58b15813-b319-4395-9525-6f6352fccf4a,PB,Santarém,f,0,,0,2025-12-19 20:37:24.515322+00,
871b32c5-a4cd-4920-a241-6eb118c37004,PB,Santo André,f,0,,0,2025-12-19 20:37:24.515322+00,
8e61927d-7890-403d-b4a7-bc546bad8990,PB,São Bentinho,f,0,,0,2025-12-19 20:37:24.515322+00,
da3ae3d4-24c5-44b1-a293-52ffa56cbd92,PB,São Bento,f,0,,0,2025-12-19 20:37:24.515322+00,
004ca94f-ff2e-429c-905c-9f20fe93796e,PB,São Domingos de Pombal,f,0,,0,2025-12-19 20:37:24.515322+00,
5ca201b2-9542-440f-95b0-eac1a1ede463,PB,São Domingos do Cariri,f,0,,0,2025-12-19 20:37:24.515322+00,
1d7676ed-78f5-498f-aaee-8c6b76b29c6d,PB,São Francisco,f,0,,0,2025-12-19 20:37:24.515322+00,
599ccb24-a73d-4645-af57-366ef03a9abd,PB,São João do Cariri,f,0,,0,2025-12-19 20:37:24.515322+00,
5f37b927-9ee5-4365-8f38-fefa7adc7ff1,PB,São João do Rio do Peixe,f,0,,0,2025-12-19 20:37:24.515322+00,
1bf9c30e-ee7e-4c08-b66e-55b44b05abf0,PB,São João do Tigre,f,0,,0,2025-12-19 20:37:24.515322+00,
0cdb5ecf-5ab3-4ae5-ab09-b4395015b51b,PB,São José da Lagoa Tapada,f,0,,0,2025-12-19 20:37:24.515322+00,
7291b445-c1f9-46e7-a782-2964a69b56a0,PB,São José de Caiana,f,0,,0,2025-12-19 20:37:24.515322+00,
664f2d76-fe82-4ed7-967d-0aa27347219f,PB,São José de Espinharas,f,0,,0,2025-12-19 20:37:24.515322+00,
6344c09d-3e11-4e8e-809e-16c03a019bb6,PB,São José de Piranhas,f,0,,0,2025-12-19 20:37:24.515322+00,
d1253f44-535a-47a9-b33d-baadc6d28084,PB,São José de Princesa,f,0,,0,2025-12-19 20:37:24.515322+00,
22222e2d-4c95-4629-ad01-0aa48f3fe946,PB,São José do Bonfim,f,0,,0,2025-12-19 20:37:24.515322+00,
a72d5ef5-2662-4d0b-a3d7-0a44f26b06ba,PB,São José do Brejo do Cruz,f,0,,0,2025-12-19 20:37:24.515322+00,
9e57c6e1-8cf9-4a29-bf72-5ad1d424ccbc,PB,São José do Sabugi,f,0,,0,2025-12-19 20:37:24.515322+00,
a4cb2bf7-6b71-443a-aaa8-97cb4ed2fbba,PB,São José dos Cordeiros,f,0,,0,2025-12-19 20:37:24.515322+00,
5a61e987-4766-427b-ae65-3103faca3ea8,PB,São José dos Ramos,f,0,,0,2025-12-19 20:37:24.515322+00,
406ca798-2f5b-4812-86ff-101893315188,PB,São Mamede,f,0,,0,2025-12-19 20:37:24.515322+00,
f9516bca-dbc4-46f8-941d-4c688ac7b410,PB,São Miguel de Taipu,f,0,,0,2025-12-19 20:37:24.515322+00,
1991e1a9-cfea-43a5-a77e-bd36b419103b,PB,São Sebastião de Lagoa de Roça,f,0,,0,2025-12-19 20:37:24.515322+00,
3eab4bfc-46de-412c-ac0e-b7eda91a9d53,PB,São Sebastião do Umbuzeiro,f,0,,0,2025-12-19 20:37:24.515322+00,
00e881d3-205b-4d18-bdac-8eb18275c7fc,PB,Sapé,f,0,,0,2025-12-19 20:37:24.515322+00,
24f21f57-748b-4edc-94f1-c0d2c8db49ec,PB,Seridó,f,0,,0,2025-12-19 20:37:24.515322+00,
9c60b248-f484-4e71-80aa-ee3514642f5b,PB,Serra Branca,f,0,,0,2025-12-19 20:37:24.515322+00,
ea50493c-479f-4ebb-875b-cbb665b893cf,PB,Serra da Raiz,f,0,,0,2025-12-19 20:37:24.515322+00,
d17451e3-8e5b-43f3-b94d-c23554299191,PB,Serra Grande,f,0,,0,2025-12-19 20:37:24.515322+00,
5c4262cb-119c-4e33-9b19-ce837c91e3cd,PB,Serra Redonda,f,0,,0,2025-12-19 20:37:24.515322+00,
92d7cfa0-d887-4b29-8e21-7ef2a2ec4f50,PB,Serraria,f,0,,0,2025-12-19 20:37:24.515322+00,
280413f5-361c-4edf-9566-a22a470c6e50,PB,Sertãozinho,f,0,,0,2025-12-19 20:37:24.515322+00,
3ab9902c-b022-4614-abff-c97bc4412516,PB,Sobrado,f,0,,0,2025-12-19 20:37:24.515322+00,
062408fe-9654-4ea4-8cfc-9c0a534473c9,PB,Solânea,f,0,,0,2025-12-19 20:37:24.515322+00,
56814a8f-f65d-4591-9e66-be418a942b12,PB,Soledade,f,0,,0,2025-12-19 20:37:24.515322+00,
ad625c9a-6ad8-4e43-b3e5-30710e04ad45,PB,Sossêgo,f,0,,0,2025-12-19 20:37:24.515322+00,
511d25ec-7156-41b4-a027-4768f543f3cc,PB,Sousa,f,0,,0,2025-12-19 20:37:24.515322+00,
53871d91-6114-42ea-812d-2184112535a5,PB,Sumé,f,0,,0,2025-12-19 20:37:24.515322+00,
ea49a976-3745-405b-9d01-71b6b2c18493,PB,Taperoá,f,0,,0,2025-12-19 20:37:24.515322+00,
fa04c55e-1322-43e3-b0f5-d2b274051e15,PB,Tavares,f,0,,0,2025-12-19 20:37:24.515322+00,
e5652167-0637-464d-af85-665c51667d84,PB,Teixeira,f,0,,0,2025-12-19 20:37:24.515322+00,
249bfa7d-50d6-4cf8-92f9-8840f7e15aca,PB,Tenório,f,0,,0,2025-12-19 20:37:24.515322+00,
f622aa22-6e78-440b-a318-9239436a5cbf,PB,Triunfo,f,0,,0,2025-12-19 20:37:24.515322+00,
ebb34437-a3f7-4be1-8421-0306a6d8ced7,PB,Uiraúna,f,0,,0,2025-12-19 20:37:24.515322+00,
994b157c-a763-45d8-b81a-895fc80f1b20,PB,Umbuzeiro,f,0,,0,2025-12-19 20:37:24.515322+00,
5341b40d-269c-4a09-be78-121045168bd7,PB,Várzea,f,0,,0,2025-12-19 20:37:24.515322+00,
5cdb3ca5-dc91-4e49-be8b-dac420955d05,PB,Vieirópolis,f,0,,0,2025-12-19 20:37:24.515322+00,
a38c93b2-5ae0-4ceb-8c0c-feb5487b5eb6,PB,Vista Serrana,f,0,,0,2025-12-19 20:37:24.515322+00,
7aa45e0f-3362-4ba3-933a-38096933c6e9,PB,Zabelê,f,0,,0,2025-12-19 20:37:24.515322+00,
6b26c2e9-cc16-427f-83d6-50d16612d23e,PR,Abatiá,f,0,,0,2025-12-19 20:37:24.515322+00,
22ee0e34-a0cb-49fa-a608-e7053ef959bb,PR,Adrianópolis,f,0,,0,2025-12-19 20:37:24.515322+00,
03323df8-2135-4074-afc1-b2bd70b83aa5,PR,Agudos do Sul,f,0,,0,2025-12-19 20:37:24.515322+00,
6982294c-460e-438e-b01f-64bcac16a585,PR,Almirante Tamandaré,f,0,,0,2025-12-19 20:37:24.515322+00,
bfeee190-e5ea-4174-8a87-ab1d32b87404,PR,Altamira do Paraná,f,0,,0,2025-12-19 20:37:24.515322+00,
2c991f81-102e-42ce-afd6-c09a81b89198,PR,Alto Paraíso,f,0,,0,2025-12-19 20:37:24.515322+00,
b70999f2-2c5a-4430-a61b-f2b419ad233c,PR,Alto Paraná,f,0,,0,2025-12-19 20:37:24.515322+00,
b10e2c2c-1f5a-4b33-8b67-e579c1a9ba6f,PR,Alto Piquiri,f,0,,0,2025-12-19 20:37:24.515322+00,
6f34e78d-d691-4411-a54c-71843e8e229d,PR,Altônia,f,0,,0,2025-12-19 20:37:24.515322+00,
db480b76-ef40-487b-97ae-82f6eafe03fe,PR,Alvorada do Sul,f,0,,0,2025-12-19 20:37:24.515322+00,
eb0066d6-6148-4d98-9318-dc238daf16ef,PR,Amaporã,f,0,,0,2025-12-19 20:37:24.515322+00,
08873997-61c6-4524-a564-d50002a8fd43,PR,Ampére,f,0,,0,2025-12-19 20:37:24.515322+00,
6d446810-e373-4a0e-911a-03a49489f3d5,PR,Anahy,f,0,,0,2025-12-19 20:37:24.515322+00,
12d53e72-98c4-498d-93ba-c1e7080a8e9f,PR,Andirá,f,0,,0,2025-12-19 20:37:24.515322+00,
c355d1a5-911a-4e18-8891-63c0fa07f2fe,PR,Ângulo,f,0,,0,2025-12-19 20:37:24.515322+00,
70bc7a73-2fdd-4ac6-99fc-a6ffcbc96de4,PR,Antonina,f,0,,0,2025-12-19 20:37:24.515322+00,
f6a1dfc7-e431-45ba-82d7-8f6164978a6f,PR,Antônio Olinto,f,0,,0,2025-12-19 20:37:24.515322+00,
cd5ab826-8ee5-4f51-83ec-f6af3da3bfa0,PR,Apucarana,f,0,,0,2025-12-19 20:37:24.515322+00,
504d3e50-857f-4a09-b807-4eaeb3dbd42c,PR,Arapongas,f,0,,0,2025-12-19 20:37:24.515322+00,
49623324-37c3-453d-ab75-9ddf723da8fc,PR,Arapoti,f,0,,0,2025-12-19 20:37:24.515322+00,
bec53d35-ba26-4b86-b12e-481faa74bc74,PR,Arapuã,f,0,,0,2025-12-19 20:37:24.515322+00,
e7e93296-5e53-44a0-a78d-b0e06ec2f7bf,PR,Araruna,f,0,,0,2025-12-19 20:37:24.515322+00,
29885903-1e2f-4b19-b4e0-d305b93f0c33,PR,Araucária,f,0,,0,2025-12-19 20:37:24.515322+00,
d8069eaa-ad18-41c9-8f99-434772c7b0d2,PR,Ariranha do Ivaí,f,0,,0,2025-12-19 20:37:24.515322+00,
adc6410d-8e8b-4041-bbfa-c6ef1a1d6392,PR,Assaí,f,0,,0,2025-12-19 20:37:24.515322+00,
14f8cce6-cc3c-416d-8178-7ed3268e6249,PR,Assis Chateaubriand,f,0,,0,2025-12-19 20:37:24.515322+00,
73ad5d96-eb53-420e-8132-95e7b3802cc3,PR,Astorga,f,0,,0,2025-12-19 20:37:24.515322+00,
29052941-ce63-4571-8537-30183011c1c2,PR,Atalaia,f,0,,0,2025-12-19 20:37:24.515322+00,
1f779692-4318-4b89-ba40-a918031688db,PR,Balsa Nova,f,0,,0,2025-12-19 20:37:24.515322+00,
64127a61-a3fe-4767-ac62-e096bc0d1599,PR,Bandeirantes,f,0,,0,2025-12-19 20:37:24.515322+00,
06eff65b-f2e4-4ccc-8a0e-a2b1e782227b,PR,Barbosa Ferraz,f,0,,0,2025-12-19 20:37:24.515322+00,
47e53f21-8360-4a59-a6ab-9dd76cd408e2,PR,Barra do Jacaré,f,0,,0,2025-12-19 20:37:24.515322+00,
26077200-24b9-4653-8c3e-3dbe39c3d414,PR,Barracão,f,0,,0,2025-12-19 20:37:24.515322+00,
f1ffbb3a-e3b2-4afe-9f5e-9a91b95b2e2f,PR,Bela Vista da Caroba,f,0,,0,2025-12-19 20:37:24.515322+00,
1dab8496-f935-4b86-97ad-35bdffec8e90,PR,Bela Vista do Paraíso,f,0,,0,2025-12-19 20:37:24.515322+00,
7542d4b6-e695-4809-b728-067d60e3bafa,PR,Bituruna,f,0,,0,2025-12-19 20:37:24.515322+00,
a01b269e-4d57-4a2b-b5e5-7b9c1a275893,PR,Boa Esperança,f,0,,0,2025-12-19 20:37:24.515322+00,
60c3d634-76ff-4501-8f55-96e2454c61d0,PR,Boa Esperança do Iguaçu,f,0,,0,2025-12-19 20:37:24.515322+00,
3490a9f5-277a-4722-b042-90db1d4a4a40,PR,Boa Ventura de São Roque,f,0,,0,2025-12-19 20:37:24.515322+00,
e8f7fff2-57ab-4728-b46e-22fea8ef7e32,PR,Boa Vista da Aparecida,f,0,,0,2025-12-19 20:37:24.515322+00,
e2d09192-65da-4901-b5e8-b69b2a42b164,PR,Bocaiúva do Sul,f,0,,0,2025-12-19 20:37:24.515322+00,
4c858bce-3235-4def-80f6-74dd54ca2bae,PR,Bom Jesus do Sul,f,0,,0,2025-12-19 20:37:24.515322+00,
7c99689f-e413-4cbf-86df-b11f3c1541a7,PR,Bom Sucesso,f,0,,0,2025-12-19 20:37:24.515322+00,
e49fd6dc-a678-446d-9d13-b676e661d62d,PR,Bom Sucesso do Sul,f,0,,0,2025-12-19 20:37:24.515322+00,
11c5a9c9-69bd-4818-8f66-b42f27458124,PR,Borrazópolis,f,0,,0,2025-12-19 20:37:24.515322+00,
d133e745-1cd9-440d-a660-695b9b3f8e76,PR,Braganey,f,0,,0,2025-12-19 20:37:24.515322+00,
972b225e-9036-4fbd-9569-adf2831e0f4c,PR,Brasilândia do Sul,f,0,,0,2025-12-19 20:37:24.515322+00,
4d270082-6994-440d-827e-63843fcbbfa4,PR,Cafeara,f,0,,0,2025-12-19 20:37:24.515322+00,
00cdf0bc-0c99-4329-9f41-aa02f9f77042,PR,Cafelândia,f,0,,0,2025-12-19 20:37:24.515322+00,
c103895f-835a-462e-b477-5c38d831b49d,PR,Cafezal do Sul,f,0,,0,2025-12-19 20:37:24.515322+00,
e217c490-dd13-4231-9d07-39c7430bdff9,PR,Califórnia,f,0,,0,2025-12-19 20:37:24.515322+00,
18e8f856-c22f-4863-8e40-af903162d112,PR,Cambará,f,0,,0,2025-12-19 20:37:24.515322+00,
511b0f60-1f3a-4419-a7a5-4579ffb4148f,PR,Cambé,f,0,,0,2025-12-19 20:37:24.515322+00,
7d4dbebd-b8c6-4c7e-9395-43a26c2476bd,PR,Cambira,f,0,,0,2025-12-19 20:37:24.515322+00,
00cd5ad3-b3a8-40ea-82aa-d6852fd826e6,PR,Campina da Lagoa,f,0,,0,2025-12-19 20:37:24.515322+00,
77780625-4d6e-4922-9a6c-74e75d01ef21,PR,Campina do Simão,f,0,,0,2025-12-19 20:37:24.515322+00,
5aea2887-c6f3-4292-95f0-c6a3aa396bb8,PR,Campina Grande do Sul,f,0,,0,2025-12-19 20:37:24.515322+00,
cb2f3b2e-f7d5-4d23-ac2e-1ad3ab92befa,PR,Campo Bonito,f,0,,0,2025-12-19 20:37:24.515322+00,
ec4e7090-9a38-4135-a2b5-42babb1417c7,PR,Campo do Tenente,f,0,,0,2025-12-19 20:37:24.515322+00,
37cb49f5-01a1-4653-b17d-ac780f1d51d4,PR,Campo Largo,f,0,,0,2025-12-19 20:37:24.515322+00,
c0ad887c-1261-469d-92c4-4b1642793d81,PR,Campo Magro,f,0,,0,2025-12-19 20:37:24.515322+00,
24eb0d30-4de2-4ebd-b65a-639aaf84c7d1,PR,Campo Mourão,f,0,,0,2025-12-19 20:37:24.515322+00,
50963c16-b68d-420f-8ad0-32114dd579e9,PR,Cândido de Abreu,f,0,,0,2025-12-19 20:37:24.515322+00,
3c24e416-0911-4313-9ba4-447e887daf2b,PR,Candói,f,0,,0,2025-12-19 20:37:24.515322+00,
88f0df37-5ffb-4e7c-a77f-64a15d2a8ec4,PR,Cantagalo,f,0,,0,2025-12-19 20:37:24.515322+00,
e574a6f0-42ff-495a-ba11-474b3b2705b8,PR,Capanema,f,0,,0,2025-12-19 20:37:24.515322+00,
beb44566-f05e-43e3-b7af-394369f244ae,PR,Capitão Leônidas Marques,f,0,,0,2025-12-19 20:37:24.515322+00,
4dc51e11-89bf-444a-8b44-628b2756b0db,PR,Carambeí,f,0,,0,2025-12-19 20:37:24.515322+00,
d85f69f6-ba26-4722-a7c1-749769539263,PR,Carlópolis,f,0,,0,2025-12-19 20:37:24.515322+00,
40b5cae3-4cf7-4dfa-847a-00d707a59aeb,PR,Cascavel,f,0,,0,2025-12-19 20:37:24.515322+00,
f0f3792e-9f80-47c4-9b1c-f9b2d9be31cf,PR,Castro,f,0,,0,2025-12-19 20:37:24.515322+00,
77181198-44e5-4c16-bfbb-ee20a72884ee,PR,Catanduvas,f,0,,0,2025-12-19 20:37:24.515322+00,
256365cc-a893-4f2b-81b7-2f04d8adf8ac,PR,Centenário do Sul,f,0,,0,2025-12-19 20:37:24.515322+00,
72cfe532-434a-4ea9-b0a5-f3868472e722,PR,Cerro Azul,f,0,,0,2025-12-19 20:37:24.515322+00,
92bb309f-7cd3-4050-9a5b-1a56af48e99d,PR,Céu Azul,f,0,,0,2025-12-19 20:37:24.515322+00,
a9b8c70d-0428-4fc3-8ac7-49391e315dd1,PR,Chopinzinho,f,0,,0,2025-12-19 20:37:24.515322+00,
1091837c-9cac-4b3f-85a1-89fa8baa7b0c,PR,Cianorte,f,0,,0,2025-12-19 20:37:24.515322+00,
99ceb782-3082-4ab7-9fd7-23e2205e88e8,PR,Cidade Gaúcha,f,0,,0,2025-12-19 20:37:24.515322+00,
b866ab25-1a09-4f68-8f55-5161addfe09a,PR,Clevelândia,f,0,,0,2025-12-19 20:37:24.515322+00,
75850b5b-3e7b-46b4-8e48-0a054c776886,PR,Colombo,f,0,,0,2025-12-19 20:37:24.515322+00,
3d38ebd9-c5d0-47a3-8543-5dc314adb915,PR,Colorado,f,0,,0,2025-12-19 20:37:24.515322+00,
eab3557d-bc2b-4f36-8933-fc85a1325940,PR,Congonhinhas,f,0,,0,2025-12-19 20:37:24.515322+00,
670e9cbb-ca19-40be-954c-a8b41efd6d22,PR,Conselheiro Mairinck,f,0,,0,2025-12-19 20:37:24.515322+00,
1ee95816-b527-472a-9aab-aefbb403fc15,PR,Contenda,f,0,,0,2025-12-19 20:37:24.515322+00,
6a280fb3-6d15-4015-8d5e-cafcf915401f,PR,Corbélia,f,0,,0,2025-12-19 20:37:24.515322+00,
fd5a3e5d-2abf-43c7-8c66-c3e6aca37971,PR,Cornélio Procópio,f,0,,0,2025-12-19 20:37:24.515322+00,
cae6205c-496b-4bc6-b513-fd841b5e72fc,PR,Coronel Domingos Soares,f,0,,0,2025-12-19 20:37:24.515322+00,
f60975b3-5618-4468-be20-fbab74db7d2e,PR,Coronel Vivida,f,0,,0,2025-12-19 20:37:24.515322+00,
1d8c3120-3b5c-4f51-8c37-beff973c0bab,PR,Corumbataí do Sul,f,0,,0,2025-12-19 20:37:24.515322+00,
955bd902-08d1-41f7-b208-89310c4b93f2,PR,Cruz Machado,f,0,,0,2025-12-19 20:37:24.515322+00,
ea389ef1-b7db-45fe-9e45-aa17517ff497,PR,Cruzeiro do Iguaçu,f,0,,0,2025-12-19 20:37:24.515322+00,
a8c5b7db-0942-4803-a410-45ec9642bad0,PR,Cruzeiro do Oeste,f,0,,0,2025-12-19 20:37:24.515322+00,
205b84d0-2b8d-4201-8d87-cc4e61cd4d82,PR,Cruzeiro do Sul,f,0,,0,2025-12-19 20:37:24.515322+00,
f6d27952-93dd-4f24-a4cc-2c7d619e8c6b,PR,Cruzmaltina,f,0,,0,2025-12-19 20:37:24.515322+00,
78113f0f-ced1-429a-89bd-479374a7308f,PR,Curitiba,f,0,,0,2025-12-19 20:37:24.515322+00,
a923d3d5-18cb-4c31-b82a-8bac1b9a7f64,PR,Curiúva,f,0,,0,2025-12-19 20:37:24.515322+00,
df4b570d-63ae-4669-873c-25cc8c9413ed,PR,Diamante d'Oeste,f,0,,0,2025-12-19 20:37:24.515322+00,
330a3fd4-bfda-4672-b6fd-e22bb1695ad9,PR,Diamante do Norte,f,0,,0,2025-12-19 20:37:24.515322+00,
61ceb797-f0a7-43f2-adbf-ddf0e3b9b34b,PR,Diamante do Sul,f,0,,0,2025-12-19 20:37:24.515322+00,
eebfd0a7-2ab0-4501-848f-a2feaa1e2a28,PR,Dois Vizinhos,f,0,,0,2025-12-19 20:37:24.515322+00,
6781104d-2b2e-4253-8632-0c431eef6c1c,PR,Douradina,f,0,,0,2025-12-19 20:37:24.515322+00,
95e1dd55-e794-44f0-a33a-e730ed8f1a5c,PR,Doutor Camargo,f,0,,0,2025-12-19 20:37:24.515322+00,
4b6ecdb2-31e2-446e-a8df-1d14c1133052,PR,Doutor Ulysses,f,0,,0,2025-12-19 20:37:24.515322+00,
ba1d8287-3dca-4345-91c0-69fb930b846d,PR,Enéas Marques,f,0,,0,2025-12-19 20:37:24.515322+00,
a670efa4-bbae-45b9-a07c-1cf2b7f17aee,PR,Engenheiro Beltrão,f,0,,0,2025-12-19 20:37:24.515322+00,
bb3e4e6c-05d6-4006-a32c-947043438ca3,PR,Entre Rios do Oeste,f,0,,0,2025-12-19 20:37:24.515322+00,
787ed2eb-49e6-4574-94a3-77b1e1377a37,PR,Esperança Nova,f,0,,0,2025-12-19 20:37:24.515322+00,
16600c02-dc47-4c49-b2ef-bf7d2066e6e4,PR,Espigão Alto do Iguaçu,f,0,,0,2025-12-19 20:37:24.515322+00,
d1bea4e2-1481-4347-8f73-6c9012d9c623,PR,Farol,f,0,,0,2025-12-19 20:37:24.515322+00,
d631f7c6-bcfd-426f-8c46-d2057cd50e93,PR,Faxinal,f,0,,0,2025-12-19 20:37:24.515322+00,
09a7b15a-ab56-4d0b-b6b0-c81472d4fcec,PR,Fazenda Rio Grande,f,0,,0,2025-12-19 20:37:24.515322+00,
7ebfb4fd-b403-470a-a7b8-006c8113dee2,PR,Fênix,f,0,,0,2025-12-19 20:37:24.515322+00,
e6206809-2c8b-46c5-b7d7-bb73685f3aa1,PR,Fernandes Pinheiro,f,0,,0,2025-12-19 20:37:24.515322+00,
35746ed2-0398-497b-b746-8db506a2855b,PR,Figueira,f,0,,0,2025-12-19 20:37:24.515322+00,
c70b4736-301b-41c5-bc30-53f6d8d65412,PR,Flor da Serra do Sul,f,0,,0,2025-12-19 20:37:24.515322+00,
f7b05f08-327c-4d04-884b-9044f6c41d67,PR,Floraí,f,0,,0,2025-12-19 20:37:24.515322+00,
d814053c-35de-4558-bb34-0b4b08c273e2,PR,Floresta,f,0,,0,2025-12-19 20:37:24.515322+00,
d8bd16cf-4713-4d80-8b8f-1060d3a9ca2f,PR,Florestópolis,f,0,,0,2025-12-19 20:37:24.515322+00,
d3bf2d99-a769-441f-b1db-f108611c46fc,PR,Flórida,f,0,,0,2025-12-19 20:37:24.515322+00,
936920c9-e7ed-4980-ae96-836db8a64080,PR,Formosa do Oeste,f,0,,0,2025-12-19 20:37:24.515322+00,
d4ddb2e5-2c82-4c01-9ea7-7de5fcbb04ee,PR,Foz do Iguaçu,f,0,,0,2025-12-19 20:37:24.515322+00,
ef32742c-ff26-4098-84d4-fd6a86f04946,PR,Foz do Jordão,f,0,,0,2025-12-19 20:37:24.515322+00,
e5a48630-8c58-4387-b2b6-0a344a1328e0,PR,Francisco Alves,f,0,,0,2025-12-19 20:37:24.515322+00,
bdb98031-b56c-4103-b92f-7d00bed4d66f,PR,Francisco Beltrão,f,0,,0,2025-12-19 20:37:24.515322+00,
31057051-3af1-4ef9-98a9-b1cb2195ad77,PR,General Carneiro,f,0,,0,2025-12-19 20:37:24.515322+00,
5fbe125a-bc01-4792-864d-e7ec51fdfa8f,PR,Godoy Moreira,f,0,,0,2025-12-19 20:37:24.515322+00,
cfda57f0-89d2-4471-8d7e-2cd22c88725b,PR,Goioerê,f,0,,0,2025-12-19 20:37:24.515322+00,
575ba46d-6588-426a-ba0d-a71e38b79671,PR,Goioxim,f,0,,0,2025-12-19 20:37:24.515322+00,
940697fc-3ae1-4b7b-ab1c-d992ae66d0e9,PR,Grandes Rios,f,0,,0,2025-12-19 20:37:24.515322+00,
7ee1ae5f-4765-414a-b759-89592ca2619c,PR,Guaíra,f,0,,0,2025-12-19 20:37:24.515322+00,
a9d0b336-f8ff-447e-8f90-f426eb0376f0,PR,Guairaçá,f,0,,0,2025-12-19 20:37:24.515322+00,
97635c7a-6579-4546-97f4-051257a14ff2,PR,Guamiranga,f,0,,0,2025-12-19 20:37:24.515322+00,
200ee68c-2b08-4cd3-b06f-1607a81f76ce,PR,Guapirama,f,0,,0,2025-12-19 20:37:24.515322+00,
36d9739a-fbca-43a3-8e08-de510acb086e,PR,Guaporema,f,0,,0,2025-12-19 20:37:24.515322+00,
13008bb4-5f4a-4247-8f26-918f1942895a,PR,Guaraci,f,0,,0,2025-12-19 20:37:24.515322+00,
9392565d-079f-4815-b2e1-de5071050de9,PR,Guaraniaçu,f,0,,0,2025-12-19 20:37:24.515322+00,
d312d4f1-41e1-486d-a145-35206220ba4a,PR,Guarapuava,f,0,,0,2025-12-19 20:37:24.515322+00,
b597d923-3490-42d9-82da-43478056e85a,PR,Guaraqueçaba,f,0,,0,2025-12-19 20:37:24.515322+00,
6048b916-d83c-4583-abb4-186bca063385,PR,Guaratuba,f,0,,0,2025-12-19 20:37:24.515322+00,
52ca176f-d657-4905-bee3-80f157059b8d,PR,Honório Serpa,f,0,,0,2025-12-19 20:37:24.515322+00,
e682bcc5-c45c-492c-86a1-e7a554b20bd0,PR,Ibaiti,f,0,,0,2025-12-19 20:37:24.515322+00,
c580b073-33c8-4a13-8195-1c00ae0c3701,PR,Ibema,f,0,,0,2025-12-19 20:37:24.515322+00,
f0ebf396-16d7-47b2-82af-ca91146c0c26,PR,Ibiporã,f,0,,0,2025-12-19 20:37:24.515322+00,
5be4576f-b2a4-4930-9446-cdcabe813c15,PR,Icaraíma,f,0,,0,2025-12-19 20:37:24.515322+00,
18893ec4-6e8a-488f-a435-3559534a561d,PR,Iguaraçu,f,0,,0,2025-12-19 20:37:24.515322+00,
c01945c4-3f68-44d5-b010-7c2c8e080789,PR,Iguatu,f,0,,0,2025-12-19 20:37:24.515322+00,
a0271bee-f5ec-4b6c-97fa-b7f47ef03a37,PR,Imbaú,f,0,,0,2025-12-19 20:37:24.515322+00,
ed765c01-be5a-40f0-b342-505c1ff0cdc6,PR,Imbituva,f,0,,0,2025-12-19 20:37:24.515322+00,
8a3e32c1-68e8-4dbd-bf8f-27863750d733,PR,Inácio Martins,f,0,,0,2025-12-19 20:37:24.515322+00,
46528ca8-90e9-4b90-8ac7-65ba5357a02e,PR,Inajá,f,0,,0,2025-12-19 20:37:24.515322+00,
67336155-f6c8-4578-990b-f5f645b71991,PR,Indianópolis,f,0,,0,2025-12-19 20:37:24.515322+00,
13eddbb1-edd3-4b5a-93d2-eca0ec98312d,PR,Ipiranga,f,0,,0,2025-12-19 20:37:24.515322+00,
92e1c54c-ec31-4c02-a722-6d688f6d70a4,PR,Iporã,f,0,,0,2025-12-19 20:37:24.515322+00,
e7e186ca-6f6c-4722-9c72-d8912536ea3c,PR,Iracema do Oeste,f,0,,0,2025-12-19 20:37:24.515322+00,
5028c7f4-4bd4-4af3-a82a-12011e1dc7aa,PR,Irati,f,0,,0,2025-12-19 20:37:24.515322+00,
73e5acaa-64e0-40d6-83e3-55328a5ef2be,PR,Iretama,f,0,,0,2025-12-19 20:37:24.515322+00,
ff69ec26-4f63-44e7-aed2-d2b8bc195d7d,PR,Itaguajé,f,0,,0,2025-12-19 20:37:24.515322+00,
cbff4bbc-5672-48d0-8d45-1604811358e7,PR,Itaipulândia,f,0,,0,2025-12-19 20:37:24.515322+00,
59cf0706-d43f-42d9-8754-35574326f909,PR,Itambaracá,f,0,,0,2025-12-19 20:37:24.515322+00,
76a1b7ff-0fab-438b-9fd5-232a16dbc36f,PR,Itambé,f,0,,0,2025-12-19 20:37:24.515322+00,
ea494e7e-caf0-4564-b1ba-344f7dda4270,PR,Itapejara d'Oeste,f,0,,0,2025-12-19 20:37:24.515322+00,
6709868e-893d-443a-b191-5eeea0e2fdc7,PR,Itaperuçu,f,0,,0,2025-12-19 20:37:24.515322+00,
efad557a-a0f2-4d4f-a877-202e89d3932e,PR,Itaúna do Sul,f,0,,0,2025-12-19 20:37:24.515322+00,
1c14f678-acf2-4e1c-bf41-fb4c6dc43cfe,PR,Ivaí,f,0,,0,2025-12-19 20:37:24.515322+00,
855b449a-5e82-4da5-81e9-b42e6ea50c56,PR,Ivaiporã,f,0,,0,2025-12-19 20:37:24.515322+00,
00ce3411-27db-40c2-8462-22dcfe61fea0,PR,Ivaté,f,0,,0,2025-12-19 20:37:24.515322+00,
77a19a2f-26cd-4c0f-86ac-b7a28dac54f6,PR,Ivatuba,f,0,,0,2025-12-19 20:37:24.515322+00,
0a8ad1c4-95f6-488a-b325-8dac4a841f76,PR,Jaboti,f,0,,0,2025-12-19 20:37:24.515322+00,
bf05f296-7a3e-497f-87ab-325b7d9d79a0,PR,Jacarezinho,f,0,,0,2025-12-19 20:37:24.515322+00,
4beba746-653f-47bd-930c-49b1ac0f1605,PR,Jaguapitã,f,0,,0,2025-12-19 20:37:24.515322+00,
40da6b85-6d3a-489f-9b4f-71868cd4c2a4,PR,Jaguariaíva,f,0,,0,2025-12-19 20:37:24.515322+00,
77e0bb83-9949-4116-8beb-1b0e13dba496,PR,Jandaia do Sul,f,0,,0,2025-12-19 20:37:24.515322+00,
c17ebdd9-f33b-43b1-8cb0-31076f7eb3f2,PR,Janiópolis,f,0,,0,2025-12-19 20:37:24.515322+00,
b877a25d-d86e-49eb-9977-317884f13378,PR,Japira,f,0,,0,2025-12-19 20:37:24.515322+00,
7da0bdc1-19ad-46ea-8f83-1ebc906ad79a,PR,Japurá,f,0,,0,2025-12-19 20:37:24.515322+00,
1b38c228-4a65-4da7-905f-0989d53fa1c0,PR,Jardim Alegre,f,0,,0,2025-12-19 20:37:24.515322+00,
b19658ee-c59e-4c80-a832-62dff0eaf6cf,PR,Jardim Olinda,f,0,,0,2025-12-19 20:37:24.515322+00,
0d0bbdde-2f57-4fb6-bc0e-bd288736cc53,PR,Jataizinho,f,0,,0,2025-12-19 20:37:24.515322+00,
acd2be0c-855f-4195-ac4b-a1332107cebe,PR,Jesuítas,f,0,,0,2025-12-19 20:37:24.515322+00,
346d52db-acf0-41f4-9dd0-e010463371fb,PR,Joaquim Távora,f,0,,0,2025-12-19 20:37:24.515322+00,
8382bffd-0674-4dbe-96ba-0d45e9a25eb9,PR,Jundiaí do Sul,f,0,,0,2025-12-19 20:37:24.515322+00,
1df52ebb-b7a0-46f2-8312-7a97f9ddff46,PR,Juranda,f,0,,0,2025-12-19 20:37:24.515322+00,
88518ed9-fd8e-40f9-98f9-24f00ae04a3b,PR,Jussara,f,0,,0,2025-12-19 20:37:24.515322+00,
9f5207d6-188f-4ca5-89f4-5e1aa8e1f048,PR,Kaloré,f,0,,0,2025-12-19 20:37:24.515322+00,
6bf2e07a-7909-4018-ab31-20bca32c482d,PR,Lapa,f,0,,0,2025-12-19 20:37:24.515322+00,
a1006a14-d045-4296-918e-00a78aa40f19,PR,Laranjal,f,0,,0,2025-12-19 20:37:24.515322+00,
da270575-bee5-4b60-89fc-1fd41ff9c8a9,PR,Laranjeiras do Sul,f,0,,0,2025-12-19 20:37:24.515322+00,
4b1b10b2-e431-4288-87b8-bb9fd6641de7,PR,Leópolis,f,0,,0,2025-12-19 20:37:24.515322+00,
5c6a979c-f237-48ad-873b-49d253f13001,PR,Lidianópolis,f,0,,0,2025-12-19 20:37:24.515322+00,
8ee91449-b7e1-450e-8f3c-0b27e6ab59ff,PR,Lindoeste,f,0,,0,2025-12-19 20:37:24.515322+00,
2fc8980a-cd40-4cf7-9934-2f9c3b420aad,PR,Loanda,f,0,,0,2025-12-19 20:37:24.515322+00,
fed8b0f1-e3a9-4d25-889e-f400bb554fe8,PR,Lobato,f,0,,0,2025-12-19 20:37:24.515322+00,
5668f609-e142-4b82-8783-93126952669c,PR,Londrina,f,0,,0,2025-12-19 20:37:24.515322+00,
209ca393-078f-44d6-bc1a-9165d4384e4d,PR,Luiziana,f,0,,0,2025-12-19 20:37:24.515322+00,
68a7ca12-4175-4f43-9c1a-80c272c7cca4,PR,Lunardelli,f,0,,0,2025-12-19 20:37:24.515322+00,
3c8ac031-4153-479a-bc00-63433fb3b4ca,PR,Lupionópolis,f,0,,0,2025-12-19 20:37:24.515322+00,
cd9df4f3-bba5-4d7d-bacd-5ae997a88f17,PR,Mallet,f,0,,0,2025-12-19 20:37:24.515322+00,
3017b197-9f2a-4a62-8e06-4b1b6aae76f9,PR,Mamborê,f,0,,0,2025-12-19 20:37:24.515322+00,
4b59ae4d-9b83-4a18-b1df-6bc6b6685c5b,PR,Mandaguaçu,f,0,,0,2025-12-19 20:37:24.515322+00,
c91a27e3-3eef-4346-a561-8f994dcc163e,PR,Mandaguari,f,0,,0,2025-12-19 20:37:24.515322+00,
bbce7eaa-5cf4-4336-84e6-cdfceb925541,PR,Mandirituba,f,0,,0,2025-12-19 20:37:24.515322+00,
452415e8-c8b4-438d-996c-bedf5adcec54,PR,Manfrinópolis,f,0,,0,2025-12-19 20:37:24.515322+00,
cf87225e-ccbb-4a37-8b25-4b0321a79502,PR,Mangueirinha,f,0,,0,2025-12-19 20:37:24.515322+00,
b8cc60be-50b6-4ab2-8ba5-23c565f09378,PR,Manoel Ribas,f,0,,0,2025-12-19 20:37:24.515322+00,
aebafcad-60f3-4305-9d58-b9bcad49673a,PR,Marechal Cândido Rondon,f,0,,0,2025-12-19 20:37:24.515322+00,
676ec9f8-5716-413f-b533-98e208f05f26,PR,Maria Helena,f,0,,0,2025-12-19 20:37:24.515322+00,
6f310aa3-33ad-43cd-94aa-1b4e83c0b9a7,PR,Marialva,f,0,,0,2025-12-19 20:37:24.515322+00,
b7d418d8-d2b1-45bb-b2a7-e3427882f85f,PR,Marilândia do Sul,f,0,,0,2025-12-19 20:37:24.515322+00,
16531acd-ae87-4099-aab7-acca850c5bc5,PR,Marilena,f,0,,0,2025-12-19 20:37:24.515322+00,
a349622b-3795-4ec1-bd4a-461d581188a7,PR,Mariluz,f,0,,0,2025-12-19 20:37:24.515322+00,
80e6b02e-7fbb-4b38-ba38-9a1017fdd287,PR,Maringá,f,0,,0,2025-12-19 20:37:24.515322+00,
c51ba5bb-d1d3-4ac9-aa5d-555cffb5c566,PR,Mariópolis,f,0,,0,2025-12-19 20:37:24.515322+00,
2755f131-d37c-4c53-b92c-443f3e5e6c9c,PR,Maripá,f,0,,0,2025-12-19 20:37:24.515322+00,
b7c90b10-8b77-4831-aa85-e4e4fc58cb6f,PR,Marmeleiro,f,0,,0,2025-12-19 20:37:24.515322+00,
66dd98f1-641b-40dd-b6ad-9384d72bba17,PR,Marquinho,f,0,,0,2025-12-19 20:37:24.515322+00,
c0a09828-ed5d-4c35-81cf-30247792cf62,RS,Ernestina,f,0,,0,2025-12-19 20:37:25.485521+00,
6befb193-b10f-42f8-8c65-e7ef4d82b8c6,RS,Erval Grande,f,0,,0,2025-12-19 20:37:25.485521+00,
4b7541e7-c5e7-4dc5-a29a-166f88c11ed9,RS,Erval Seco,f,0,,0,2025-12-19 20:37:25.485521+00,
ab5c6a74-9e3a-415a-9bec-d63b1878e8cb,RS,Esmeralda,f,0,,0,2025-12-19 20:37:25.485521+00,
b80bb208-d91a-4d37-8bd3-f35ed2d0891d,RS,Esperança do Sul,f,0,,0,2025-12-19 20:37:25.485521+00,
8c81a099-725e-4739-811c-8b8157c43470,RS,Espumoso,f,0,,0,2025-12-19 20:37:25.485521+00,
8098b7e6-1928-45cb-8944-956e71de2cbd,RS,Estação,f,0,,0,2025-12-19 20:37:25.485521+00,
be9337cd-c3aa-49c5-8498-b490b82de928,RS,Estância Velha,f,0,,0,2025-12-19 20:37:25.485521+00,
519faa00-14c0-4fd2-a961-e49ea993342c,RS,Esteio,f,0,,0,2025-12-19 20:37:25.485521+00,
c9e42bc0-5ae2-469b-a7d5-eee8c1c221df,RS,Estrela,f,0,,0,2025-12-19 20:37:25.485521+00,
45470088-83cf-4e48-a577-f75314b164d0,RS,Estrela Velha,f,0,,0,2025-12-19 20:37:25.485521+00,
1eb13ed1-2e91-4d9a-ae0f-78383510c2da,RS,Eugênio de Castro,f,0,,0,2025-12-19 20:37:25.485521+00,
a04f7fb4-4355-4c0b-b340-293e311b76d5,RS,Fagundes Varela,f,0,,0,2025-12-19 20:37:25.485521+00,
d320b835-a4cb-4026-b369-dffa6914db38,RS,Farroupilha,f,0,,0,2025-12-19 20:37:25.485521+00,
ef50682e-17ec-45d6-84b8-a2e83387c602,RS,Faxinal do Soturno,f,0,,0,2025-12-19 20:37:25.485521+00,
cd280c65-9f09-4dae-b99d-ef3d93465bf7,RS,Faxinalzinho,f,0,,0,2025-12-19 20:37:25.485521+00,
db054858-9d38-40e5-a423-a814126e913f,RS,Fazenda Vilanova,f,0,,0,2025-12-19 20:37:25.485521+00,
e3dd9d48-63e2-425d-a597-554a6e9e08b1,RS,Feliz,f,0,,0,2025-12-19 20:37:25.485521+00,
569b2e39-0638-4967-bf2f-83b4f0c7fe4b,RS,Flores da Cunha,f,0,,0,2025-12-19 20:37:25.485521+00,
b2888a3c-b5c5-4ff0-bb4d-5cd2fc2f5268,RS,Floriano Peixoto,f,0,,0,2025-12-19 20:37:25.485521+00,
214e48bb-6883-4efc-9942-128464123aac,RS,Fontoura Xavier,f,0,,0,2025-12-19 20:37:25.485521+00,
5dc68d6b-a689-45fd-b0a7-130354fb1bba,RS,Formigueiro,f,0,,0,2025-12-19 20:37:25.485521+00,
83f4bc52-2dfc-4152-929f-3f0bc54129de,RS,Forquetinha,f,0,,0,2025-12-19 20:37:25.485521+00,
8d16ecf6-1a10-409f-949d-06d44ce292b2,RS,Fortaleza dos Valos,f,0,,0,2025-12-19 20:37:25.485521+00,
f4400221-b262-4bf0-b4eb-1753a7146ce5,RS,Frederico Westphalen,f,0,,0,2025-12-19 20:37:25.485521+00,
cbc04960-53f8-452d-807e-f39622275ada,RS,Garibaldi,f,0,,0,2025-12-19 20:37:25.485521+00,
80675dc1-8b76-4e57-a0a3-c64d69d9c723,RS,Garruchos,f,0,,0,2025-12-19 20:37:25.485521+00,
6503f46d-86f1-4c94-87bb-3d63f343e1b0,RS,Gaurama,f,0,,0,2025-12-19 20:37:25.485521+00,
657bf25b-bd87-493e-95f6-306d0572d9a4,RS,General Câmara,f,0,,0,2025-12-19 20:37:25.485521+00,
eae2393d-6b22-40a7-8f0b-58d8119f3d8d,RS,Gentil,f,0,,0,2025-12-19 20:37:25.485521+00,
09315245-33a3-4d0f-8ff3-8d285f8d9774,RS,Getúlio Vargas,f,0,,0,2025-12-19 20:37:25.485521+00,
b3955b08-56c1-4e40-be87-38bd64993c8b,RS,Giruá,f,0,,0,2025-12-19 20:37:25.485521+00,
bb5ea293-f494-4fa4-a9dc-806c1557e5a7,RS,Glorinha,f,0,,0,2025-12-19 20:37:25.485521+00,
0f5f693c-74b5-4297-ad1c-73692249e037,RS,Gramado,f,0,,0,2025-12-19 20:37:25.485521+00,
8758ecd7-1375-431e-a2c2-2fb9943b5c7e,RS,Gramado dos Loureiros,f,0,,0,2025-12-19 20:37:25.485521+00,
a102fb52-ba19-4ea9-b871-00989b1c4097,RS,Gramado Xavier,f,0,,0,2025-12-19 20:37:25.485521+00,
53d1ef6c-fe91-455c-be69-f85747a326f7,RS,Gravataí,f,0,,0,2025-12-19 20:37:25.485521+00,
52bc4a80-a5db-48f6-8569-5a436e17f23d,RS,Guabiju,f,0,,0,2025-12-19 20:37:25.485521+00,
9aebf66c-7aa0-4535-8adf-5cbac0aa3704,PR,Rebouças,f,0,,0,2025-12-19 20:37:24.825852+00,
a4e5c165-650b-42c8-adbb-b22bce5cea20,PR,Renascença,f,0,,0,2025-12-19 20:37:24.825852+00,
f3ad1fb8-2f67-4b40-be13-ca379b22c5a9,PR,Reserva,f,0,,0,2025-12-19 20:37:24.825852+00,
58ea4581-2ccf-4752-b3d4-e3ed00501cb7,PR,Reserva do Iguaçu,f,0,,0,2025-12-19 20:37:24.825852+00,
cdea089c-dd77-4acd-8d9a-1dff7f99378b,PR,Ribeirão Claro,f,0,,0,2025-12-19 20:37:24.825852+00,
e7f30fb4-bdf7-4a47-ab7d-10db7504b40a,PR,Ribeirão do Pinhal,f,0,,0,2025-12-19 20:37:24.825852+00,
c20fb93b-a273-44e0-854d-2e834b123761,PR,Rio Azul,f,0,,0,2025-12-19 20:37:24.825852+00,
64f30fc9-f972-4811-b640-3747a676a2f8,PR,Rio Bom,f,0,,0,2025-12-19 20:37:24.825852+00,
b311d341-a88c-4898-9bae-78945b67b20f,PR,Rio Bonito do Iguaçu,f,0,,0,2025-12-19 20:37:24.825852+00,
86e22428-b9cd-4753-a2de-44cdc67fbc0d,PR,Rio Branco do Ivaí,f,0,,0,2025-12-19 20:37:24.825852+00,
9781fa78-9560-4f92-9000-9217588b0575,PR,Rio Branco do Sul,f,0,,0,2025-12-19 20:37:24.825852+00,
47c7749f-5285-42f7-8e4c-5676b0a9ac23,PR,Rio Negro,f,0,,0,2025-12-19 20:37:24.825852+00,
29dbfdcb-78d5-471b-8094-5af3df65c141,PR,Rolândia,f,0,,0,2025-12-19 20:37:24.825852+00,
88ad6279-a282-4737-9d3b-7a14ad34eb90,PR,Roncador,f,0,,0,2025-12-19 20:37:24.825852+00,
e8cb46ed-dd67-41e7-a399-62b5082c0863,PR,Rondon,f,0,,0,2025-12-19 20:37:24.825852+00,
bb13461c-d969-4c5d-9a47-37db34293367,PR,Rosário do Ivaí,f,0,,0,2025-12-19 20:37:24.825852+00,
83547a22-c452-4688-9c22-5e24ed4cfae5,PR,Sabáudia,f,0,,0,2025-12-19 20:37:24.825852+00,
c97a544e-db84-45a6-b669-02b7c62b8476,PR,Salgado Filho,f,0,,0,2025-12-19 20:37:24.825852+00,
7ab28e39-b104-4815-ae77-d932ef262f21,PR,Salto do Itararé,f,0,,0,2025-12-19 20:37:24.825852+00,
8f3ee689-e6f6-4927-9e99-72073f1af31f,PR,Salto do Lontra,f,0,,0,2025-12-19 20:37:24.825852+00,
94f99283-e4b5-4bd6-9a4e-26d9bb56bb9a,PR,Santa Amélia,f,0,,0,2025-12-19 20:37:24.825852+00,
5fac8260-a140-45c2-a574-28fafb82eaa3,PR,Santa Cecília do Pavão,f,0,,0,2025-12-19 20:37:24.825852+00,
d3f5177f-016e-49f7-ba8f-43f1d5dfed04,PR,Santa Cruz de Monte Castelo,f,0,,0,2025-12-19 20:37:24.825852+00,
d74c851a-bb6c-464e-80d4-235a30f1ccf6,PR,Santa Fé,f,0,,0,2025-12-19 20:37:24.825852+00,
bbfbc211-2cc1-4220-b330-cf20181635c1,PR,Santa Helena,f,0,,0,2025-12-19 20:37:24.825852+00,
45ee5681-ff55-4bf1-9e20-b5557c48fb5c,PR,Santa Inês,f,0,,0,2025-12-19 20:37:24.825852+00,
59df977e-7167-4178-b76b-e879e4e1ab63,PR,Santa Isabel do Ivaí,f,0,,0,2025-12-19 20:37:24.825852+00,
fb3ac828-da23-4f15-af09-f29b4a360086,PR,Santa Izabel do Oeste,f,0,,0,2025-12-19 20:37:24.825852+00,
21500ad9-e524-4fdc-8260-fd83ac0fb537,PR,Santa Lúcia,f,0,,0,2025-12-19 20:37:24.825852+00,
773066c0-b7af-4164-b04e-fb4c9d46f316,PR,Santa Maria do Oeste,f,0,,0,2025-12-19 20:37:24.825852+00,
3b6e85b5-d006-4a0c-bbe9-5dd5537b3266,PR,Santa Mariana,f,0,,0,2025-12-19 20:37:24.825852+00,
95e227cd-476e-475c-bbba-1833ebf752ba,PR,Santa Mônica,f,0,,0,2025-12-19 20:37:24.825852+00,
503ec7ab-bcef-4f20-81ac-cb839a05b2bf,PR,Santa Tereza do Oeste,f,0,,0,2025-12-19 20:37:24.825852+00,
be6473f0-8b08-4195-8029-84bc1085b296,PR,Santa Terezinha de Itaipu,f,0,,0,2025-12-19 20:37:24.825852+00,
82af1731-90d6-4b91-9a2f-430d2b197330,PR,Santana do Itararé,f,0,,0,2025-12-19 20:37:24.825852+00,
29f2301c-fecc-4e73-b011-a41a305f06b9,PR,Santo Antônio da Platina,f,0,,0,2025-12-19 20:37:24.825852+00,
3f0db26f-0a64-4311-8894-cc1d89acc780,PR,Santo Antônio do Caiuá,f,0,,0,2025-12-19 20:37:24.825852+00,
8304eed9-f77e-416b-8570-c59b65a0d4bd,PR,Santo Antônio do Paraíso,f,0,,0,2025-12-19 20:37:24.825852+00,
b5616ef5-2049-4eeb-80fe-fef11827e96d,PR,Santo Antônio do Sudoeste,f,0,,0,2025-12-19 20:37:24.825852+00,
c7e41d96-d7b6-4d67-90a7-3fd2147b7aea,PR,Santo Inácio,f,0,,0,2025-12-19 20:37:24.825852+00,
d8e75ae5-4190-406f-afa2-1036969b8ed7,PR,São Carlos do Ivaí,f,0,,0,2025-12-19 20:37:24.825852+00,
f5666256-32e6-432b-9a25-40c8016a07e0,PR,São Jerônimo da Serra,f,0,,0,2025-12-19 20:37:24.825852+00,
f06ae72f-0ad0-41d3-80db-201b6188664b,PR,São João,f,0,,0,2025-12-19 20:37:24.825852+00,
fa4f5223-97a9-4cc8-966c-4b49bbc28d3e,PR,São João do Caiuá,f,0,,0,2025-12-19 20:37:24.825852+00,
df7a5a19-c885-42fb-9734-25a2e0faade3,PR,São João do Ivaí,f,0,,0,2025-12-19 20:37:24.825852+00,
0826c817-1079-4536-8eaf-b1535bf85e94,PR,São João do Triunfo,f,0,,0,2025-12-19 20:37:24.825852+00,
ac107a0e-23ed-4906-bf97-b80cd298ea41,PR,São Jorge d'Oeste,f,0,,0,2025-12-19 20:37:24.825852+00,
5e0f1335-700b-47b2-b3ec-dc6f8af2c757,PR,São Jorge do Ivaí,f,0,,0,2025-12-19 20:37:24.825852+00,
ae3443e0-ac5a-4c79-93c3-87652554061e,PR,São Jorge do Patrocínio,f,0,,0,2025-12-19 20:37:24.825852+00,
b98590ad-ef92-429f-9151-190f1f053c51,PR,São José da Boa Vista,f,0,,0,2025-12-19 20:37:24.825852+00,
a0233be1-afc7-40f0-96ec-dfba4600fa25,PR,São José das Palmeiras,f,0,,0,2025-12-19 20:37:24.825852+00,
d7682666-b00a-45a7-bfb9-b0cd80d80739,PR,São José dos Pinhais,f,0,,0,2025-12-19 20:37:24.825852+00,
a51c6ab6-e557-418a-9983-dc225abff9b4,PR,São Manoel do Paraná,f,0,,0,2025-12-19 20:37:24.825852+00,
f0eaab44-cdf1-4be8-a710-c2cf3fe7e05e,PR,São Mateus do Sul,f,0,,0,2025-12-19 20:37:24.825852+00,
16e5d2c7-4047-47ea-bc3f-c5554ea42e31,PR,São Miguel do Iguaçu,f,0,,0,2025-12-19 20:37:24.825852+00,
edb6945a-f515-4f45-85b9-cc1a09dbe30d,PR,São Pedro do Iguaçu,f,0,,0,2025-12-19 20:37:24.825852+00,
6402ef1d-b4a0-436b-9d38-3a01ae12435d,PR,São Pedro do Ivaí,f,0,,0,2025-12-19 20:37:24.825852+00,
ff70af63-abd2-4d45-b3fa-8331ffec1ac2,PR,São Pedro do Paraná,f,0,,0,2025-12-19 20:37:24.825852+00,
f20f7362-1b13-45b9-9359-0f598718c5fa,PR,São Sebastião da Amoreira,f,0,,0,2025-12-19 20:37:24.825852+00,
67b900a8-9d39-4a70-a070-2916605d3b1d,PR,São Tomé,f,0,,0,2025-12-19 20:37:24.825852+00,
7bbc3ddf-cd4f-4cf7-acab-c01d04a9da22,PR,Sapopema,f,0,,0,2025-12-19 20:37:24.825852+00,
115f2ead-5279-4a03-a80c-b26593843f6f,PR,Sarandi,f,0,,0,2025-12-19 20:37:24.825852+00,
65f2343d-a754-43bb-baa8-6a7ab6dfdbf4,PR,Saudade do Iguaçu,f,0,,0,2025-12-19 20:37:24.825852+00,
e09fff48-9e6a-4ee1-b26f-57f6f36e50d2,PR,Sengés,f,0,,0,2025-12-19 20:37:24.825852+00,
951db7c0-7058-42c8-9eb0-c2b3c65d022f,PR,Serranópolis do Iguaçu,f,0,,0,2025-12-19 20:37:24.825852+00,
631c5f65-8dbc-4a1d-a8dc-2298c5c37d63,PR,Sertaneja,f,0,,0,2025-12-19 20:37:24.825852+00,
b6701609-5e11-41e1-8dc0-e80168f9ac64,PR,Sertanópolis,f,0,,0,2025-12-19 20:37:24.825852+00,
8483e283-7c14-4eb9-a2f1-da3b962f4e00,PR,Siqueira Campos,f,0,,0,2025-12-19 20:37:24.825852+00,
071300a5-83d3-41b0-9d4b-dceb6480b466,PR,Sulina,f,0,,0,2025-12-19 20:37:24.825852+00,
bff343f9-b544-41ed-9d46-6d32775053be,PR,Tamarana,f,0,,0,2025-12-19 20:37:24.825852+00,
f5099d7e-37ca-418f-9cef-bd56eb226141,PR,Tamboara,f,0,,0,2025-12-19 20:37:24.825852+00,
0b201b3c-9a25-422b-831a-8a4e02dcb337,PR,Tapejara,f,0,,0,2025-12-19 20:37:24.825852+00,
72159aa6-4d66-497a-9558-471084846651,PR,Tapira,f,0,,0,2025-12-19 20:37:24.825852+00,
3b4a84fd-7847-4462-a3bd-e9564801cdf9,PR,Teixeira Soares,f,0,,0,2025-12-19 20:37:24.825852+00,
6ea6e274-cd9f-4e81-af7c-f465ed1652dc,PR,Telêmaco Borba,f,0,,0,2025-12-19 20:37:24.825852+00,
dc0ca2f1-e381-468e-9c84-4ad4cd01d813,PR,Terra Boa,f,0,,0,2025-12-19 20:37:24.825852+00,
6ab67595-e31b-472e-a285-adfb6fddec58,PR,Terra Rica,f,0,,0,2025-12-19 20:37:24.825852+00,
17375c90-5adf-4c7c-a078-017be17a5f8f,PR,Terra Roxa,f,0,,0,2025-12-19 20:37:24.825852+00,
cf50a4da-b4a8-40aa-a659-d41174ba164e,PR,Tibagi,f,0,,0,2025-12-19 20:37:24.825852+00,
4e1f3720-c245-463a-a50d-ccb296fb0b5d,PR,Tijucas do Sul,f,0,,0,2025-12-19 20:37:24.825852+00,
8104ff96-41c4-4bea-875a-5111437989d1,PR,Toledo,f,0,,0,2025-12-19 20:37:24.825852+00,
72761f04-aa36-47d7-af60-5643c24a801a,PR,Tomazina,f,0,,0,2025-12-19 20:37:24.825852+00,
ca50d46f-ad70-4592-9049-cd1ebf568f50,PR,Três Barras do Paraná,f,0,,0,2025-12-19 20:37:24.825852+00,
84c6927a-d876-41a4-83fa-3c27df3384e1,PR,Tunas do Paraná,f,0,,0,2025-12-19 20:37:24.825852+00,
d41665af-0d7a-471d-9905-7825e13b6bd0,PR,Tuneiras do Oeste,f,0,,0,2025-12-19 20:37:24.825852+00,
53ef1f7d-0754-441c-a576-f9528fc4d9d7,PR,Tupãssi,f,0,,0,2025-12-19 20:37:24.825852+00,
23acaa08-e19a-430f-8534-c0343800c266,PR,Turvo,f,0,,0,2025-12-19 20:37:24.825852+00,
58cf2b08-8cf2-4fbe-aead-f467fc5d3c67,PR,Ubiratã,f,0,,0,2025-12-19 20:37:24.825852+00,
fa89700a-7028-4369-99da-6114413f7b26,PR,Umuarama,f,0,,0,2025-12-19 20:37:24.825852+00,
6ffb6e3f-fafb-4242-9b77-31d6149a5c81,PR,União da Vitória,f,0,,0,2025-12-19 20:37:24.825852+00,
9f1fcb29-ed49-46e6-b785-f173f848aec7,PR,Uniflor,f,0,,0,2025-12-19 20:37:24.825852+00,
d29b3899-c41b-415c-890b-1e573168c3d7,PR,Uraí,f,0,,0,2025-12-19 20:37:24.825852+00,
c64757a0-bf48-49b4-8c47-0c647853641e,PR,Ventania,f,0,,0,2025-12-19 20:37:24.825852+00,
b1f0fe96-0a97-4fa3-b7c1-9e9587547bfe,PR,Vera Cruz do Oeste,f,0,,0,2025-12-19 20:37:24.825852+00,
5d735485-1f7f-49d0-a51b-52f6ce7365d3,PR,Verê,f,0,,0,2025-12-19 20:37:24.825852+00,
99c83712-7fb3-4d37-a6cc-226d79830cc3,PR,Virmond,f,0,,0,2025-12-19 20:37:24.825852+00,
5487dcaf-6ba0-4a14-9fbb-2f0939292cf2,PR,Vitorino,f,0,,0,2025-12-19 20:37:24.825852+00,
a0780e2d-16ff-4fd8-87c9-d8b3bc86775a,PR,Wenceslau Braz,f,0,,0,2025-12-19 20:37:24.825852+00,
98d83d95-8952-4463-8ce9-62593aa0d4ac,PR,Xambrê,f,0,,0,2025-12-19 20:37:24.825852+00,
01eb2286-63af-48b9-92b2-97c3097d108a,PE,Abreu e Lima,f,0,,0,2025-12-19 20:37:24.825852+00,
cc85bbb1-c7e1-4b77-85ca-7497543bfb41,PE,Afogados da Ingazeira,f,0,,0,2025-12-19 20:37:24.825852+00,
06302e12-9ec1-4c46-9c38-8fc00a5aeae1,PE,Afrânio,f,0,,0,2025-12-19 20:37:24.825852+00,
1e3f4daa-ea20-4230-99a8-2679e7a1e26c,PE,Agrestina,f,0,,0,2025-12-19 20:37:24.825852+00,
5a89c121-5ef6-4931-8b53-db7f28f0e349,PE,Água Preta,f,0,,0,2025-12-19 20:37:24.825852+00,
fb0e94eb-3837-4493-b447-a2fa4dec69eb,PE,Águas Belas,f,0,,0,2025-12-19 20:37:24.825852+00,
a2e08d34-ca7a-4775-a82d-db6a49652a37,PE,Alagoinha,f,0,,0,2025-12-19 20:37:24.825852+00,
a1c193a0-c1cf-47e9-ae88-f80b12e2ee25,PE,Aliança,f,0,,0,2025-12-19 20:37:24.825852+00,
cd4ca6fb-c11f-42b2-b291-89cff8331c23,PE,Altinho,f,0,,0,2025-12-19 20:37:24.825852+00,
5a029d87-7916-4fa1-ab42-7957075b9e66,PE,Amaraji,f,0,,0,2025-12-19 20:37:24.825852+00,
d170bf7f-2623-4b64-9273-9f8580eca1da,PE,Angelim,f,0,,0,2025-12-19 20:37:24.825852+00,
e2256e24-53c6-4158-a3e8-25b2b6088ef5,PE,Araçoiaba,f,0,,0,2025-12-19 20:37:24.825852+00,
a7def6c6-9f70-41f8-9894-86fe028a73c8,PE,Araripina,f,0,,0,2025-12-19 20:37:24.825852+00,
c51e66c0-8f01-427f-90af-e4070b1a9dc0,PE,Arcoverde,f,0,,0,2025-12-19 20:37:24.825852+00,
2b627c88-14ee-4d0b-aa35-adc04814e9f8,PE,Barra de Guabiraba,f,0,,0,2025-12-19 20:37:24.825852+00,
c268bdec-195c-4ac5-83b3-31b015468e19,PE,Barreiros,f,0,,0,2025-12-19 20:37:24.825852+00,
b7799a97-fa32-43c3-aad1-cbe52343677e,PE,Belém de Maria,f,0,,0,2025-12-19 20:37:24.825852+00,
ffc1981c-e778-4075-bd5d-8788b8823808,PE,Belém do São Francisco,f,0,,0,2025-12-19 20:37:24.825852+00,
32d380c9-ce6b-4551-b604-4bff7f9805d0,PE,Belo Jardim,f,0,,0,2025-12-19 20:37:24.825852+00,
8afd4781-2395-4ec0-abc0-47effab62c6c,PE,Betânia,f,0,,0,2025-12-19 20:37:24.825852+00,
7892c124-99a1-4650-9e33-a131ead98f19,PE,Bezerros,f,0,,0,2025-12-19 20:37:24.825852+00,
eb893fb3-8b3b-4bfb-ad00-d01f87f46fe6,PE,Bodocó,f,0,,0,2025-12-19 20:37:24.825852+00,
1256822d-9867-4949-8492-e3727209b034,PE,Bom Conselho,f,0,,0,2025-12-19 20:37:24.825852+00,
8cb66536-58a8-4725-89ad-701ff0b7afa6,PE,Bom Jardim,f,0,,0,2025-12-19 20:37:24.825852+00,
6fdfa4bf-065c-4729-826e-42a6073435bb,PE,Bonito,f,0,,0,2025-12-19 20:37:24.825852+00,
1cdc7177-3353-46b3-9600-d56869fb7ef9,PE,Brejão,f,0,,0,2025-12-19 20:37:24.825852+00,
1804a7ba-f65c-4542-9f35-d557874cabbf,PE,Brejinho,f,0,,0,2025-12-19 20:37:24.825852+00,
f18b4257-eb96-4736-817c-bcc5cc9bcf94,PE,Brejo da Madre de Deus,f,0,,0,2025-12-19 20:37:24.825852+00,
8d75ad50-c465-4846-840a-5b55757320e6,PE,Buenos Aires,f,0,,0,2025-12-19 20:37:24.825852+00,
af432c49-19f4-49a6-a21e-177f392c1be4,PE,Buíque,f,0,,0,2025-12-19 20:37:24.825852+00,
40133eea-b05b-4058-96b4-277a34537476,PE,Cabo de Santo Agostinho,f,0,,0,2025-12-19 20:37:24.825852+00,
3c31a7c6-7eee-4a1f-b982-246efe1341d0,PE,Cabrobó,f,0,,0,2025-12-19 20:37:24.825852+00,
b358e86c-222a-4f37-81f2-546f155bdeff,PE,Cachoeirinha,f,0,,0,2025-12-19 20:37:24.825852+00,
e593cc3d-d08c-46d7-898a-cc63e4e28020,PE,Caetés,f,0,,0,2025-12-19 20:37:24.825852+00,
6ad9cbe1-59ba-4d18-b3ef-b02e0b3159f4,PE,Calçado,f,0,,0,2025-12-19 20:37:24.825852+00,
53d3e710-09df-4af9-869b-1a300fe9afa8,PE,Calumbi,f,0,,0,2025-12-19 20:37:24.825852+00,
fdab6ad6-976e-4f89-8169-7611dfe8cd87,PE,Camaragibe,f,0,,0,2025-12-19 20:37:24.825852+00,
7f232a00-32c8-44a8-b34f-d0ef4af3b6d5,PE,Camocim de São Félix,f,0,,0,2025-12-19 20:37:24.825852+00,
fa26dd84-828c-41f8-bd83-88adeade042a,PE,Camutanga,f,0,,0,2025-12-19 20:37:24.825852+00,
b5a34b82-b4d4-4818-9d67-965e7379d675,PE,Canhotinho,f,0,,0,2025-12-19 20:37:24.825852+00,
72ea9e4f-1db0-4b92-9497-d1caff4c810c,PE,Capoeiras,f,0,,0,2025-12-19 20:37:24.825852+00,
55bb95e1-3d32-4b4a-a945-3f8cb4a0bd5b,PE,Carnaíba,f,0,,0,2025-12-19 20:37:24.825852+00,
905a5894-d60e-4e1a-8203-5fac9b462805,PE,Carnaubeira da Penha,f,0,,0,2025-12-19 20:37:24.825852+00,
ebcf640a-59ff-44bb-87cf-6fd17977d3c8,PE,Carpina,f,0,,0,2025-12-19 20:37:24.825852+00,
02b7fa31-4333-4f02-af32-65e6b4d7000c,PE,Caruaru,f,0,,0,2025-12-19 20:37:24.825852+00,
72b7cc68-267e-4f7d-b98a-c62ad190f7e4,PE,Casinhas,f,0,,0,2025-12-19 20:37:24.825852+00,
b89a1add-54b2-4bc6-b7ee-d40b0c208897,PE,Catende,f,0,,0,2025-12-19 20:37:24.825852+00,
26773731-c546-4152-b800-6200545aef3e,PE,Cedro,f,0,,0,2025-12-19 20:37:24.825852+00,
37267d6f-4d89-4896-94a2-e252f184ddf3,PE,Chã de Alegria,f,0,,0,2025-12-19 20:37:24.825852+00,
56244059-e6ef-44e2-a3e2-e3e79b428312,PE,Chã Grande,f,0,,0,2025-12-19 20:37:24.825852+00,
8859b817-c2f1-4781-92ae-5a696a70d96c,PE,Condado,f,0,,0,2025-12-19 20:37:24.825852+00,
efecc7f0-6507-414b-97b9-3e8165598b9c,PE,Correntes,f,0,,0,2025-12-19 20:37:24.825852+00,
633067e2-b4cf-4cab-9bfa-8e4de5d27b02,PE,Cortês,f,0,,0,2025-12-19 20:37:24.825852+00,
84ea5317-3b36-42a8-b479-a029447b5b84,PE,Cumaru,f,0,,0,2025-12-19 20:37:24.825852+00,
6a9220a3-51b8-43b5-a5de-86af68670b04,PE,Cupira,f,0,,0,2025-12-19 20:37:24.825852+00,
d222efdd-a58f-47b8-a14c-55cd792c0799,PE,Custódia,f,0,,0,2025-12-19 20:37:24.825852+00,
64f72d47-85d1-47e8-857b-7837e3c7cb2b,PE,Dormentes,f,0,,0,2025-12-19 20:37:24.825852+00,
f4db2c0f-6189-4623-986f-31d80f9e6e8b,PE,Escada,f,0,,0,2025-12-19 20:37:24.825852+00,
810e0b36-6221-4c27-8a97-766875af7891,PE,Exu,f,0,,0,2025-12-19 20:37:24.825852+00,
13b0509b-1da6-46d7-9100-111ea901bf1a,PE,Feira Nova,f,0,,0,2025-12-19 20:37:24.825852+00,
d0cb18ac-b209-4075-8501-b02cd04975ae,PE,Fernando de Noronha,f,0,,0,2025-12-19 20:37:24.825852+00,
9398053b-5559-4adc-bbbf-acc6fa9d7457,PE,Ferreiros,f,0,,0,2025-12-19 20:37:24.825852+00,
6d77584e-62cc-41d8-b85a-0382f8c28820,PE,Flores,f,0,,0,2025-12-19 20:37:24.825852+00,
58d8dc0a-aaf8-4452-8252-4ed766cb059b,PE,Floresta,f,0,,0,2025-12-19 20:37:24.825852+00,
369b9965-eece-482e-998b-321297616619,PE,Frei Miguelinho,f,0,,0,2025-12-19 20:37:24.825852+00,
43078ca7-3cc9-46fe-95ca-6149a4ef3984,PE,Gameleira,f,0,,0,2025-12-19 20:37:24.825852+00,
d979ed5f-fb1d-4ea6-8184-08a1a5375717,PE,Garanhuns,f,0,,0,2025-12-19 20:37:24.825852+00,
e15142b3-74ea-4b9c-a119-e086675feb42,PE,Glória do Goitá,f,0,,0,2025-12-19 20:37:24.825852+00,
e4cc4cf4-212c-4269-9abc-64aff6a62d85,PE,Goiana,f,0,,0,2025-12-19 20:37:24.825852+00,
657c6ada-fe7f-4971-a994-59b074661e0e,PE,Granito,f,0,,0,2025-12-19 20:37:24.825852+00,
7b64f515-33e7-454b-924c-26981017602f,PE,Gravatá,f,0,,0,2025-12-19 20:37:24.825852+00,
75c1ad99-087e-436d-9772-254e6d739c17,PE,Iati,f,0,,0,2025-12-19 20:37:24.825852+00,
bf3fa6e5-36d4-4053-aebf-c59a90025031,PE,Ibimirim,f,0,,0,2025-12-19 20:37:24.825852+00,
53e42320-a75e-463c-a45e-f278b9944982,PE,Ibirajuba,f,0,,0,2025-12-19 20:37:24.825852+00,
f4757787-961d-47e2-b1ad-d5222bd1c37e,PE,Igarassu,f,0,,0,2025-12-19 20:37:24.825852+00,
23fcb48e-4db2-4cf6-9b05-d591d4e372e7,PE,Iguaracy,f,0,,0,2025-12-19 20:37:24.825852+00,
1df59288-2a52-458e-93fe-812566009553,PE,Ilha de Itamaracá,f,0,,0,2025-12-19 20:37:24.825852+00,
35a77a00-a471-45b1-8f89-754288d7de20,PE,Inajá,f,0,,0,2025-12-19 20:37:24.825852+00,
c2a1dedf-7b48-4b9a-9e65-82d0379feb7e,PE,Ingazeira,f,0,,0,2025-12-19 20:37:24.825852+00,
eb26c923-ca16-4c94-a708-e9c08abf3181,PE,Ipojuca,f,0,,0,2025-12-19 20:37:24.825852+00,
b9d8280c-72df-4bf5-8a90-192a4e589bfb,PE,Ipubi,f,0,,0,2025-12-19 20:37:24.825852+00,
e5611114-f557-49ad-b38d-067556f62308,PE,Itacuruba,f,0,,0,2025-12-19 20:37:24.825852+00,
2df53ab5-2096-492b-b351-0a4557a00872,PE,Itaíba,f,0,,0,2025-12-19 20:37:24.825852+00,
db8c0a05-a618-4c29-a0d9-8d46340e0fca,PE,Itambé,f,0,,0,2025-12-19 20:37:24.825852+00,
119d8ba0-ddc7-4f6c-a26e-11d8d9210e91,PE,Itapetim,f,0,,0,2025-12-19 20:37:24.825852+00,
41e79e9f-88f1-465a-8877-b8a2141f970f,PE,Itapissuma,f,0,,0,2025-12-19 20:37:24.825852+00,
f964f52f-52fb-4287-8a60-2741124e3103,PE,Itaquitinga,f,0,,0,2025-12-19 20:37:24.825852+00,
ee698e8e-8e1a-494f-98ed-b35c96aeb870,PE,Jaboatão dos Guararapes,f,0,,0,2025-12-19 20:37:24.825852+00,
ec35eafd-6971-4acd-b1eb-403131fe0550,PE,Jaqueira,f,0,,0,2025-12-19 20:37:24.825852+00,
d9099d26-764b-4d4c-aed1-3b647f94a01e,PE,Jataúba,f,0,,0,2025-12-19 20:37:24.825852+00,
2b3246d6-0009-4ea4-80ab-aacf9089fb2a,PE,Jatobá,f,0,,0,2025-12-19 20:37:24.825852+00,
d821de69-057e-45d9-a758-573ba52ae695,PE,João Alfredo,f,0,,0,2025-12-19 20:37:24.825852+00,
f53446c9-c657-4f6b-b4d7-9e6f83f9b103,PE,Joaquim Nabuco,f,0,,0,2025-12-19 20:37:24.825852+00,
d7679a01-cce5-449b-b864-467b333df3c9,PE,Jucati,f,0,,0,2025-12-19 20:37:24.825852+00,
6deb4fbb-944b-4ef8-a5da-98d565f30a9f,PE,Jupi,f,0,,0,2025-12-19 20:37:24.825852+00,
6f168439-14e4-4535-8dd1-faec75677e8f,PE,Jurema,f,0,,0,2025-12-19 20:37:24.825852+00,
2b23ac4c-29ad-4b73-b585-c174b7d60c9e,PE,Lagoa do Carro,f,0,,0,2025-12-19 20:37:24.825852+00,
fe2a672c-4488-4d50-b388-b0af76eb21fb,PE,Lagoa do Itaenga,f,0,,0,2025-12-19 20:37:24.825852+00,
00873fb0-01c2-4789-ac22-ad141d71d257,PE,Lagoa do Ouro,f,0,,0,2025-12-19 20:37:24.825852+00,
a0b21ed6-b6e5-4428-9859-6d3b82ed2de5,PE,Lagoa dos Gatos,f,0,,0,2025-12-19 20:37:24.825852+00,
6bf0eaeb-6ff2-498b-b783-fb141775d964,PE,Lagoa Grande,f,0,,0,2025-12-19 20:37:24.825852+00,
18ef2c01-d037-4915-80c5-a4a804fd0a83,PE,Lajedo,f,0,,0,2025-12-19 20:37:24.825852+00,
eb18b65a-1a14-4707-a56a-a825b234596a,PE,Limoeiro,f,0,,0,2025-12-19 20:37:24.825852+00,
d3e3508b-a3fd-49ce-8de8-61728b7b2a57,PE,Macaparana,f,0,,0,2025-12-19 20:37:24.825852+00,
b33b246d-9841-4962-b18b-98bb0335e5b2,PE,Machados,f,0,,0,2025-12-19 20:37:24.825852+00,
9f9e7c03-70e3-4039-8c16-a7ea1526ac65,PE,Manari,f,0,,0,2025-12-19 20:37:24.825852+00,
94fbb253-d885-411d-89c0-568d492fdff2,PE,Maraial,f,0,,0,2025-12-19 20:37:24.825852+00,
149b1042-e6b3-45e7-a3d6-5d64d3797634,PE,Mirandiba,f,0,,0,2025-12-19 20:37:24.825852+00,
c606c1fe-1e06-4137-9d0c-232d281b9e92,PE,Moreilândia,f,0,,0,2025-12-19 20:37:24.825852+00,
0f22dd39-429e-4d04-9a70-337238d25b74,PE,Moreno,f,0,,0,2025-12-19 20:37:24.825852+00,
81c3f9a0-0c89-4ef8-9daa-574a64187120,PE,Nazaré da Mata,f,0,,0,2025-12-19 20:37:24.825852+00,
5a2db25b-4dc7-44a6-9301-43ce33be1d0b,PE,Olinda,f,0,,0,2025-12-19 20:37:24.825852+00,
36c80eb1-2b76-42a1-a69d-9235bd7e2046,PE,Orobó,f,0,,0,2025-12-19 20:37:24.825852+00,
890ea292-4678-496c-bcaf-2f693825497f,PE,Orocó,f,0,,0,2025-12-19 20:37:24.825852+00,
063589d2-2144-4a1b-8b45-97848a6a4799,PE,Ouricuri,f,0,,0,2025-12-19 20:37:24.825852+00,
5e81ae62-d89a-437e-aa61-817f984d08fe,PE,Palmares,f,0,,0,2025-12-19 20:37:24.825852+00,
ee326176-441a-4e85-a678-1bc44bb0cdc9,PE,Palmeirina,f,0,,0,2025-12-19 20:37:24.825852+00,
0faea2df-ff10-494e-80e6-695e005abb89,PE,Panelas,f,0,,0,2025-12-19 20:37:24.825852+00,
d1a855ee-86aa-4f8d-b295-3a5e4c732f14,PE,Paranatama,f,0,,0,2025-12-19 20:37:24.825852+00,
f1f06def-807a-4f70-9d97-d8a01e09fc4d,PE,Parnamirim,f,0,,0,2025-12-19 20:37:24.825852+00,
e8bb44d5-fb4d-4969-9b20-6afb2c9347ca,PE,Passira,f,0,,0,2025-12-19 20:37:24.825852+00,
dfe1e671-0ff9-4e0b-a5ec-65c6b9e5078e,PE,Paudalho,f,0,,0,2025-12-19 20:37:24.825852+00,
ce0d8358-b804-416c-87ad-cc173ac311a2,PE,Paulista,f,0,,0,2025-12-19 20:37:24.825852+00,
2c14636c-7b5e-4f80-a7ef-ce3e9f113106,PE,Pedra,f,0,,0,2025-12-19 20:37:24.825852+00,
7ed6b74f-7823-4e31-af0e-25e8035fd550,PE,Pesqueira,f,0,,0,2025-12-19 20:37:24.825852+00,
d549902e-f434-44da-a194-548e84622a7e,PE,Petrolândia,f,0,,0,2025-12-19 20:37:24.825852+00,
2f0bfe8e-b607-4a9f-8db9-e326cdca7916,PE,Petrolina,f,0,,0,2025-12-19 20:37:24.825852+00,
14a8e6e7-188c-426f-b969-16b05eb75c82,PE,Poção,f,0,,0,2025-12-19 20:37:24.825852+00,
c2cb8d21-c8de-475f-acb5-6f2ea7d2b3e3,PE,Pombos,f,0,,0,2025-12-19 20:37:24.825852+00,
6a3ad773-5c19-43f2-bed5-850743fa6fbd,PE,Primavera,f,0,,0,2025-12-19 20:37:24.825852+00,
c1352a81-e71f-49fe-ad22-7a120e2bcc36,PE,Quipapá,f,0,,0,2025-12-19 20:37:24.825852+00,
2c546f1b-4080-45b1-b4dd-c71713e000d3,PE,Quixaba,f,0,,0,2025-12-19 20:37:24.825852+00,
358f7d60-967d-427c-8c7f-f4a18b0ecd89,PE,Recife,f,0,,0,2025-12-19 20:37:24.825852+00,
6748a0c7-576f-4f64-8648-d0e3643c6a3b,PE,Riacho das Almas,f,0,,0,2025-12-19 20:37:24.825852+00,
ed665910-552a-4afb-8d7a-57444d421d41,PE,Ribeirão,f,0,,0,2025-12-19 20:37:24.825852+00,
c2327999-a8a7-4fe2-86b5-49f0a25f880c,PE,Rio Formoso,f,0,,0,2025-12-19 20:37:24.825852+00,
893bdb67-6b06-4e35-9db7-c0ab1751b896,PE,Sairé,f,0,,0,2025-12-19 20:37:24.825852+00,
88da34c5-4967-416c-abb5-b3d7b4ef592d,PE,Salgadinho,f,0,,0,2025-12-19 20:37:24.825852+00,
dc7572c4-715b-44e3-b2b7-6d4ca8f4e96e,PE,Salgueiro,f,0,,0,2025-12-19 20:37:24.825852+00,
432aecbf-bdfb-49b5-b506-45e89c308fe9,PE,Saloá,f,0,,0,2025-12-19 20:37:24.825852+00,
9c3c9599-f44b-4bfe-bee2-5a6c263bfed3,PE,Sanharó,f,0,,0,2025-12-19 20:37:24.825852+00,
876efc99-2ae1-4a8c-8416-2f320c61d0b6,PE,Santa Cruz,f,0,,0,2025-12-19 20:37:24.825852+00,
27ee4072-ef7d-4401-82f7-c708e7b1d25c,PE,Santa Cruz da Baixa Verde,f,0,,0,2025-12-19 20:37:24.825852+00,
8b1cac56-59f4-4ae6-80a2-db3336bd4bcf,PE,Santa Cruz do Capibaribe,f,0,,0,2025-12-19 20:37:24.825852+00,
82073eef-3e15-4cd7-9d9d-207835fc301a,PE,Santa Filomena,f,0,,0,2025-12-19 20:37:24.825852+00,
5b2ef07b-9bd8-494f-97eb-392ce77a37c1,PE,Santa Maria da Boa Vista,f,0,,0,2025-12-19 20:37:24.825852+00,
23e1a578-47f0-454e-bbc1-59be6e72272d,PE,Santa Maria do Cambucá,f,0,,0,2025-12-19 20:37:24.825852+00,
4ca6ed37-45c1-4ea7-80b2-feb3a8116cb7,PE,Santa Terezinha,f,0,,0,2025-12-19 20:37:24.825852+00,
ee9a9548-ef67-4e1f-bc90-6d25647d5126,PE,São Benedito do Sul,f,0,,0,2025-12-19 20:37:24.825852+00,
291c0a51-7910-481b-8340-27fd5baed0cf,PE,São Bento do Una,f,0,,0,2025-12-19 20:37:24.825852+00,
525311e8-9009-498d-a4dd-32b85156be48,PE,São Caitano,f,0,,0,2025-12-19 20:37:24.825852+00,
9107cdd0-d1b2-4103-acb0-9373498767d2,PE,São João,f,0,,0,2025-12-19 20:37:24.825852+00,
c08443e2-e64b-4eb2-ba02-361df5f76406,PE,São Joaquim do Monte,f,0,,0,2025-12-19 20:37:24.825852+00,
e85fc023-5c8f-4159-a419-b969130365b5,PE,São José da Coroa Grande,f,0,,0,2025-12-19 20:37:24.825852+00,
7871d392-8cf9-4f1c-8197-763c8a232598,PE,São José do Belmonte,f,0,,0,2025-12-19 20:37:24.825852+00,
b3dc4d1f-e1f9-48c8-afac-e3f55834bcce,PE,São José do Egito,f,0,,0,2025-12-19 20:37:24.825852+00,
53107828-84cb-4c32-a9c8-29fe45ea3e7c,PE,São Lourenço da Mata,f,0,,0,2025-12-19 20:37:24.825852+00,
985b1158-3496-4291-8533-13c93df5c9d5,PE,São Vicente Ferrer,f,0,,0,2025-12-19 20:37:24.825852+00,
a01455e0-e991-4583-a71a-420f79d1c8d2,PE,Serra Talhada,f,0,,0,2025-12-19 20:37:24.825852+00,
c8609af2-2769-422d-aad1-47e33f5102db,PE,Serrita,f,0,,0,2025-12-19 20:37:24.825852+00,
074f1285-0992-439e-bfd0-436a0bdcd200,PE,Sertânia,f,0,,0,2025-12-19 20:37:24.825852+00,
f66f94b5-91ce-4b27-a6e9-9bef2d427ef6,PE,Sirinhaém,f,0,,0,2025-12-19 20:37:24.825852+00,
c4740c0f-a436-4768-ada6-4d30ed43f034,PE,Solidão,f,0,,0,2025-12-19 20:37:24.825852+00,
1349512e-bdae-45ff-a9a4-6664d5597061,PE,Surubim,f,0,,0,2025-12-19 20:37:24.825852+00,
7b6fcdb6-3f4a-4876-9c1c-c710eb6856e3,PE,Tabira,f,0,,0,2025-12-19 20:37:24.825852+00,
f37dd2f6-b52b-42df-bb07-f4aaf2ca02df,PE,Tacaimbó,f,0,,0,2025-12-19 20:37:24.825852+00,
9e11f98a-b1a7-4088-92dc-546cf5620606,PE,Tacaratu,f,0,,0,2025-12-19 20:37:24.825852+00,
497606b0-1d20-4291-a478-3b176d0ef1a9,PE,Tamandaré,f,0,,0,2025-12-19 20:37:24.825852+00,
8cd41d91-f405-4bf4-8ddc-c0beaa46dbc3,PE,Taquaritinga do Norte,f,0,,0,2025-12-19 20:37:24.825852+00,
0b0b176d-dca7-4a82-a090-e8eedeb2b1be,PE,Terezinha,f,0,,0,2025-12-19 20:37:24.825852+00,
4a3899cf-4422-4f09-b12b-167b281c6118,PE,Terra Nova,f,0,,0,2025-12-19 20:37:24.825852+00,
fa24d998-98a3-413e-8e2b-f2efe258a690,PE,Timbaúba,f,0,,0,2025-12-19 20:37:24.825852+00,
6b2d6bfc-80d8-4c25-a042-b71d2c7a65e7,PE,Toritama,f,0,,0,2025-12-19 20:37:24.825852+00,
896ea5e8-87b5-43d8-9664-bde7e9d4015a,PE,Tracunhaém,f,0,,0,2025-12-19 20:37:24.825852+00,
8a3169a7-b534-4add-9f78-ee9501ac8786,PE,Trindade,f,0,,0,2025-12-19 20:37:24.825852+00,
55f1ced9-6325-419c-8d89-06d170c5bf77,PE,Triunfo,f,0,,0,2025-12-19 20:37:24.825852+00,
fac63f65-805f-4bb7-a427-ee49b9af61ba,PE,Tupanatinga,f,0,,0,2025-12-19 20:37:24.825852+00,
db486a03-4b0f-4cd3-b5bc-c5f1591ea1bf,PE,Tuparetama,f,0,,0,2025-12-19 20:37:24.825852+00,
962aaac6-67bb-4862-8484-453480e9fc96,PE,Venturosa,f,0,,0,2025-12-19 20:37:24.825852+00,
d8b3a0e9-6582-46e6-95a9-03539d09c360,PE,Verdejante,f,0,,0,2025-12-19 20:37:24.825852+00,
3ce03c09-09b7-4429-b146-f09ac608c65f,PE,Vertente do Lério,f,0,,0,2025-12-19 20:37:24.825852+00,
7c334437-cf51-4122-92e7-98cfb7bc5428,PE,Vertentes,f,0,,0,2025-12-19 20:37:24.825852+00,
30c6644d-5c70-4e22-862e-3787c1cd5afd,PE,Vicência,f,0,,0,2025-12-19 20:37:24.825852+00,
a14aac72-f64a-409f-90a3-6e37e66decc3,PE,Vitória de Santo Antão,f,0,,0,2025-12-19 20:37:24.825852+00,
ed185527-b4c2-4907-8afb-f84bcf4f1e86,PE,Xexéu,f,0,,0,2025-12-19 20:37:24.825852+00,
c39bff5c-99aa-4868-8e87-08642d59db43,PI,Acauã,f,0,,0,2025-12-19 20:37:24.825852+00,
498bab19-f9e3-4a8e-ae36-e001179aa5dd,PI,Agricolândia,f,0,,0,2025-12-19 20:37:24.825852+00,
f5562a4e-77d4-4aac-a10f-e44afc946b96,PI,Água Branca,f,0,,0,2025-12-19 20:37:24.825852+00,
5f6f7eac-3466-4385-8f45-dfac40e65113,PI,Alagoinha do Piauí,f,0,,0,2025-12-19 20:37:24.825852+00,
783cbfc2-a5fe-44e3-abd6-8cb9e439d7bd,PI,Alegrete do Piauí,f,0,,0,2025-12-19 20:37:24.825852+00,
c370feca-5d24-49a3-a175-6d56eee4861a,PI,Alto Longá,f,0,,0,2025-12-19 20:37:24.825852+00,
b34e6e87-3dcb-4ffb-8990-4a2652bb95ed,PI,Altos,f,0,,0,2025-12-19 20:37:24.825852+00,
9e89fa59-dd13-4505-8617-d236b2bc6ca0,PI,Alvorada do Gurguéia,f,0,,0,2025-12-19 20:37:24.825852+00,
1d077085-7603-4c18-9ba8-36696c07c45b,PI,Amarante,f,0,,0,2025-12-19 20:37:24.825852+00,
51142576-8cb6-41c5-86f0-97db62abe1a7,PI,Angical do Piauí,f,0,,0,2025-12-19 20:37:24.825852+00,
10dd491c-f5c7-42a1-955a-5bf4e35be93c,PI,Anísio de Abreu,f,0,,0,2025-12-19 20:37:24.825852+00,
cf695f35-e9f3-4819-9de4-413d65da19b0,PI,Antônio Almeida,f,0,,0,2025-12-19 20:37:24.825852+00,
19d5c96e-f7e4-4736-8043-bc9959ed99f7,PI,Aroazes,f,0,,0,2025-12-19 20:37:24.825852+00,
653be973-c3ae-45b5-84d8-ad3af94cdf05,PI,Aroeiras do Itaim,f,0,,0,2025-12-19 20:37:24.825852+00,
c5e55cfa-05e9-4646-a0c1-63d883383950,PI,Arraial,f,0,,0,2025-12-19 20:37:24.825852+00,
7f3da7de-a037-4554-88b0-178ef56f8079,PI,Assunção do Piauí,f,0,,0,2025-12-19 20:37:24.825852+00,
73c65346-a951-4da0-926d-3a61955c8ebc,PI,Avelino Lopes,f,0,,0,2025-12-19 20:37:24.825852+00,
f3cb8b76-21a9-4f7b-94b2-b02ca9b98b40,PI,Baixa Grande do Ribeiro,f,0,,0,2025-12-19 20:37:24.825852+00,
f751c5ec-4df1-4a73-9bf1-90b08ed3850c,PI,Barra d'Alcântara,f,0,,0,2025-12-19 20:37:24.825852+00,
76f565c6-ca75-4760-b0a0-a8a00d4403c7,PI,Barras,f,0,,0,2025-12-19 20:37:24.825852+00,
eb1d3446-846a-45aa-9266-fa44c9526c00,PI,Barreiras do Piauí,f,0,,0,2025-12-19 20:37:24.825852+00,
7d5a9ba8-9eba-4894-844f-0f60d6a07724,PI,Barro Duro,f,0,,0,2025-12-19 20:37:24.825852+00,
55fa5fa4-3190-495f-917f-27cdf08c1a61,PI,Batalha,f,0,,0,2025-12-19 20:37:24.825852+00,
2155d697-5e6e-4158-8174-1ade74076fcd,PI,Bela Vista do Piauí,f,0,,0,2025-12-19 20:37:24.825852+00,
5d6dc450-1ac4-451e-9698-2be6e31c39a3,PI,Belém do Piauí,f,0,,0,2025-12-19 20:37:24.825852+00,
bdcc72ac-e693-47dd-841a-3bcb1e86f38f,PI,Beneditinos,f,0,,0,2025-12-19 20:37:24.825852+00,
d807b5c9-4e44-49a0-be18-7e584c79af2d,PI,Bertolínia,f,0,,0,2025-12-19 20:37:24.825852+00,
563e3e18-f67e-4f49-87f4-70c5be2747cf,PI,Betânia do Piauí,f,0,,0,2025-12-19 20:37:24.825852+00,
bc6c8eae-297c-4f60-95cb-f70c996ee02b,PI,Boa Hora,f,0,,0,2025-12-19 20:37:24.825852+00,
1db6fb48-8556-405f-8316-8e990783b290,PI,Bocaina,f,0,,0,2025-12-19 20:37:24.825852+00,
846e517c-9cd8-427f-9df2-36a92dd07ddc,PI,Bom Jesus,f,0,,0,2025-12-19 20:37:24.825852+00,
f11609f0-e763-4d00-b453-6d80ee9ae0da,PI,Bom Princípio do Piauí,f,0,,0,2025-12-19 20:37:24.825852+00,
5e229f50-51c5-40f3-b8bd-9294f4cd5a58,PI,Bonfim do Piauí,f,0,,0,2025-12-19 20:37:24.825852+00,
052f63aa-6526-4ef1-87bf-4bef64fc52f0,PI,Boqueirão do Piauí,f,0,,0,2025-12-19 20:37:24.825852+00,
5d0c7850-2747-4843-8d43-0fd6ef20c2a9,PI,Brasileira,f,0,,0,2025-12-19 20:37:24.825852+00,
2093c000-9f29-4c84-b2d2-c5fd318b3e38,PI,Brejo do Piauí,f,0,,0,2025-12-19 20:37:24.825852+00,
ab5efceb-1fd8-487b-8d71-16154ebe4888,PI,Buriti dos Lopes,f,0,,0,2025-12-19 20:37:24.825852+00,
4b6520e9-0ff6-43e2-ba23-c9a32b66c940,PI,Buriti dos Montes,f,0,,0,2025-12-19 20:37:24.825852+00,
7c3ce3d2-64c9-419f-96e5-400bd078e4a1,PI,Cabeceiras do Piauí,f,0,,0,2025-12-19 20:37:24.825852+00,
1fc843bb-c79d-4308-9162-c83d8cd530f0,PI,Cajazeiras do Piauí,f,0,,0,2025-12-19 20:37:24.825852+00,
888afa1e-a222-4ad4-bb25-efbe2985f9bd,PI,Cajueiro da Praia,f,0,,0,2025-12-19 20:37:24.825852+00,
7ad3cb70-de2d-4d9b-96fb-4f958e3d20b9,PI,Caldeirão Grande do Piauí,f,0,,0,2025-12-19 20:37:24.825852+00,
fd6695a2-3fc6-4db9-a311-fa5424bf65f2,PI,Campinas do Piauí,f,0,,0,2025-12-19 20:37:24.825852+00,
601e06b8-1f78-481d-9c5e-350f05f6affd,PI,Campo Alegre do Fidalgo,f,0,,0,2025-12-19 20:37:24.825852+00,
dc1978ba-01a6-4371-a1d1-54a454d65ebf,PI,Campo Grande do Piauí,f,0,,0,2025-12-19 20:37:24.825852+00,
de132480-ba40-44f0-bb78-3ac4eadc4748,PI,Campo Largo do Piauí,f,0,,0,2025-12-19 20:37:24.825852+00,
2216c682-b964-4e03-a96c-204dcf71d2c1,PI,Campo Maior,f,0,,0,2025-12-19 20:37:24.825852+00,
fd7a8ffa-2457-4837-9fa6-755aa359c94f,PI,Canavieira,f,0,,0,2025-12-19 20:37:24.825852+00,
3e779aaa-94aa-4840-b746-c770c2b4a76e,PI,Canto do Buriti,f,0,,0,2025-12-19 20:37:24.825852+00,
7fbf70c1-e3ae-40fe-9b74-5f514bb36730,PI,Capitão de Campos,f,0,,0,2025-12-19 20:37:24.825852+00,
936f1df2-53be-459d-ae3e-7b9042be2fe7,PI,Capitão Gervásio Oliveira,f,0,,0,2025-12-19 20:37:24.825852+00,
06872eed-e71b-4690-9958-dfb72cfa9045,PI,Caracol,f,0,,0,2025-12-19 20:37:24.825852+00,
e803963a-8889-4eb3-b8eb-320fdb0a16a7,PI,Caraúbas do Piauí,f,0,,0,2025-12-19 20:37:24.825852+00,
73832593-2746-42aa-b942-19f4cbb81cf0,PI,Caridade do Piauí,f,0,,0,2025-12-19 20:37:24.825852+00,
247799f6-15f4-4120-8034-61160754e795,PI,Castelo do Piauí,f,0,,0,2025-12-19 20:37:24.825852+00,
e1890eec-56be-435c-82f1-86d704214a10,PI,Caxingó,f,0,,0,2025-12-19 20:37:24.825852+00,
579a20af-7fa6-4510-bc8b-daf8c51b24e6,PI,Cocal,f,0,,0,2025-12-19 20:37:24.825852+00,
a48363cf-ab58-4c66-b4b1-a04deb90f7a3,PI,Cocal de Telha,f,0,,0,2025-12-19 20:37:24.825852+00,
ab2d4701-2000-45e1-b0c8-b8b583a3ee9e,PI,Cocal dos Alves,f,0,,0,2025-12-19 20:37:24.825852+00,
c6216cb8-c86a-4912-b6dd-829cf04a5aae,PI,Coivaras,f,0,,0,2025-12-19 20:37:24.825852+00,
58998936-597b-4639-aa20-3acd47f16903,PI,Colônia do Gurguéia,f,0,,0,2025-12-19 20:37:24.825852+00,
ae09d172-d2ed-4392-92c1-1641df361430,PI,Colônia do Piauí,f,0,,0,2025-12-19 20:37:24.825852+00,
c2178536-0964-48f1-945e-9861c52e6181,PI,Conceição do Canindé,f,0,,0,2025-12-19 20:37:24.825852+00,
6a16c4eb-8a4a-4479-b8ac-56f23d075083,PI,Coronel José Dias,f,0,,0,2025-12-19 20:37:24.825852+00,
d63b3ba0-2018-4522-918c-8b7686967a17,PI,Corrente,f,0,,0,2025-12-19 20:37:24.825852+00,
5a071b8d-2923-4461-97ac-6c00e61a2611,PI,Cristalândia do Piauí,f,0,,0,2025-12-19 20:37:24.825852+00,
b5c003e6-5c5b-47fe-b166-7a597b5dda6d,PI,Cristino Castro,f,0,,0,2025-12-19 20:37:24.825852+00,
29c7684f-3042-4652-b3b4-cbcd52d04ec9,PI,Curimatá,f,0,,0,2025-12-19 20:37:24.825852+00,
9163d748-82a7-4e8b-b90f-1a069a3f7023,PI,Currais,f,0,,0,2025-12-19 20:37:24.825852+00,
22844aed-e3ce-4e78-8a01-156fa5e30126,PI,Curral Novo do Piauí,f,0,,0,2025-12-19 20:37:24.825852+00,
d91ea9ad-f210-4d3a-ae95-a2520002fad9,PI,Curralinhos,f,0,,0,2025-12-19 20:37:24.825852+00,
31f03275-6c77-4b4b-b561-24717e0030aa,PI,Demerval Lobão,f,0,,0,2025-12-19 20:37:24.825852+00,
86f844d6-e4f9-43be-8a07-885a815a8911,PI,Dirceu Arcoverde,f,0,,0,2025-12-19 20:37:24.825852+00,
c9d8b3a8-7340-4dc4-a51b-c5f38b12ce87,PI,Dom Expedito Lopes,f,0,,0,2025-12-19 20:37:24.825852+00,
be9204a8-1224-4d8e-a08e-72e624819827,PI,Dom Inocêncio,f,0,,0,2025-12-19 20:37:24.825852+00,
a917d330-ae86-4017-a7e4-f015c3ac86f8,PI,Domingos Mourão,f,0,,0,2025-12-19 20:37:24.825852+00,
14019ff3-5c3f-4ceb-9eff-3f390221943b,PI,Elesbão Veloso,f,0,,0,2025-12-19 20:37:24.825852+00,
ffaa87e8-0551-4871-a940-75a75cc027cc,PI,Eliseu Martins,f,0,,0,2025-12-19 20:37:24.825852+00,
8e9cb056-7b4a-41dd-9753-a7d6145aedbf,PI,Esperantina,f,0,,0,2025-12-19 20:37:24.825852+00,
6faf359f-48e5-42df-b280-75416c6e8341,PI,Fartura do Piauí,f,0,,0,2025-12-19 20:37:24.825852+00,
c107c54b-8675-48d0-a93c-7c98d52146ee,PI,Flores do Piauí,f,0,,0,2025-12-19 20:37:24.825852+00,
c20aaac8-7a0b-46cc-8825-f0b24853979f,PI,Floresta do Piauí,f,0,,0,2025-12-19 20:37:24.825852+00,
c2e6b8a3-f63a-4ca8-8e82-4cda0a50e256,PI,Floriano,f,0,,0,2025-12-19 20:37:24.825852+00,
c6e0bf39-7157-4f85-8f65-e2d9f50bd429,PI,Francinópolis,f,0,,0,2025-12-19 20:37:24.825852+00,
188ff641-9efc-4e66-946d-b36f0fefca33,PI,Francisco Ayres,f,0,,0,2025-12-19 20:37:24.825852+00,
d5fc8d87-aabc-4e9c-83b8-0bbd38e76ff7,PI,Francisco Macedo,f,0,,0,2025-12-19 20:37:24.825852+00,
54439c04-4d2b-4b8b-8473-e4ae9e378bfc,PI,Francisco Santos,f,0,,0,2025-12-19 20:37:24.825852+00,
e2dbe5fb-661c-43a9-a82c-e513e8f861b0,PI,Fronteiras,f,0,,0,2025-12-19 20:37:24.825852+00,
83553a37-21a9-4d30-9675-643055db4e01,PI,Geminiano,f,0,,0,2025-12-19 20:37:24.825852+00,
c2a37b58-8bba-438a-ae7b-8ab09e03dbf5,PI,Gilbués,f,0,,0,2025-12-19 20:37:24.825852+00,
1b7bf3b0-5f39-4c99-9056-2c385ed2fadd,PI,Guadalupe,f,0,,0,2025-12-19 20:37:24.825852+00,
ac178e0a-02d4-4514-a43d-b529cff79989,PI,Guaribas,f,0,,0,2025-12-19 20:37:24.825852+00,
477e0b2a-8be6-46b5-9669-41f81103e302,PI,Hugo Napoleão,f,0,,0,2025-12-19 20:37:24.825852+00,
f3adfe03-5e70-4165-9b77-cd02449d55a6,PI,Ilha Grande,f,0,,0,2025-12-19 20:37:24.825852+00,
612fe33d-ea33-4bbd-947f-44b5e4db75a9,PI,Inhuma,f,0,,0,2025-12-19 20:37:24.825852+00,
c81f73cd-1846-4e63-bafa-57bf7786177c,PI,Ipiranga do Piauí,f,0,,0,2025-12-19 20:37:24.825852+00,
d22bc111-cf5f-437d-94c8-de49baa74f24,PI,Isaías Coelho,f,0,,0,2025-12-19 20:37:24.825852+00,
488f711f-4505-452f-9557-bb02f5e86fc2,PI,Itainópolis,f,0,,0,2025-12-19 20:37:24.825852+00,
f603abed-1ab4-4bb4-b76d-f5db8e30cf41,PI,Itaueira,f,0,,0,2025-12-19 20:37:24.825852+00,
e738e832-19aa-458f-af60-096875aa9e31,PI,Jacobina do Piauí,f,0,,0,2025-12-19 20:37:24.825852+00,
b1d24b90-77ec-408d-aa21-6fffa6d6d73a,PI,Jaicós,f,0,,0,2025-12-19 20:37:24.825852+00,
e3272109-54a9-4bfb-8aab-57ab6852a212,PI,Jardim do Mulato,f,0,,0,2025-12-19 20:37:24.825852+00,
86c97ff9-0334-4f24-97d1-a321020e844a,PI,Jatobá do Piauí,f,0,,0,2025-12-19 20:37:24.825852+00,
7395d67e-e9ba-45d8-9a58-f685006c6f35,PI,Jerumenha,f,0,,0,2025-12-19 20:37:24.825852+00,
18776087-b5f5-4f77-a1ef-02d23bd262ee,PI,João Costa,f,0,,0,2025-12-19 20:37:24.825852+00,
ab36ad03-d776-41ab-8ea5-60ecf72b057e,PI,Joaquim Pires,f,0,,0,2025-12-19 20:37:24.825852+00,
4e666471-d917-449e-a205-0b290fa3d3a8,PI,Joca Marques,f,0,,0,2025-12-19 20:37:24.825852+00,
b897dc4f-79a2-4350-a73a-d277cbb83ada,PI,José de Freitas,f,0,,0,2025-12-19 20:37:24.825852+00,
bfe043bf-5430-4f7b-b2e1-ad95d4f1eb88,PI,Juazeiro do Piauí,f,0,,0,2025-12-19 20:37:24.825852+00,
30c04674-7038-4dfd-abf2-5487b77517b5,PI,Júlio Borges,f,0,,0,2025-12-19 20:37:24.825852+00,
860f5280-af93-4401-b6bf-765ea5832e19,PI,Jurema,f,0,,0,2025-12-19 20:37:24.825852+00,
a7fbe28c-98b1-4fb8-8367-b274f69bd316,PI,Lagoa Alegre,f,0,,0,2025-12-19 20:37:24.825852+00,
bb7d141a-18a1-4814-af15-a018bc5ef994,PI,Lagoa de São Francisco,f,0,,0,2025-12-19 20:37:24.825852+00,
9b1d8879-9f60-46e5-a5fe-79e4ffc7b100,PI,Lagoa do Barro do Piauí,f,0,,0,2025-12-19 20:37:24.825852+00,
17286d82-1494-4419-800a-98f53166fce1,PI,Lagoa do Piauí,f,0,,0,2025-12-19 20:37:24.825852+00,
66cd5fbc-cd0e-4758-928e-c800b3f48219,PI,Lagoa do Sítio,f,0,,0,2025-12-19 20:37:24.825852+00,
fe1b8f96-5bb0-4788-a8f0-24bdd07eae85,PI,Lagoinha do Piauí,f,0,,0,2025-12-19 20:37:24.825852+00,
73ee071e-8584-4219-a588-7c1498a30470,PI,Landri Sales,f,0,,0,2025-12-19 20:37:24.825852+00,
01c804ab-c2bc-45f6-886d-22272d1e4d97,PI,Luís Correia,f,0,,0,2025-12-19 20:37:24.825852+00,
ccadcd3e-49db-46a8-b22f-9de345c061db,PI,Luzilândia,f,0,,0,2025-12-19 20:37:24.825852+00,
184b184a-7d46-4dd0-afcd-8fc5448b1c4c,PI,Madeiro,f,0,,0,2025-12-19 20:37:24.825852+00,
c7f55b5a-a3fd-4dc4-b52b-8643a6ab6729,PI,Manoel Emídio,f,0,,0,2025-12-19 20:37:24.825852+00,
649a96c9-cdc1-4f6e-9d8e-818ea864ba61,PI,Marcolândia,f,0,,0,2025-12-19 20:37:24.825852+00,
9609f35a-da1d-4961-8cfa-1a29d1e5903e,PI,Marcos Parente,f,0,,0,2025-12-19 20:37:24.825852+00,
c39b5138-b344-4284-a457-5bb35e646efe,PI,Massapê do Piauí,f,0,,0,2025-12-19 20:37:24.825852+00,
3cdd7b57-5099-4ede-94b4-68741b1914e0,PI,Matias Olímpio,f,0,,0,2025-12-19 20:37:24.825852+00,
b8d5f0ab-a6a9-4ec8-a810-a26d917bf202,PI,Miguel Alves,f,0,,0,2025-12-19 20:37:24.825852+00,
fe7d6fc6-6a38-4b34-bfc3-128573395666,PI,Miguel Leão,f,0,,0,2025-12-19 20:37:24.825852+00,
94bb5026-8696-49e5-add3-75ceae2d16d4,PI,Milton Brandão,f,0,,0,2025-12-19 20:37:24.825852+00,
276fb251-fd83-4ccb-9781-0b73fc4a1915,PI,Monsenhor Gil,f,0,,0,2025-12-19 20:37:24.825852+00,
3f723f0f-7f39-4097-9f3f-020917fa493b,PI,Monsenhor Hipólito,f,0,,0,2025-12-19 20:37:24.825852+00,
e783a709-00b2-42c1-89eb-884dffd55a38,PI,Monte Alegre do Piauí,f,0,,0,2025-12-19 20:37:25.175769+00,
2c9c1181-afcf-4090-8ce3-d49363e63dd1,PI,Morro Cabeça no Tempo,f,0,,0,2025-12-19 20:37:25.175769+00,
2f4c476b-8c00-4f03-982d-c23cdd23ff3c,PI,Morro do Chapéu do Piauí,f,0,,0,2025-12-19 20:37:25.175769+00,
fbcc33fd-85cf-4103-b33e-7e2cc6cdf710,PI,Murici dos Portelas,f,0,,0,2025-12-19 20:37:25.175769+00,
47ecf33e-55ac-44a3-8533-c6b2c237c779,PI,Nazaré do Piauí,f,0,,0,2025-12-19 20:37:25.175769+00,
561d4357-baa7-4aa9-9ed9-c5aadf7bb0fd,PI,Nazária,f,0,,0,2025-12-19 20:37:25.175769+00,
599ffa88-7bd2-4782-9646-9f7a6cec1335,PI,Nossa Senhora de Nazaré,f,0,,0,2025-12-19 20:37:25.175769+00,
c4053f7a-d793-4579-a00d-fa3bafc407da,PI,Nossa Senhora dos Remédios,f,0,,0,2025-12-19 20:37:25.175769+00,
dcaf26a5-d3cb-46a0-b121-7e206acb11e0,PI,Nova Santa Rita,f,0,,0,2025-12-19 20:37:25.175769+00,
78321ab7-b00c-4f37-b521-326ef46436d0,PI,Novo Oriente do Piauí,f,0,,0,2025-12-19 20:37:25.175769+00,
18f00260-bd07-48b2-84c5-b161ea23827f,PI,Novo Santo Antônio,f,0,,0,2025-12-19 20:37:25.175769+00,
0aaff748-1c82-4dab-8f7d-133fdf9225cc,PI,Oeiras,f,0,,0,2025-12-19 20:37:25.175769+00,
ca2ce25d-8e15-4231-8290-ccf8c8fd8012,PI,Olho d'Água do Piauí,f,0,,0,2025-12-19 20:37:25.175769+00,
ed9d1e63-9632-44c9-90bb-42225fecc904,PI,Padre Marcos,f,0,,0,2025-12-19 20:37:25.175769+00,
b15e1640-7c98-4c79-974a-762b121f9d1c,PI,Paes Landim,f,0,,0,2025-12-19 20:37:25.175769+00,
561b0e8b-fe8b-4640-b5a3-d68070d9bf37,PI,Pajeú do Piauí,f,0,,0,2025-12-19 20:37:25.175769+00,
ea74a592-7157-4548-ae5a-9fa7c3d1156b,PI,Palmeira do Piauí,f,0,,0,2025-12-19 20:37:25.175769+00,
5ce3cf46-28ab-45f9-9943-a587a3011430,PI,Palmeirais,f,0,,0,2025-12-19 20:37:25.175769+00,
f4011e28-eafa-461f-98c6-5cb4feb7cd1c,PI,Paquetá,f,0,,0,2025-12-19 20:37:25.175769+00,
d644c620-dc97-4ccb-bb01-c34404bbd5f2,PI,Parnaguá,f,0,,0,2025-12-19 20:37:25.175769+00,
4e8821c5-8aa8-4da3-b504-150343d5aa65,PI,Parnaíba,f,0,,0,2025-12-19 20:37:25.175769+00,
69a41c15-20f1-4605-93b8-f0aefdc3f7fa,PI,Passagem Franca do Piauí,f,0,,0,2025-12-19 20:37:25.175769+00,
1a5d6139-7834-4e12-9123-265c80d97869,PI,Patos do Piauí,f,0,,0,2025-12-19 20:37:25.175769+00,
a4964113-da82-4065-82b8-9069ad56f396,PI,Pau d'Arco do Piauí,f,0,,0,2025-12-19 20:37:25.175769+00,
b797eced-e436-40d2-b894-4550f74702c2,PI,Paulistana,f,0,,0,2025-12-19 20:37:25.175769+00,
2d185859-c23d-47eb-8af9-d090037ee557,PI,Pavussu,f,0,,0,2025-12-19 20:37:25.175769+00,
a1a36d57-19a5-4a19-a47a-cf006e678ac0,PI,Pedro II,f,0,,0,2025-12-19 20:37:25.175769+00,
9f106466-e69a-4f7b-b5aa-61802dc38d05,PI,Pedro Laurentino,f,0,,0,2025-12-19 20:37:25.175769+00,
1dafcb9c-a77b-41ab-9ba4-4fd8c60741ff,PI,Picos,f,0,,0,2025-12-19 20:37:25.175769+00,
c859bbeb-5ff2-4160-8b8b-6beda84b025c,PI,Pimenteiras,f,0,,0,2025-12-19 20:37:25.175769+00,
27259677-0e7e-447e-bb64-4ab74006535d,PI,Pio IX,f,0,,0,2025-12-19 20:37:25.175769+00,
844ac532-97b8-4ec3-9c66-195fe20c202b,PI,Piracuruca,f,0,,0,2025-12-19 20:37:25.175769+00,
b90436f6-f0c3-4bce-9970-604b8fa606d6,PI,Piripiri,f,0,,0,2025-12-19 20:37:25.175769+00,
bb25510f-b107-40b1-880c-7af1743a7838,PI,Porto,f,0,,0,2025-12-19 20:37:25.175769+00,
d8d1d2b8-3663-4141-a03a-4b22a46d6665,PI,Porto Alegre do Piauí,f,0,,0,2025-12-19 20:37:25.175769+00,
d3e1f844-754c-4ce3-b0a0-ebf715d24e03,PI,Prata do Piauí,f,0,,0,2025-12-19 20:37:25.175769+00,
3fa3ecb6-c771-4aff-8df8-7ba3be6f519a,PI,Queimada Nova,f,0,,0,2025-12-19 20:37:25.175769+00,
e41911c4-8dc0-4f6e-a7a4-6042fefa0b7b,PI,Redenção do Gurguéia,f,0,,0,2025-12-19 20:37:25.175769+00,
38d0eb1e-497d-480e-8502-a71e4b9819f2,PI,Regeneração,f,0,,0,2025-12-19 20:37:25.175769+00,
3145785c-25b9-4963-978e-693482171d24,PI,Riacho Frio,f,0,,0,2025-12-19 20:37:25.175769+00,
93510805-25ed-4151-addc-c91b6e88bf87,PI,Ribeira do Piauí,f,0,,0,2025-12-19 20:37:25.175769+00,
3051c129-39db-4d9b-b579-d163c6d52b4b,PI,Ribeiro Gonçalves,f,0,,0,2025-12-19 20:37:25.175769+00,
34c32ea8-cec5-4f40-8372-69f3335c844f,PI,Rio Grande do Piauí,f,0,,0,2025-12-19 20:37:25.175769+00,
07006c58-df00-4ea7-a7f3-a932e02a48dc,PI,Santa Cruz do Piauí,f,0,,0,2025-12-19 20:37:25.175769+00,
c3bd342a-e78d-4234-93f0-9c91080618c4,PI,Santa Cruz dos Milagres,f,0,,0,2025-12-19 20:37:25.175769+00,
7ba2c23b-f64e-47d9-be2d-3bf3fedb7a7c,PI,Santa Filomena,f,0,,0,2025-12-19 20:37:25.175769+00,
451b3dfd-fa14-4577-911e-fa92c88b4424,PI,Santa Luz,f,0,,0,2025-12-19 20:37:25.175769+00,
ea50d9a3-eafb-451b-ad35-f86b1c291adc,PI,Santa Rosa do Piauí,f,0,,0,2025-12-19 20:37:25.175769+00,
f3b5d108-e129-4d08-a7ba-d786ea6b0b51,PI,Santana do Piauí,f,0,,0,2025-12-19 20:37:25.175769+00,
7eb04565-dfd1-4fc3-ba6b-73ef13bebf27,PI,Santo Antônio de Lisboa,f,0,,0,2025-12-19 20:37:25.175769+00,
76f8e5e8-0f63-4cef-8410-1d1be9536622,PI,Santo Antônio dos Milagres,f,0,,0,2025-12-19 20:37:25.175769+00,
8a7690e2-ae6e-4b72-932a-542d6daa017a,PI,Santo Inácio do Piauí,f,0,,0,2025-12-19 20:37:25.175769+00,
b094bfab-06df-462d-96f7-cf16a0185ad0,PI,São Braz do Piauí,f,0,,0,2025-12-19 20:37:25.175769+00,
17e7bb27-d876-486f-b440-8b859f663569,PI,São Félix do Piauí,f,0,,0,2025-12-19 20:37:25.175769+00,
2e0473f1-c23b-4735-a7f4-487a065ac921,PI,São Francisco de Assis do Piauí,f,0,,0,2025-12-19 20:37:25.175769+00,
050082f3-93e2-4f8b-91f8-ecdf343c847d,PI,São Francisco do Piauí,f,0,,0,2025-12-19 20:37:25.175769+00,
b397fbaf-a5f9-4084-a2bf-f95fe59e4cdd,PI,São Gonçalo do Gurguéia,f,0,,0,2025-12-19 20:37:25.175769+00,
6819e86f-c86a-4d7e-bd20-89b0a0a106bb,PI,São Gonçalo do Piauí,f,0,,0,2025-12-19 20:37:25.175769+00,
b8152d47-9b99-49ed-879d-085d638195a6,PI,São João da Canabrava,f,0,,0,2025-12-19 20:37:25.175769+00,
9d4c0407-a6d2-49e6-92d3-bcc9453203b0,PI,São João da Fronteira,f,0,,0,2025-12-19 20:37:25.175769+00,
1b4ce67f-195d-41c1-a318-24539d333efa,PI,São João da Serra,f,0,,0,2025-12-19 20:37:25.175769+00,
f625a9bf-565a-4a5c-bad8-306862a65c1b,PI,São João da Varjota,f,0,,0,2025-12-19 20:37:25.175769+00,
8a4a2a78-a8ed-456f-8cc1-809705cbc966,PI,São João do Arraial,f,0,,0,2025-12-19 20:37:25.175769+00,
76169966-bd4f-4fcc-814b-eb90a6095a71,PI,São João do Piauí,f,0,,0,2025-12-19 20:37:25.175769+00,
d81c17f8-3885-422a-8664-f7ab2e92e4f1,PI,São José do Divino,f,0,,0,2025-12-19 20:37:25.175769+00,
76239116-bb4a-461b-a5d3-807a3223aad8,PI,São José do Peixe,f,0,,0,2025-12-19 20:37:25.175769+00,
0cc2bd4f-85b5-4f65-b710-7074228423d3,PI,São José do Piauí,f,0,,0,2025-12-19 20:37:25.175769+00,
b50deff7-ffa2-44bc-91da-cc4f39a47f4b,PI,São Julião,f,0,,0,2025-12-19 20:37:25.175769+00,
a47fa72c-f17d-442a-a31c-ba5377429436,PI,São Lourenço do Piauí,f,0,,0,2025-12-19 20:37:25.175769+00,
b247b1c8-24d6-459f-976f-063b3042a4ca,PI,São Luis do Piauí,f,0,,0,2025-12-19 20:37:25.175769+00,
905afa3d-79a9-4963-90f6-d314439744f6,PI,São Miguel da Baixa Grande,f,0,,0,2025-12-19 20:37:25.175769+00,
9ed9ccae-e702-44c9-b95b-d17d2fe07adc,PI,São Miguel do Fidalgo,f,0,,0,2025-12-19 20:37:25.175769+00,
8cef7506-1b50-47bc-93e9-993665ee1739,PI,São Miguel do Tapuio,f,0,,0,2025-12-19 20:37:25.175769+00,
2d39c1e8-dc6b-48ac-9bf1-1c3307557181,PI,São Pedro do Piauí,f,0,,0,2025-12-19 20:37:25.175769+00,
7cc06a67-7c0b-4003-8d42-970333e9d309,PI,São Raimundo Nonato,f,0,,0,2025-12-19 20:37:25.175769+00,
7e42a2e4-82da-41e5-8103-c65d9046ce72,PI,Sebastião Barros,f,0,,0,2025-12-19 20:37:25.175769+00,
64294db3-b888-456e-be7f-1d18592f783c,PI,Sebastião Leal,f,0,,0,2025-12-19 20:37:25.175769+00,
13faa207-d891-43f7-a890-2dfed5d7059a,PI,Sigefredo Pacheco,f,0,,0,2025-12-19 20:37:25.175769+00,
6635dcd6-f0a4-4334-b00c-ee70ceb45bad,PI,Simões,f,0,,0,2025-12-19 20:37:25.175769+00,
a4514b79-1cce-411c-89c4-55f5623a8c44,PI,Simplício Mendes,f,0,,0,2025-12-19 20:37:25.175769+00,
6a190058-41ae-43f6-9b8c-541271e3c453,PI,Socorro do Piauí,f,0,,0,2025-12-19 20:37:25.175769+00,
1d12641f-c365-485a-8547-2af924cb1d2d,PI,Sussuapara,f,0,,0,2025-12-19 20:37:25.175769+00,
41fae7c4-7471-499e-bf3a-8c578dd4417f,PI,Tamboril do Piauí,f,0,,0,2025-12-19 20:37:25.175769+00,
220bcc7e-5cb8-47f0-bc2a-3cb66bdfb22a,PI,Tanque do Piauí,f,0,,0,2025-12-19 20:37:25.175769+00,
ab8b6c76-1d76-47f2-b757-7d20f460a1c9,PI,Teresina,f,0,,0,2025-12-19 20:37:25.175769+00,
577313d2-681d-44fd-a3c4-7e7131ed3963,PI,União,f,0,,0,2025-12-19 20:37:25.175769+00,
ae43cf94-9864-4b9a-a3ea-daea995519a9,PI,Uruçuí,f,0,,0,2025-12-19 20:37:25.175769+00,
fae827c0-4512-40d2-98ca-0ac59634f93f,PI,Valença do Piauí,f,0,,0,2025-12-19 20:37:25.175769+00,
ea0e6c41-399b-4b42-aaa5-465fcf351230,PI,Várzea Branca,f,0,,0,2025-12-19 20:37:25.175769+00,
89bcb50c-00b0-41f2-8bde-5e37e5832411,PI,Várzea Grande,f,0,,0,2025-12-19 20:37:25.175769+00,
c9bfaad9-ae11-4882-b483-6e3249b0022e,PI,Vera Mendes,f,0,,0,2025-12-19 20:37:25.175769+00,
dec0f30f-d109-475d-a0ef-28e347157f45,PI,Vila Nova do Piauí,f,0,,0,2025-12-19 20:37:25.175769+00,
6238bdde-e536-46c7-b813-11400b2d7e24,PI,Wall Ferraz,f,0,,0,2025-12-19 20:37:25.175769+00,
59b101e5-9171-4f3b-9301-250206c6d23a,RJ,Angra dos Reis,f,0,,0,2025-12-19 20:37:25.175769+00,
18cc5cc1-bfec-4b1a-8564-b1f4bd798f91,RJ,Aperibé,f,0,,0,2025-12-19 20:37:25.175769+00,
f693bb95-d0ac-4399-acad-2ce46195f4d5,RJ,Araruama,f,0,,0,2025-12-19 20:37:25.175769+00,
eea7f518-be54-4b0d-a929-f084e975fea2,RJ,Areal,f,0,,0,2025-12-19 20:37:25.175769+00,
e9ecd549-3b2d-49ef-896f-d7697fd2fce8,RJ,Armação dos Búzios,f,0,,0,2025-12-19 20:37:25.175769+00,
35522813-a757-4292-aeb0-449d372a2577,RJ,Arraial do Cabo,f,0,,0,2025-12-19 20:37:25.175769+00,
1a4f4a15-2045-46bb-9128-1d099e81a6ab,RJ,Barra do Piraí,f,0,,0,2025-12-19 20:37:25.175769+00,
6d337d89-6aa7-4821-9176-f0574380deba,RJ,Barra Mansa,f,0,,0,2025-12-19 20:37:25.175769+00,
482ca306-a53e-40ef-9cd8-9236ed899e89,RJ,Belford Roxo,f,0,,0,2025-12-19 20:37:25.175769+00,
7a9e0919-6f83-4afc-821e-c6bdb2f2cc4c,RJ,Bom Jardim,f,0,,0,2025-12-19 20:37:25.175769+00,
deb5b3ac-2def-4ffa-8913-7f2d8ce66c5e,RJ,Bom Jesus do Itabapoana,f,0,,0,2025-12-19 20:37:25.175769+00,
a3f8575f-73f1-4d81-88a5-0f0bb1bf11f9,RJ,Cabo Frio,f,0,,0,2025-12-19 20:37:25.175769+00,
496a3106-816c-4928-ad10-de64d5740040,RJ,Cachoeiras de Macacu,f,0,,0,2025-12-19 20:37:25.175769+00,
03428124-a015-48dd-82d6-a2d499f19d37,RJ,Cambuci,f,0,,0,2025-12-19 20:37:25.175769+00,
a6087f6a-9999-4998-97a5-327b3fefcdfa,RJ,Campos dos Goytacazes,f,0,,0,2025-12-19 20:37:25.175769+00,
5aec6b52-cb06-4522-9e80-a8e402325e9e,RJ,Cantagalo,f,0,,0,2025-12-19 20:37:25.175769+00,
e487f9fb-b9ee-43a3-8591-fa95cf2dcca9,RJ,Carapebus,f,0,,0,2025-12-19 20:37:25.175769+00,
4f97cb8a-6139-4ff9-9090-6dd726597387,RJ,Cardoso Moreira,f,0,,0,2025-12-19 20:37:25.175769+00,
655a44c5-9fb9-4675-9a9b-682ffc973d9d,RJ,Carmo,f,0,,0,2025-12-19 20:37:25.175769+00,
bd4d44ff-80bc-412e-9072-3e051e0fa869,RJ,Casimiro de Abreu,f,0,,0,2025-12-19 20:37:25.175769+00,
16883797-abda-4607-88bb-2f610db727d7,RJ,Comendador Levy Gasparian,f,0,,0,2025-12-19 20:37:25.175769+00,
c8861725-1234-45aa-8d5a-e4ffade5c73d,RJ,Conceição de Macabu,f,0,,0,2025-12-19 20:37:25.175769+00,
e648cbfd-bdd7-4d3d-a3f0-8fc5fed2e595,RJ,Cordeiro,f,0,,0,2025-12-19 20:37:25.175769+00,
d79899db-c98e-4511-b425-de85939ea477,RJ,Duas Barras,f,0,,0,2025-12-19 20:37:25.175769+00,
db2c15af-fd24-45de-a373-f5c7968292d0,RJ,Duque de Caxias,f,0,,0,2025-12-19 20:37:25.175769+00,
27e01ef4-9cb7-4d68-b5b1-ad197b03cc5e,RJ,Engenheiro Paulo de Frontin,f,0,,0,2025-12-19 20:37:25.175769+00,
8c995e0c-b8e9-4339-a8c8-302db6602bfa,RJ,Guapimirim,f,0,,0,2025-12-19 20:37:25.175769+00,
b0be0d3a-e667-4bce-9063-ef08834df87c,RJ,Iguaba Grande,f,0,,0,2025-12-19 20:37:25.175769+00,
a6492b9a-fb4c-4c83-b804-c86e9043f1ad,RJ,Itaboraí,f,0,,0,2025-12-19 20:37:25.175769+00,
d6b5d0a8-21a1-4f9b-a967-ce69342a6719,RJ,Itaguaí,f,0,,0,2025-12-19 20:37:25.175769+00,
50ff9b9f-0946-4bd5-9c80-158189164771,RJ,Italva,f,0,,0,2025-12-19 20:37:25.175769+00,
575b2162-1993-4fdd-b52f-6389a1af6c5f,RJ,Itaocara,f,0,,0,2025-12-19 20:37:25.175769+00,
9fe306a2-682b-4405-908c-5ee808933586,RJ,Itaperuna,f,0,,0,2025-12-19 20:37:25.175769+00,
31873b12-58ef-4b53-9b12-90a1a5d7c888,RJ,Itatiaia,f,0,,0,2025-12-19 20:37:25.175769+00,
677638e7-a06d-48b3-8086-78e66a25ca01,RJ,Japeri,f,0,,0,2025-12-19 20:37:25.175769+00,
bba46997-157d-47a8-8a9b-a4e104111dad,RJ,Laje do Muriaé,f,0,,0,2025-12-19 20:37:25.175769+00,
ac3ed076-6292-444b-b628-143c4dcc465d,RJ,Macaé,f,0,,0,2025-12-19 20:37:25.175769+00,
1c337d07-11ce-4a0c-a6a1-419869d09ca7,RJ,Macuco,f,0,,0,2025-12-19 20:37:25.175769+00,
83c9da66-8703-4869-8544-35d397aaafdf,RJ,Magé,f,0,,0,2025-12-19 20:37:25.175769+00,
57b4f969-f190-4f09-8ff9-dd087a1f129b,RJ,Mangaratiba,f,0,,0,2025-12-19 20:37:25.175769+00,
2bff51f8-334f-45eb-8397-bcdbc70791ee,RJ,Maricá,f,0,,0,2025-12-19 20:37:25.175769+00,
154a9057-14e2-493a-b313-27dd63f14dd1,RJ,Mendes,f,0,,0,2025-12-19 20:37:25.175769+00,
a4d19a43-8ac9-4b94-b4f1-887d831377d8,RJ,Mesquita,f,0,,0,2025-12-19 20:37:25.175769+00,
0ecf7070-6f91-46ab-bfac-3daf08e7b37a,RJ,Miguel Pereira,f,0,,0,2025-12-19 20:37:25.175769+00,
ac91a264-f204-4c46-aaa4-38bc60385559,RJ,Miracema,f,0,,0,2025-12-19 20:37:25.175769+00,
abe3b35f-1f8e-4655-af1b-f1f5988f504e,RJ,Natividade,f,0,,0,2025-12-19 20:37:25.175769+00,
c2e9f408-f7fb-47c7-9568-cedd0f12a9e6,RJ,Nilópolis,f,0,,0,2025-12-19 20:37:25.175769+00,
9d17d3a7-7ba8-4e15-8c88-3dc3f531eab1,RJ,Niterói,f,0,,0,2025-12-19 20:37:25.175769+00,
c4d5ab3b-f6a4-4910-b212-975385dc2f2c,RJ,Nova Friburgo,f,0,,0,2025-12-19 20:37:25.175769+00,
ea0b26ac-5970-4127-945e-8b8293f6e3bd,RJ,Nova Iguaçu,f,0,,0,2025-12-19 20:37:25.175769+00,
1a203caa-fd0b-4910-a934-1d5145807ded,RJ,Paracambi,f,0,,0,2025-12-19 20:37:25.175769+00,
77a590e0-3903-4d3b-8327-adee0707434f,RJ,Paraíba do Sul,f,0,,0,2025-12-19 20:37:25.175769+00,
78b1c531-82e9-411c-a7aa-41653b4b3a8b,RJ,Paraty,f,0,,0,2025-12-19 20:37:25.175769+00,
b1409a4b-446b-471b-851e-bbf727c7c39e,RJ,Paty do Alferes,f,0,,0,2025-12-19 20:37:25.175769+00,
ce848b01-1d50-468c-87bc-c434f166c306,RJ,Petrópolis,f,0,,0,2025-12-19 20:37:25.175769+00,
f1d3f4d1-7da9-42ff-bf52-aef737b76216,RJ,Pinheiral,f,0,,0,2025-12-19 20:37:25.175769+00,
9e2bb08e-6f81-478d-99c8-f988f931a314,RJ,Piraí,f,0,,0,2025-12-19 20:37:25.175769+00,
f180046a-2c00-4727-8f1e-5bbed2ad5721,RJ,Porciúncula,f,0,,0,2025-12-19 20:37:25.175769+00,
05ac05cc-c4d7-400a-b812-19644f8de764,RJ,Porto Real,f,0,,0,2025-12-19 20:37:25.175769+00,
109167ed-c3ed-41be-9da1-5f1540544904,RJ,Quatis,f,0,,0,2025-12-19 20:37:25.175769+00,
988f7a85-aeb9-4ef4-b58d-743897d532bb,RJ,Queimados,f,0,,0,2025-12-19 20:37:25.175769+00,
61e6d0d1-e73a-43de-92eb-7ae6fe73b49c,RJ,Quissamã,f,0,,0,2025-12-19 20:37:25.175769+00,
4c9e7d90-c2f3-4ef0-81a2-1224c02cc888,RJ,Resende,f,0,,0,2025-12-19 20:37:25.175769+00,
371fccd6-40a7-403a-bada-13445a2806fc,RJ,Rio Bonito,f,0,,0,2025-12-19 20:37:25.175769+00,
f1d75602-1595-4186-bb97-53ba4626df92,RJ,Rio Claro,f,0,,0,2025-12-19 20:37:25.175769+00,
b5715f4f-40b6-4e51-bacc-08544db67a4a,RJ,Rio das Flores,f,0,,0,2025-12-19 20:37:25.175769+00,
7b80a54e-fca6-4d5b-831f-e08fe2a9a452,RJ,Rio das Ostras,f,0,,0,2025-12-19 20:37:25.175769+00,
1052ee90-354a-47dc-a250-2d2bbb1c9bbd,RJ,Rio de Janeiro,f,0,,0,2025-12-19 20:37:25.175769+00,
1b3f37c7-8992-444f-956f-674090590de5,RJ,Santa Maria Madalena,f,0,,0,2025-12-19 20:37:25.175769+00,
2c8c938d-20e2-41a0-bf41-71bc333981b1,RJ,Santo Antônio de Pádua,f,0,,0,2025-12-19 20:37:25.175769+00,
7b55bc2e-3439-4240-96f3-beaaccd7f2ac,RJ,São Francisco de Itabapoana,f,0,,0,2025-12-19 20:37:25.175769+00,
d70ad973-4df4-4b05-8e43-e048ad027e48,RJ,São Fidélis,f,0,,0,2025-12-19 20:37:25.175769+00,
e4be26c8-13dc-46b2-b16a-f7cacb165ed5,RJ,São Gonçalo,f,0,,0,2025-12-19 20:37:25.175769+00,
d9970d1b-7205-454b-b5c7-2e77090d6bde,RJ,São João da Barra,f,0,,0,2025-12-19 20:37:25.175769+00,
85fcd511-59e9-40f7-8d3b-18a693f0c428,RJ,São João de Meriti,f,0,,0,2025-12-19 20:37:25.175769+00,
6955e0d3-bd39-47b6-ac82-c2f8f18cf40a,RJ,São José de Ubá,f,0,,0,2025-12-19 20:37:25.175769+00,
732f6888-a29a-4f9f-8feb-fe33f469c645,RJ,São José do Vale do Rio Preto,f,0,,0,2025-12-19 20:37:25.175769+00,
5d11f2a2-ffbf-4a49-a664-812ff74f1179,RJ,São Pedro da Aldeia,f,0,,0,2025-12-19 20:37:25.175769+00,
a88cc181-6e93-4ec5-b2d0-abb3837acdaf,RJ,São Sebastião do Alto,f,0,,0,2025-12-19 20:37:25.175769+00,
247f6f74-1478-4d21-857e-eb302efbfd98,RJ,Sapucaia,f,0,,0,2025-12-19 20:37:25.175769+00,
60777f7b-7e69-49c1-bcbc-f05fdf845a9d,RJ,Saquarema,f,0,,0,2025-12-19 20:37:25.175769+00,
e4c27f31-e83f-4e5a-b7d9-ab755c7ae089,RJ,Seropédica,f,0,,0,2025-12-19 20:37:25.175769+00,
96befecf-1f63-4486-808e-26a9367c0aeb,RJ,Silva Jardim,f,0,,0,2025-12-19 20:37:25.175769+00,
24983924-a544-4478-bdde-c0ddac80614f,RJ,Sumidouro,f,0,,0,2025-12-19 20:37:25.175769+00,
bde3b58c-3944-4c60-9ba4-a016f43e09f6,RJ,Tanguá,f,0,,0,2025-12-19 20:37:25.175769+00,
e4b75418-fa30-4c69-b142-eec4a590bde3,RJ,Teresópolis,f,0,,0,2025-12-19 20:37:25.175769+00,
1561d3c6-78dc-4a34-87d9-8d1618b39b34,RJ,Trajano de Moraes,f,0,,0,2025-12-19 20:37:25.175769+00,
daff3cad-1028-4a95-8e9a-f3908f4c2c29,RJ,Três Rios,f,0,,0,2025-12-19 20:37:25.175769+00,
00ea1c8a-227c-4c50-bfeb-fba9065fee9f,RJ,Valença,f,0,,0,2025-12-19 20:37:25.175769+00,
1f10be61-5f93-4c6c-8efb-a023b68f57cc,RJ,Varre-Sai,f,0,,0,2025-12-19 20:37:25.175769+00,
710ac4bf-fd14-4c8e-a1a2-7a0307b1115a,RJ,Vassouras,f,0,,0,2025-12-19 20:37:25.175769+00,
ce271850-f6f7-4909-b146-f047b62b39c5,RJ,Volta Redonda,f,0,,0,2025-12-19 20:37:25.175769+00,
f6284e89-7217-4905-a95e-19a347d8b05e,RN,Acari,f,0,,0,2025-12-19 20:37:25.175769+00,
cfe379f9-f479-45b3-9707-4d5e51d57828,RN,Açu,f,0,,0,2025-12-19 20:37:25.175769+00,
11e5cd2b-f41c-41bd-9eb3-6a9db627f6a5,RN,Afonso Bezerra,f,0,,0,2025-12-19 20:37:25.175769+00,
cddad0e5-c1e8-4fc1-b8f2-52500271e6a5,RN,Água Nova,f,0,,0,2025-12-19 20:37:25.175769+00,
d4006a41-6f1a-4bcb-a919-954b05aba909,RN,Alexandria,f,0,,0,2025-12-19 20:37:25.175769+00,
26730cad-1fbc-47aa-86eb-de4f490cc77e,RN,Almino Afonso,f,0,,0,2025-12-19 20:37:25.175769+00,
3bc94ae9-8121-49f4-8623-aeb4a82fd869,RN,Alto do Rodrigues,f,0,,0,2025-12-19 20:37:25.175769+00,
dcb7c3ea-87f9-459a-a430-373cb9155dc0,RN,Angicos,f,0,,0,2025-12-19 20:37:25.175769+00,
4ec74f2c-f326-4777-8b2c-5db5be0c038d,RN,Antônio Martins,f,0,,0,2025-12-19 20:37:25.175769+00,
d83081da-23c1-488a-b6f5-8370e9e4e67a,RN,Apodi,f,0,,0,2025-12-19 20:37:25.175769+00,
1b0af6a1-8f10-4734-810d-a826be3f201a,RN,Areia Branca,f,0,,0,2025-12-19 20:37:25.175769+00,
5f4be76f-b47a-49af-aaa3-2ee83fee88fc,RN,Arês,f,0,,0,2025-12-19 20:37:25.175769+00,
d59fbb0f-432f-4737-9e21-89b7586b3af7,RN,Augusto Severo,f,0,,0,2025-12-19 20:37:25.175769+00,
80aba9e1-cc50-4078-b5d5-1d2dbbdf6cf3,RN,Baía Formosa,f,0,,0,2025-12-19 20:37:25.175769+00,
e5ec336a-67af-4357-8d85-3c339d8e5ecc,RN,Baraúna,f,0,,0,2025-12-19 20:37:25.175769+00,
550b48d3-cd80-4fed-be3b-b8bec3e29fc1,RN,Barcelona,f,0,,0,2025-12-19 20:37:25.175769+00,
f8b5096d-753c-45ec-b5d3-b56504544013,RN,Bento Fernandes,f,0,,0,2025-12-19 20:37:25.175769+00,
ca9d18b9-5a0a-483d-9546-003ddd52875a,RN,Bodó,f,0,,0,2025-12-19 20:37:25.175769+00,
bbc42802-f162-4d3a-9ca1-97e2dd7a22af,RN,Bom Jesus,f,0,,0,2025-12-19 20:37:25.175769+00,
eee459a6-d98d-4910-a44a-b43fde042552,RN,Brejinho,f,0,,0,2025-12-19 20:37:25.175769+00,
51503e74-01c1-4db4-adde-caa27d15965a,RN,Caiçara do Norte,f,0,,0,2025-12-19 20:37:25.175769+00,
7489ce19-7e15-4e0a-9743-9095ce5c0ad5,RN,Caiçara do Rio do Vento,f,0,,0,2025-12-19 20:37:25.175769+00,
c7da0f80-46ea-4a5d-a3d7-d8fe5871a510,RN,Caicó,f,0,,0,2025-12-19 20:37:25.175769+00,
7acbfd74-e78a-4ce2-99f4-caabf4ee19e2,RN,Campo Redondo,f,0,,0,2025-12-19 20:37:25.175769+00,
107906e9-00ed-49b1-a1af-1316ba48b16d,RN,Canguaretama,f,0,,0,2025-12-19 20:37:25.175769+00,
4fdb88ef-7742-4c36-aae6-4184169c8247,RN,Caraúbas,f,0,,0,2025-12-19 20:37:25.175769+00,
07ceef1c-b429-4eab-b71c-d42037ac47d6,RN,Carnaúba dos Dantas,f,0,,0,2025-12-19 20:37:25.175769+00,
ab7110b0-07ac-4590-9195-f568bbeabb62,RN,Carnaubais,f,0,,0,2025-12-19 20:37:25.175769+00,
ccc42efe-70b7-481d-8348-f09a871ad426,RN,Ceará-Mirim,f,0,,0,2025-12-19 20:37:25.175769+00,
8d9e3040-f79b-4101-8201-dfcd21592896,RN,Cerro Corá,f,0,,0,2025-12-19 20:37:25.175769+00,
517e3ac7-4fe8-4673-8135-86119e5a78e5,RN,Coronel Ezequiel,f,0,,0,2025-12-19 20:37:25.175769+00,
76e33f67-4e43-46f5-8a6c-b1fe2bb08630,RN,Coronel João Pessoa,f,0,,0,2025-12-19 20:37:25.175769+00,
4d95b843-4f43-446d-bc18-5f1585870aef,RN,Cruzeta,f,0,,0,2025-12-19 20:37:25.175769+00,
41c4abc8-6163-413e-85b1-600d645918cf,RN,Currais Novos,f,0,,0,2025-12-19 20:37:25.175769+00,
99a42ff4-80d7-428d-9eee-089c86a2e7db,RN,Doutor Severiano,f,0,,0,2025-12-19 20:37:25.175769+00,
9bee271f-f1f7-499a-abc7-e64ba35abb7f,RN,Encanto,f,0,,0,2025-12-19 20:37:25.175769+00,
0873337e-2a3f-490c-a97c-e9347409c8a4,RN,Equador,f,0,,0,2025-12-19 20:37:25.175769+00,
d8788d53-7c1c-4028-b938-1b3e67966a25,RN,Espírito Santo,f,0,,0,2025-12-19 20:37:25.175769+00,
6682b8d0-229f-4623-a890-01f0ff1fd43e,RN,Extremoz,f,0,,0,2025-12-19 20:37:25.175769+00,
6c439db4-0236-427a-906e-1d77ab65df55,RN,Felipe Guerra,f,0,,0,2025-12-19 20:37:25.175769+00,
d8f43887-8f88-4eda-9e5e-8222a50bbf72,RN,Fernando Pedroza,f,0,,0,2025-12-19 20:37:25.175769+00,
81d836b2-524c-455c-8e60-f784903edd18,RN,Florânia,f,0,,0,2025-12-19 20:37:25.175769+00,
cb88bd25-af33-463e-81f2-843673b3edac,RN,Francisco Dantas,f,0,,0,2025-12-19 20:37:25.175769+00,
6ccae68f-b8fc-457b-b998-ad73c6b1f09a,RN,Frutuoso Gomes,f,0,,0,2025-12-19 20:37:25.175769+00,
0cb81dce-f0fd-47a3-8339-88df0700afd7,RN,Galinhos,f,0,,0,2025-12-19 20:37:25.175769+00,
5f8a4204-41c8-407b-b782-4127e2e4234d,RN,Goianinha,f,0,,0,2025-12-19 20:37:25.175769+00,
c12e6c60-0b41-410f-bbfe-4caa88d6d4fe,RN,Governador Dix-Sept Rosado,f,0,,0,2025-12-19 20:37:25.175769+00,
87d3df54-fe25-4ee1-83f5-27fc8e72baa3,RN,Grossos,f,0,,0,2025-12-19 20:37:25.175769+00,
1ed811ea-efd8-49d2-ba51-3c81dd6b3ddf,RN,Guamaré,f,0,,0,2025-12-19 20:37:25.175769+00,
c25ddc89-fc39-46dd-9530-1e862099f223,RN,Ielmo Marinho,f,0,,0,2025-12-19 20:37:25.175769+00,
d1bfe0c5-c16e-4be0-8b26-671269d336b2,RN,Ipanguaçu,f,0,,0,2025-12-19 20:37:25.175769+00,
816c512d-8a91-4614-b161-1b5be8fac162,RN,Ipueira,f,0,,0,2025-12-19 20:37:25.175769+00,
89a8379d-06a6-4626-a998-151c43cfee04,RN,Itajá,f,0,,0,2025-12-19 20:37:25.175769+00,
fe1b973f-286a-4e16-8a20-05582842ef20,RN,Itaú,f,0,,0,2025-12-19 20:37:25.175769+00,
86c041fb-998e-4092-b9ba-d63b1e8eb9e8,RN,Jaçanã,f,0,,0,2025-12-19 20:37:25.175769+00,
db9e50b9-3809-4738-a047-8174cd25ad6f,RN,Jandaíra,f,0,,0,2025-12-19 20:37:25.175769+00,
fccca84a-c870-4d4d-9c87-ab8bcb035651,RN,Janduís,f,0,,0,2025-12-19 20:37:25.175769+00,
5fd67811-2104-4a71-bd3a-f8917be8d6ec,RN,Januário Cicco,f,0,,0,2025-12-19 20:37:25.175769+00,
9fb1de26-84e6-453a-a153-e1179a170fcf,RN,Japi,f,0,,0,2025-12-19 20:37:25.175769+00,
60166a24-2214-4dd0-8065-b3d3a019989f,RN,Jardim de Angicos,f,0,,0,2025-12-19 20:37:25.175769+00,
64f6d1c4-e212-4486-9283-611cdb2b39e3,RN,Jardim de Piranhas,f,0,,0,2025-12-19 20:37:25.175769+00,
1b3a9ed1-0fbb-49aa-b244-95e469e47cae,RN,Jardim do Seridó,f,0,,0,2025-12-19 20:37:25.175769+00,
e1026b8c-d4d8-44e1-9e8b-74bbe4dc6cb5,RN,João Câmara,f,0,,0,2025-12-19 20:37:25.175769+00,
cdbf085f-f238-4eca-8534-ed608325888d,RN,João Dias,f,0,,0,2025-12-19 20:37:25.175769+00,
45375050-ed08-42e0-a60e-2008e5bc1874,RN,José da Penha,f,0,,0,2025-12-19 20:37:25.175769+00,
fb93ca1d-7eed-4b42-99bb-3d0983c024ab,RN,Jucurutu,f,0,,0,2025-12-19 20:37:25.175769+00,
6a67fe02-76f0-4dfe-9535-483c4333fe95,RN,Jundiá,f,0,,0,2025-12-19 20:37:25.175769+00,
b6360390-8436-4a78-ae13-aede4a2fa454,RN,Lagoa d'Anta,f,0,,0,2025-12-19 20:37:25.175769+00,
4481f68c-2576-429e-90a9-0932594e1664,RN,Lagoa de Pedras,f,0,,0,2025-12-19 20:37:25.175769+00,
a1621188-f61f-48ef-9cbe-7739354da99e,RN,Lagoa de Velhos,f,0,,0,2025-12-19 20:37:25.175769+00,
55c8acb1-c214-49f6-8d90-3aa93fec2649,RN,Lagoa Nova,f,0,,0,2025-12-19 20:37:25.175769+00,
b74aa6ca-a8fa-415b-8773-debcf4fe6ffa,RN,Lagoa Salgada,f,0,,0,2025-12-19 20:37:25.175769+00,
e40c4fb1-9329-48de-9492-25a7165073db,RN,Lajes,f,0,,0,2025-12-19 20:37:25.175769+00,
844ffb16-f13a-4285-80a5-97cd226f87a0,RN,Lajes Pintadas,f,0,,0,2025-12-19 20:37:25.175769+00,
5c266dcc-83b5-4e95-96d8-177e0fc5dc61,RN,Lucrécia,f,0,,0,2025-12-19 20:37:25.175769+00,
7b7e6ab9-1499-4a0e-8f1c-48f58943dce1,RN,Luís Gomes,f,0,,0,2025-12-19 20:37:25.175769+00,
a2fdd6e1-735c-465b-97c2-354e1b82d91c,RN,Macaíba,f,0,,0,2025-12-19 20:37:25.175769+00,
c8de43f7-8b09-43e8-8c59-8e1b9b64dbb0,RN,Macau,f,0,,0,2025-12-19 20:37:25.175769+00,
b2fa96fe-35ed-457d-aad4-668230dafaec,RN,Major Sales,f,0,,0,2025-12-19 20:37:25.175769+00,
9c408180-221e-446f-9929-9f0fe8f63116,RN,Marcelino Vieira,f,0,,0,2025-12-19 20:37:25.175769+00,
edb500c3-0ffb-4cfb-b575-8011ad58513e,RN,Martins,f,0,,0,2025-12-19 20:37:25.175769+00,
59aa08e4-8d33-46d6-ac6f-528d8e43f7c5,RN,Maxaranguape,f,0,,0,2025-12-19 20:37:25.175769+00,
b70a3eb2-4337-4af9-9e99-e2d22058504c,RN,Messias Targino,f,0,,0,2025-12-19 20:37:25.175769+00,
92c062d3-4309-423b-a143-1bf702f49b45,RN,Montanhas,f,0,,0,2025-12-19 20:37:25.175769+00,
18ae7d65-a1b3-473e-97ea-e485f8399a28,RN,Monte Alegre,f,0,,0,2025-12-19 20:37:25.175769+00,
6236a875-f59d-44b2-abc7-4070ee71f824,RN,Monte das Gameleiras,f,0,,0,2025-12-19 20:37:25.175769+00,
9912e3ef-9739-4234-b8fa-b9fc2c24da26,RN,Mossoró,f,0,,0,2025-12-19 20:37:25.175769+00,
5a6ea73d-71a0-472b-bd9e-09d524236938,RN,Natal,f,0,,0,2025-12-19 20:37:25.175769+00,
9b309d34-3b78-4e1d-a98f-e93a00a0e229,RN,Nísia Floresta,f,0,,0,2025-12-19 20:37:25.175769+00,
7aefd03f-563d-44d2-9c6a-ad71639f884c,RN,Nova Cruz,f,0,,0,2025-12-19 20:37:25.175769+00,
7ced0b02-db0f-4e54-b010-a4e14b3b12d0,RN,Olho-d'Água do Borges,f,0,,0,2025-12-19 20:37:25.175769+00,
fcdd28d1-d413-4767-b9e8-a248a28425d1,RN,Ouro Branco,f,0,,0,2025-12-19 20:37:25.175769+00,
3bbc6013-1160-4a3b-a472-a384792079c4,RN,Paraná,f,0,,0,2025-12-19 20:37:25.175769+00,
44e72d04-5efa-4c83-beda-4e41b05d8dcf,RN,Paraú,f,0,,0,2025-12-19 20:37:25.175769+00,
f0b49c06-46c4-414d-9446-675e4ca3e55c,RN,Parazinho,f,0,,0,2025-12-19 20:37:25.175769+00,
c22453b0-1d09-43bf-b5ad-3cc5cd562a38,RN,Parelhas,f,0,,0,2025-12-19 20:37:25.175769+00,
c6105941-ee1b-44c2-83e3-377200fd2765,RN,Parnamirim,f,0,,0,2025-12-19 20:37:25.175769+00,
8f6c384a-bc78-4fa0-81b9-3d644d229f2c,RN,Passa e Fica,f,0,,0,2025-12-19 20:37:25.175769+00,
8dcbf0e7-15da-4599-8652-744514ae34b1,RN,Passagem,f,0,,0,2025-12-19 20:37:25.175769+00,
f40f2d0c-b0c6-4b4d-b3b8-02c5eb81f585,RN,Patu,f,0,,0,2025-12-19 20:37:25.175769+00,
008110ce-46da-436c-9425-dea12b160d87,RN,Pau dos Ferros,f,0,,0,2025-12-19 20:37:25.175769+00,
edcca252-f7c3-4567-b232-1630aacd468e,RN,Pedra Grande,f,0,,0,2025-12-19 20:37:25.175769+00,
5f74d609-4e09-42a4-b786-bf8241a5d239,RN,Pedra Preta,f,0,,0,2025-12-19 20:37:25.175769+00,
4e2f6bff-2566-4e20-8049-473d1ad60e8f,RN,Pedro Avelino,f,0,,0,2025-12-19 20:37:25.175769+00,
92948abe-2faa-4ce8-8615-0f7f92fe5e57,RN,Pedro Velho,f,0,,0,2025-12-19 20:37:25.175769+00,
dabb9f2f-e164-4a1c-8610-eaa57f87ec51,RN,Pendências,f,0,,0,2025-12-19 20:37:25.175769+00,
babc31f4-982f-449c-92bb-c8ed2cd84f3a,RN,Pilões,f,0,,0,2025-12-19 20:37:25.175769+00,
e89c746e-bf46-44c0-8b20-133e79b78b65,RN,Poço Branco,f,0,,0,2025-12-19 20:37:25.175769+00,
4c6e0757-dea6-4580-9721-5812bf238d09,RN,Portalegre,f,0,,0,2025-12-19 20:37:25.175769+00,
209fe914-f4e4-45c7-86a9-bdc95e5ab618,RN,Porto do Mangue,f,0,,0,2025-12-19 20:37:25.175769+00,
1527ea46-c610-4494-841d-750865345ada,RN,Presidente Juscelino,f,0,,0,2025-12-19 20:37:25.175769+00,
99cd4f63-d44f-4764-aab6-5be7d4850677,RN,Pureza,f,0,,0,2025-12-19 20:37:25.175769+00,
a94f06c9-8f27-4f57-9bc5-4e8a935698f8,RN,Rafael Fernandes,f,0,,0,2025-12-19 20:37:25.175769+00,
7f754cca-b7f7-4ae5-b6dc-6c1504d5f9dd,RN,Rafael Godeiro,f,0,,0,2025-12-19 20:37:25.175769+00,
6558200c-35f9-4fa6-8b95-491a72f68226,RN,Riacho da Cruz,f,0,,0,2025-12-19 20:37:25.175769+00,
70fc3656-c692-456a-8669-1e2b148d0ea4,RN,Riacho de Santana,f,0,,0,2025-12-19 20:37:25.175769+00,
e5dee506-2008-4504-b508-2c1a8744a1b0,RN,Riachuelo,f,0,,0,2025-12-19 20:37:25.175769+00,
1c66ce78-adcc-48a8-815c-75611f02f7ad,RN,Rio do Fogo,f,0,,0,2025-12-19 20:37:25.175769+00,
e36d8ad7-4926-488b-a264-3f4473771dba,RN,Rodolfo Fernandes,f,0,,0,2025-12-19 20:37:25.175769+00,
73e9f657-9f7a-49ba-9dea-35ed5d4b4f3d,RN,Ruy Barbosa,f,0,,0,2025-12-19 20:37:25.175769+00,
fbc1c5bb-b5fa-4571-a27d-089bdab560ea,RN,Santa Cruz,f,0,,0,2025-12-19 20:37:25.175769+00,
540768eb-72c3-4d51-8967-c27153d9db87,RN,Santa Maria,f,0,,0,2025-12-19 20:37:25.175769+00,
82149568-b55d-44fa-9630-a5c5b7dc1642,RN,Santana do Matos,f,0,,0,2025-12-19 20:37:25.175769+00,
6c41d421-2175-4456-af18-ed02602bc0c2,RN,Santana do Seridó,f,0,,0,2025-12-19 20:37:25.175769+00,
45acefc1-3565-41d6-a1e5-fd7aed5295ec,RN,Santo Antônio,f,0,,0,2025-12-19 20:37:25.175769+00,
9baa8b21-576d-4c99-8464-854176b46aef,RN,São Bento do Norte,f,0,,0,2025-12-19 20:37:25.175769+00,
ab700e18-d668-472e-ae09-99663dbb26e2,RN,São Bento do Trairí,f,0,,0,2025-12-19 20:37:25.175769+00,
f4ef266d-9096-4a31-bb97-0aa1ae4f7708,RN,São Fernando,f,0,,0,2025-12-19 20:37:25.175769+00,
1e242709-d02c-4b5c-a07d-9977cb614072,RN,São Francisco do Oeste,f,0,,0,2025-12-19 20:37:25.175769+00,
d1bca7de-223a-4876-b3c3-de86805e6796,RN,São Gonçalo do Amarante,f,0,,0,2025-12-19 20:37:25.175769+00,
9007ffd7-557b-4569-a96d-eca2d2320af3,RN,São João do Sabugi,f,0,,0,2025-12-19 20:37:25.175769+00,
bd8b53a9-7332-42b1-be06-882e442a9a12,RN,São José de Mipibu,f,0,,0,2025-12-19 20:37:25.175769+00,
27f80067-3140-41f4-a0c9-4e6d4cad7a88,RN,São José do Campestre,f,0,,0,2025-12-19 20:37:25.175769+00,
79ef0ad4-75a9-450a-b036-42935e152a31,RN,São José do Seridó,f,0,,0,2025-12-19 20:37:25.175769+00,
da308fd0-ae78-4629-ab5a-b15877a1ee03,RN,São Miguel,f,0,,0,2025-12-19 20:37:25.175769+00,
3be87dd3-109b-4c65-9896-440317c19403,RN,São Miguel do Gostoso,f,0,,0,2025-12-19 20:37:25.175769+00,
d712c449-c352-4be5-b81e-fd9b7e4b7c00,RN,São Paulo do Potengi,f,0,,0,2025-12-19 20:37:25.175769+00,
e8fa8403-6932-472a-bb31-bf0a2fd2b111,RN,São Pedro,f,0,,0,2025-12-19 20:37:25.175769+00,
80ce914f-cf37-49f7-8de1-55676ada1980,RN,São Rafael,f,0,,0,2025-12-19 20:37:25.175769+00,
50351ab0-2b07-4a0b-b3ae-a79da102edb1,RN,São Tomé,f,0,,0,2025-12-19 20:37:25.175769+00,
8087f72a-406c-4497-8413-085f0d758b1c,RN,São Vicente,f,0,,0,2025-12-19 20:37:25.175769+00,
14cf6ea7-b010-4f2a-ad65-307a71bfef02,RN,Senador Elói de Souza,f,0,,0,2025-12-19 20:37:25.175769+00,
59470044-2e97-4ae0-8e27-a59d2edb45fc,RN,Senador Georgino Avelino,f,0,,0,2025-12-19 20:37:25.175769+00,
4b7ef0af-2660-485c-acdd-6f1ddb1842d4,RN,Serra de São Bento,f,0,,0,2025-12-19 20:37:25.175769+00,
8c8c93d1-4d39-4c1b-ac42-ab8bc53f798c,RN,Serra do Mel,f,0,,0,2025-12-19 20:37:25.175769+00,
770a1e51-4876-4551-9d0f-9b1acc09fa96,RN,Serra Negra do Norte,f,0,,0,2025-12-19 20:37:25.175769+00,
68ffe83c-be5c-4b13-9a64-b228705cef4b,RN,Serrinha,f,0,,0,2025-12-19 20:37:25.175769+00,
6e7c4543-d984-490a-9f9a-196440e73d52,RN,Serrinha dos Pintos,f,0,,0,2025-12-19 20:37:25.175769+00,
34b5de2b-3cde-4f62-a8f9-d0249508828d,RN,Severiano Melo,f,0,,0,2025-12-19 20:37:25.175769+00,
793b6e96-d454-466e-a18d-d8a2610bdc09,RN,Sítio Novo,f,0,,0,2025-12-19 20:37:25.175769+00,
b93220ad-650f-46d5-a908-93f4ff6833b1,RN,Taboleiro Grande,f,0,,0,2025-12-19 20:37:25.175769+00,
ce04f869-cb5e-4db1-988c-da6b0018d8f2,RN,Taipu,f,0,,0,2025-12-19 20:37:25.175769+00,
a2feea87-f788-4444-b5f6-5f12f618ec54,RN,Tangará,f,0,,0,2025-12-19 20:37:25.175769+00,
033389d9-00e1-4a7e-918f-c64898e9b8dc,RN,Tenente Ananias,f,0,,0,2025-12-19 20:37:25.175769+00,
6348778e-99d6-473e-8ba5-7d80a0d7c616,RN,Tenente Laurentino Cruz,f,0,,0,2025-12-19 20:37:25.175769+00,
9f3f7c71-92ce-44d2-97fa-5d42498cf54d,RN,Tibau,f,0,,0,2025-12-19 20:37:25.175769+00,
074da25b-4271-46ec-96f4-b88d596303d9,RN,Tibau do Sul,f,0,,0,2025-12-19 20:37:25.175769+00,
3092db28-c0d9-42c8-b01d-4ff12270eb68,RN,Timbaúba dos Batistas,f,0,,0,2025-12-19 20:37:25.175769+00,
b54d891d-8619-4275-9ed7-f2654afa1f34,RN,Touros,f,0,,0,2025-12-19 20:37:25.175769+00,
d7857dc7-cb83-41f5-8f89-1b4e8f75963a,RN,Triunfo Potiguar,f,0,,0,2025-12-19 20:37:25.175769+00,
661805df-6e06-4a42-b5c5-8413062e093a,RN,Umarizal,f,0,,0,2025-12-19 20:37:25.175769+00,
f2145684-c010-4d68-a198-7f5d2aeda1ac,RN,Upanema,f,0,,0,2025-12-19 20:37:25.175769+00,
066547f4-591b-4ebc-a268-a4c1dcf18497,RN,Várzea,f,0,,0,2025-12-19 20:37:25.175769+00,
bc7d8df1-6995-4647-85ca-452bf5dee69c,RN,Venha-Ver,f,0,,0,2025-12-19 20:37:25.175769+00,
064924ec-313a-4cd4-962f-64f964487318,RN,Vera Cruz,f,0,,0,2025-12-19 20:37:25.175769+00,
910df293-2216-4acb-9620-c33aa86969f5,RN,Viçosa,f,0,,0,2025-12-19 20:37:25.175769+00,
59fafe05-d740-4c9d-8d84-95baf0167178,RN,Vila Flor,f,0,,0,2025-12-19 20:37:25.175769+00,
b87d96d3-b6f9-4c79-8e3b-2670154ae5c3,RS,Aceguá,f,0,,0,2025-12-19 20:37:25.175769+00,
7e43f40b-c57c-4aad-9e0a-088ece218bbe,RS,Água Santa,f,0,,0,2025-12-19 20:37:25.175769+00,
e6c3497b-7b44-43c5-9ff8-a44894ea93d4,RS,Agudo,f,0,,0,2025-12-19 20:37:25.175769+00,
1fb4d7cc-64ea-4677-a3f5-a82c08d6aa46,RS,Ajuricaba,f,0,,0,2025-12-19 20:37:25.175769+00,
b08f96b5-eeec-4dcc-94d1-14af6e98d419,RS,Alecrim,f,0,,0,2025-12-19 20:37:25.175769+00,
76ce0595-c799-40cf-ba15-f9d82ee95542,RS,Alegrete,f,0,,0,2025-12-19 20:37:25.175769+00,
75c070ee-58bd-4341-abbc-a0a08c1b16f7,RS,Alegria,f,0,,0,2025-12-19 20:37:25.175769+00,
49c27caa-fcad-4888-b101-43b75691eefa,RS,Almirante Tamandaré do Sul,f,0,,0,2025-12-19 20:37:25.175769+00,
ba668678-6fb0-4d4f-bdb2-5fe73374c860,RS,Alpestre,f,0,,0,2025-12-19 20:37:25.175769+00,
fcbd179b-c9e0-4e93-b744-0b8f7fd9ec5e,RS,Alto Alegre,f,0,,0,2025-12-19 20:37:25.175769+00,
6bbc3739-8202-4e73-8545-2c3bc61bfad9,RS,Alto Feliz,f,0,,0,2025-12-19 20:37:25.175769+00,
e793390f-6f58-4b1d-976d-03895640e540,RS,Alvorada,f,0,,0,2025-12-19 20:37:25.175769+00,
e3a15a44-33a1-4296-8371-c46477cdd152,RS,Amaral Ferrador,f,0,,0,2025-12-19 20:37:25.175769+00,
3a460055-080e-4f23-8ba1-2802af2ae96d,RS,Ametista do Sul,f,0,,0,2025-12-19 20:37:25.175769+00,
3b999b2f-818a-41d8-91af-160a03586f20,RS,André da Rocha,f,0,,0,2025-12-19 20:37:25.175769+00,
4dce6558-6a34-4fe6-a935-3ed0801bb8a5,RS,Anta Gorda,f,0,,0,2025-12-19 20:37:25.175769+00,
a84750f9-7abd-49d1-8575-e3553ba128bf,RS,Antônio Prado,f,0,,0,2025-12-19 20:37:25.175769+00,
6935d1e4-ab0b-4136-811a-783418325d8b,RS,Arambaré,f,0,,0,2025-12-19 20:37:25.175769+00,
d99e1bcd-95cf-4333-8430-3e46688d3fcd,RS,Araricá,f,0,,0,2025-12-19 20:37:25.175769+00,
a3040a19-aa7d-405b-8187-74fb8e2d1142,RS,Aratiba,f,0,,0,2025-12-19 20:37:25.175769+00,
cd5d8f50-0f2c-454c-b5b6-ddccf319d378,RS,Arroio do Meio,f,0,,0,2025-12-19 20:37:25.175769+00,
a60f7ea7-7e26-4b76-ab3e-7f34fd362caa,RS,Arroio do Padre,f,0,,0,2025-12-19 20:37:25.175769+00,
e0dc4b09-d1fd-4fe5-afda-e43f6c9fdc31,RS,Arroio do Sal,f,0,,0,2025-12-19 20:37:25.175769+00,
58c9cfaa-1a83-4f85-9ea2-074cfa9a3fd4,RS,Arroio do Tigre,f,0,,0,2025-12-19 20:37:25.175769+00,
7508f6f0-1949-42d1-928d-83bcfe3564b5,RS,Arroio dos Ratos,f,0,,0,2025-12-19 20:37:25.175769+00,
ad3447e8-cd4d-48b4-8fb1-593a4fd9800a,RS,Arroio Grande,f,0,,0,2025-12-19 20:37:25.175769+00,
7a10adb8-e460-4aac-96c9-8dd01cb70c8b,RS,Arvorezinha,f,0,,0,2025-12-19 20:37:25.175769+00,
30aa8e45-fd41-493a-aaeb-2630383967ac,RS,Augusto Pestana,f,0,,0,2025-12-19 20:37:25.175769+00,
0cb9f3b7-6ac6-417d-9ce9-d14e1764212c,RS,Áurea,f,0,,0,2025-12-19 20:37:25.175769+00,
6ab899a3-760b-44a6-99c4-5150b4171b66,RS,Bagé,f,0,,0,2025-12-19 20:37:25.175769+00,
339561c7-34b8-4153-bb5a-77473a51e355,RS,Balneário Pinhal,f,0,,0,2025-12-19 20:37:25.175769+00,
d41b45a4-b11f-4336-b1fe-5af0d8b03c6b,RS,Barão,f,0,,0,2025-12-19 20:37:25.175769+00,
7e740841-a96d-409f-9daf-1a2b34533879,RS,Barão de Cotegipe,f,0,,0,2025-12-19 20:37:25.175769+00,
3f06becd-5f0a-46ec-bdb9-7793145dde8f,RS,Barão do Triunfo,f,0,,0,2025-12-19 20:37:25.175769+00,
9415c963-eed6-4c60-8654-77909b82d4ac,RS,Barra do Guarita,f,0,,0,2025-12-19 20:37:25.175769+00,
36ecd9bc-7d29-496f-97f8-9b721b6ca397,RS,Barra do Quaraí,f,0,,0,2025-12-19 20:37:25.175769+00,
0b6fb613-6085-44c1-8288-93ade699784c,RS,Barra do Ribeiro,f,0,,0,2025-12-19 20:37:25.175769+00,
2d649071-2042-4a11-aac7-f67c2f9ea62f,RS,Barra do Rio Azul,f,0,,0,2025-12-19 20:37:25.175769+00,
a71d9685-f77e-416a-affa-d61e05ee912d,RS,Barra Funda,f,0,,0,2025-12-19 20:37:25.175769+00,
9577ab95-5cda-4630-b39e-87defd6af880,RS,Barracão,f,0,,0,2025-12-19 20:37:25.175769+00,
dfcf7c18-d204-4c38-b5f7-6a4b8c28947d,RS,Barros Cassal,f,0,,0,2025-12-19 20:37:25.175769+00,
e713e057-f09d-4091-9047-769cd461f085,RS,Benjamin Constant do Sul,f,0,,0,2025-12-19 20:37:25.175769+00,
5977cd7d-f113-4a03-8f80-a518ef7cd18c,RS,Bento Gonçalves,f,0,,0,2025-12-19 20:37:25.175769+00,
baeab94f-c732-44f7-9cdb-c77196684061,RS,Boa Vista das Missões,f,0,,0,2025-12-19 20:37:25.175769+00,
6da013b2-2867-497b-8b82-8bbed98de6f6,RS,Boa Vista do Buricá,f,0,,0,2025-12-19 20:37:25.175769+00,
c3430137-6c97-493b-88a8-12fbd3a4388f,RS,Boa Vista do Cadeado,f,0,,0,2025-12-19 20:37:25.175769+00,
d72ab2ca-a3b6-49ee-90eb-b37cbdcc8019,RS,Boa Vista do Incra,f,0,,0,2025-12-19 20:37:25.175769+00,
9658aba6-e20d-4ae8-b13f-89bc39269ae3,RS,Boa Vista do Sul,f,0,,0,2025-12-19 20:37:25.175769+00,
7a570051-9b06-48c1-8bc6-0d90aacd33d6,RS,Bom Jesus,f,0,,0,2025-12-19 20:37:25.175769+00,
8bb9b37f-cad9-4db1-8f4b-9a4773d3862f,RS,Bom Princípio,f,0,,0,2025-12-19 20:37:25.175769+00,
6cc0ff92-2294-4125-9d09-d577c8217d71,RS,Bom Progresso,f,0,,0,2025-12-19 20:37:25.175769+00,
2c149a43-131b-482b-b5e7-4d8cbb0e0256,RS,Bom Retiro do Sul,f,0,,0,2025-12-19 20:37:25.175769+00,
a195808d-2cf2-48bc-83cd-6aa99a1a8032,RS,Boqueirão do Leão,f,0,,0,2025-12-19 20:37:25.175769+00,
8382bf66-9fb3-45de-9f52-e71407418225,RS,Bossoroca,f,0,,0,2025-12-19 20:37:25.175769+00,
1075eafa-6585-42ec-9588-b1ebbbad4792,RS,Bozano,f,0,,0,2025-12-19 20:37:25.175769+00,
6de234c8-fc46-46ba-967a-6a15c274f570,RS,Braga,f,0,,0,2025-12-19 20:37:25.175769+00,
89fdaaeb-7533-40b0-acee-f440388689fd,RS,Brochier,f,0,,0,2025-12-19 20:37:25.175769+00,
9189ca68-11d6-4ef2-9cc0-d74d9c6b8fdb,RS,Butiá,f,0,,0,2025-12-19 20:37:25.175769+00,
6cdf7560-f65a-4ec8-b3a2-50bd8cb5939c,RS,Caçapava do Sul,f,0,,0,2025-12-19 20:37:25.175769+00,
665e36bb-e9bb-40a6-9e79-37479b13e507,RS,Cacequi,f,0,,0,2025-12-19 20:37:25.175769+00,
925bdaf7-904f-4dd7-a04b-4b1454609d44,RS,Cachoeira do Sul,f,0,,0,2025-12-19 20:37:25.175769+00,
8962a9c0-cefd-4f10-94ba-4865aa5965ba,RS,Cachoeirinha,f,0,,0,2025-12-19 20:37:25.175769+00,
d32a59f3-ddc4-4096-80cc-66247ec157e6,RS,Cacique Doble,f,0,,0,2025-12-19 20:37:25.175769+00,
a35ad2a2-c42b-4758-aecc-3b56877fb3af,RS,Caibaté,f,0,,0,2025-12-19 20:37:25.175769+00,
05eb79cc-62bb-497a-b9d7-cb53bd132cb2,RS,Caiçara,f,0,,0,2025-12-19 20:37:25.175769+00,
3b942c6d-8231-4a59-9aa6-581b31b5eb29,RS,Camaquã,f,0,,0,2025-12-19 20:37:25.175769+00,
7b319f3f-24d5-4e2f-8801-a2477da48f81,RS,Camargo,f,0,,0,2025-12-19 20:37:25.175769+00,
2e1aad43-dd59-45ab-a8f7-9c3c4ffa475e,RS,Cambará do Sul,f,0,,0,2025-12-19 20:37:25.175769+00,
136f608c-b7c9-4bc2-9275-81ffa9b2aeff,RS,Campestre da Serra,f,0,,0,2025-12-19 20:37:25.175769+00,
8e6edc62-cb45-4141-9190-6db039d1aa87,RS,Campina das Missões,f,0,,0,2025-12-19 20:37:25.175769+00,
997080c9-0736-4fc2-a1d4-93f4a6de3503,RS,Campinas do Sul,f,0,,0,2025-12-19 20:37:25.175769+00,
dfc17e77-eead-4b5d-8a36-de79742f00d4,RS,Campo Bom,f,0,,0,2025-12-19 20:37:25.175769+00,
fdc7e1ba-2ac6-4f50-9034-5f776c846e97,RS,Campo Novo,f,0,,0,2025-12-19 20:37:25.175769+00,
f99df189-a3a6-43a7-8cce-149b03c6e715,RS,Campos Borges,f,0,,0,2025-12-19 20:37:25.175769+00,
f125a1b4-7b6f-4d0b-a59d-2da59e5b1c68,RS,Candelária,f,0,,0,2025-12-19 20:37:25.175769+00,
876ee12d-8c9c-476a-8770-c4d1b5d9694d,RS,Cândido Godói,f,0,,0,2025-12-19 20:37:25.175769+00,
cb587c71-5b80-458c-a6e1-d50a634071de,RS,Candiota,f,0,,0,2025-12-19 20:37:25.175769+00,
758fb4b1-01d0-4ff5-ada7-82b5013f956e,RS,Canela,f,0,,0,2025-12-19 20:37:25.175769+00,
7b0cba64-8732-4a80-a349-fb5819b83636,RS,Canguçu,f,0,,0,2025-12-19 20:37:25.175769+00,
bf83e993-9bd7-4687-92a2-f4d3a03543dd,RS,Canoas,f,0,,0,2025-12-19 20:37:25.175769+00,
66cd4320-fa6d-4d4d-a9e0-8226dc852a13,RS,Canudos do Vale,f,0,,0,2025-12-19 20:37:25.175769+00,
9115ca0a-aca9-4585-9ee9-58ce232f1966,RS,Capão Bonito do Sul,f,0,,0,2025-12-19 20:37:25.175769+00,
6ceed9f2-3477-4a6d-89fb-3d39487c5839,RS,Capão da Canoa,f,0,,0,2025-12-19 20:37:25.175769+00,
eb141537-39e1-4c83-86f8-cd1780edaa6e,RS,Capão do Cipó,f,0,,0,2025-12-19 20:37:25.175769+00,
9047cff9-06da-4fcc-9f0e-b0b31dd235fc,RS,Capão do Leão,f,0,,0,2025-12-19 20:37:25.175769+00,
8668e03b-38d7-4380-85cc-5617d0b1272c,RS,Capela de Santana,f,0,,0,2025-12-19 20:37:25.175769+00,
339f423d-6b56-40cb-b400-14071092a69d,RS,Capitão,f,0,,0,2025-12-19 20:37:25.175769+00,
2144080e-03a2-4fa9-849c-a9328452992f,RS,Capivari do Sul,f,0,,0,2025-12-19 20:37:25.175769+00,
8a83f369-a5d8-4efb-921a-b780f9848663,RS,Caraá,f,0,,0,2025-12-19 20:37:25.175769+00,
15a380c0-51f5-4a25-a3f5-e48c13e50688,RS,Carazinho,f,0,,0,2025-12-19 20:37:25.175769+00,
4d6f54d6-6eec-4f17-85fd-59d43cdcd0f5,RS,Carlos Barbosa,f,0,,0,2025-12-19 20:37:25.175769+00,
f171b4a1-c0c0-4f1f-8957-37eba079cd68,RS,Carlos Gomes,f,0,,0,2025-12-19 20:37:25.175769+00,
522e4805-f09e-462f-85ca-07cd77c4e940,RS,Casca,f,0,,0,2025-12-19 20:37:25.175769+00,
c48df2b5-fc39-4ef7-85d2-507434f39f8e,RS,Caseiros,f,0,,0,2025-12-19 20:37:25.175769+00,
1a28ecd4-5fb2-429d-8447-833636023fde,RS,Catuípe,f,0,,0,2025-12-19 20:37:25.175769+00,
c720b427-7736-41d1-9da6-43a089896383,RS,Caxias do Sul,f,0,,0,2025-12-19 20:37:25.175769+00,
795f3489-a4a0-4bb8-81ba-b7cc89d19071,RS,Centenário,f,0,,0,2025-12-19 20:37:25.175769+00,
1930b827-006d-45e0-9a5f-b11d1204569b,RS,Cerrito,f,0,,0,2025-12-19 20:37:25.175769+00,
a8ebcb45-aa2c-41a1-acb1-e721dc2fbc9b,RS,Cerro Branco,f,0,,0,2025-12-19 20:37:25.175769+00,
07156b59-1b54-4ec5-9abc-b2ab1880bdd7,RS,Cerro Grande,f,0,,0,2025-12-19 20:37:25.175769+00,
8910b1b3-7c75-4845-b1e6-8c500ca51434,RS,Cerro Grande do Sul,f,0,,0,2025-12-19 20:37:25.175769+00,
d4d40a25-a376-4764-adb1-9bc8ec5b3055,RS,Cerro Largo,f,0,,0,2025-12-19 20:37:25.175769+00,
0cf1d2c4-6fbb-4634-af74-f85d791e1957,RS,Chapada,f,0,,0,2025-12-19 20:37:25.175769+00,
b28422b9-9703-473a-a046-f3aceb15e20b,RS,Charqueadas,f,0,,0,2025-12-19 20:37:25.175769+00,
6e583213-5eae-4bd7-a7c3-584246ce3152,RS,Charrua,f,0,,0,2025-12-19 20:37:25.175769+00,
93d7ea01-c42c-4383-9cbf-091e2c1c6b10,RS,Chiapetta,f,0,,0,2025-12-19 20:37:25.175769+00,
8870c501-00bc-48e2-8fff-696fdea6ae83,RS,Chuí,f,0,,0,2025-12-19 20:37:25.175769+00,
163adbaf-cc41-463b-9473-32e9eb893466,RS,Chuvisca,f,0,,0,2025-12-19 20:37:25.175769+00,
6740cc33-01f6-48a9-bf9e-a0944a16d55c,RS,Cidreira,f,0,,0,2025-12-19 20:37:25.175769+00,
f7ad1e01-8eef-49d4-988c-58addbbc8c7f,RS,Ciríaco,f,0,,0,2025-12-19 20:37:25.175769+00,
08022409-7196-4f95-99c9-7e04a9716fb4,RS,Colinas,f,0,,0,2025-12-19 20:37:25.175769+00,
e55a7d7f-f32d-451f-a0b0-5a9afa0ad2b5,RS,Colorado,f,0,,0,2025-12-19 20:37:25.175769+00,
8acd89aa-cb94-4313-a832-ef7b93465d6c,RS,Condor,f,0,,0,2025-12-19 20:37:25.175769+00,
3220226d-873f-4eac-acbd-2d100d3c35b7,RS,Constantina,f,0,,0,2025-12-19 20:37:25.175769+00,
971013b8-b63f-4201-9808-60d8bd5eea05,RS,Coqueiro Baixo,f,0,,0,2025-12-19 20:37:25.175769+00,
02c1400a-b516-4b0f-8c20-0afcbb925e33,RS,Coqueiros do Sul,f,0,,0,2025-12-19 20:37:25.175769+00,
e6bd3a5f-72f1-4de4-a51e-9545207385a5,RS,Coronel Barros,f,0,,0,2025-12-19 20:37:25.175769+00,
cb5967bc-f6a4-4345-b071-736a0cbda856,RS,Coronel Bicaco,f,0,,0,2025-12-19 20:37:25.175769+00,
d87dd428-04d7-48a9-9742-9704c0abf2e2,RS,Coronel Pilar,f,0,,0,2025-12-19 20:37:25.175769+00,
b03420c4-5d3c-456d-9e67-e1e9008eb248,RS,Cotiporã,f,0,,0,2025-12-19 20:37:25.175769+00,
be876ae3-e7f6-4bdb-a885-95a157eec1be,RS,Coxilha,f,0,,0,2025-12-19 20:37:25.175769+00,
ff789c21-3c70-457c-972a-7cbce1d5e936,RS,Crissiumal,f,0,,0,2025-12-19 20:37:25.175769+00,
3c144ac6-b62d-4121-8923-9f201abffa0a,RS,Cristal,f,0,,0,2025-12-19 20:37:25.175769+00,
21b42614-ec63-4f23-87dd-079fb5a3e860,RS,Cristal do Sul,f,0,,0,2025-12-19 20:37:25.175769+00,
33204744-ec85-4c17-91fd-81aa225e857b,RS,Cruz Alta,f,0,,0,2025-12-19 20:37:25.175769+00,
86d18015-5144-4d78-a5a1-9334e93056cc,RS,Cruzaltense,f,0,,0,2025-12-19 20:37:25.175769+00,
baedbf83-0774-42e7-854e-5acb657aa415,RS,Cruzeiro do Sul,f,0,,0,2025-12-19 20:37:25.175769+00,
5af5b862-3a8e-49f8-b32e-f4983e31cc1c,RS,David Canabarro,f,0,,0,2025-12-19 20:37:25.175769+00,
3c58eb2e-6bc6-4d29-96de-479048879ebe,RS,Derrubadas,f,0,,0,2025-12-19 20:37:25.175769+00,
a51a99e6-2b73-46a9-ba51-e8fb4b952ef7,RS,Dezesseis de Novembro,f,0,,0,2025-12-19 20:37:25.175769+00,
f8dfa2de-38b1-425e-96e5-d8e2eb85bf38,RS,Dilermando de Aguiar,f,0,,0,2025-12-19 20:37:25.175769+00,
132ef023-8c85-486a-a882-1e218d2f8843,RS,Dois Irmãos,f,0,,0,2025-12-19 20:37:25.175769+00,
9cf234f8-935f-4abd-a4a8-b0f10931c69d,RS,Dois Irmãos das Missões,f,0,,0,2025-12-19 20:37:25.175769+00,
d69d8ba0-071d-4fd9-a469-c4bfbe9a8366,RS,Dois Lajeados,f,0,,0,2025-12-19 20:37:25.175769+00,
dd2eccf2-e3b4-42bc-ac08-15b034d3890d,RS,Dom Feliciano,f,0,,0,2025-12-19 20:37:25.175769+00,
f6647f2e-98d1-462e-a8a1-ba0f6b1967cd,RS,Dom Pedrito,f,0,,0,2025-12-19 20:37:25.175769+00,
def2fd60-c064-439c-8b9e-bee17c78bf97,RS,Dom Pedro de Alcântara,f,0,,0,2025-12-19 20:37:25.175769+00,
e969bdbd-2db7-41d6-854a-1d3bd7b69df6,RS,Dona Francisca,f,0,,0,2025-12-19 20:37:25.175769+00,
4b48b9a1-85f0-4d69-af6e-da29f20d33de,RS,Doutor Maurício Cardoso,f,0,,0,2025-12-19 20:37:25.175769+00,
0a87ad47-db5e-4fb2-9581-f343a8b34dbf,RS,Doutor Ricardo,f,0,,0,2025-12-19 20:37:25.175769+00,
9d252881-0c94-459a-97fe-0506b8baf423,RS,Eldorado do Sul,f,0,,0,2025-12-19 20:37:25.175769+00,
b479a474-1993-4075-ac3c-a0536e3cf9e4,RS,Encantado,f,0,,0,2025-12-19 20:37:25.175769+00,
84570ffe-ae41-4ba7-98ee-e85b742063dd,RS,Encruzilhada do Sul,f,0,,0,2025-12-19 20:37:25.175769+00,
625250e0-09c9-4457-b963-8130190d6ad7,RS,Engenho Velho,f,0,,0,2025-12-19 20:37:25.175769+00,
63bf25f6-0569-449b-a8b7-243feb25afd4,RS,Entre Rios do Sul,f,0,,0,2025-12-19 20:37:25.175769+00,
4fd77fde-f9e3-4da6-a8b6-9b8b12b590fe,RS,Entre-Ijuís,f,0,,0,2025-12-19 20:37:25.175769+00,
9391bd6d-78ce-4086-83ec-c585818fb467,RS,Erebango,f,0,,0,2025-12-19 20:37:25.175769+00,
83dde62a-7c4c-4cc4-91f2-55bfa820f9cf,RS,Erechim,f,0,,0,2025-12-19 20:37:25.175769+00,
b1f8bef7-4b25-4595-aa2b-dec38729f7ed,SC,Entre Rios,f,0,,0,2025-12-19 20:37:25.913527+00,
2f40edb1-14be-4482-bcd4-6aa5d9f326cf,SC,Ermo,f,0,,0,2025-12-19 20:37:25.913527+00,
607fe074-4575-491f-851d-56d7f33c48d4,SC,Erval Velho,f,0,,0,2025-12-19 20:37:25.913527+00,
c346ffc5-ebba-49d0-ba92-928ce60209b4,SC,Faxinal dos Guedes,f,0,,0,2025-12-19 20:37:25.913527+00,
49982ebe-f751-4ae9-81a2-8cc390f76ad7,SC,Flor do Sertão,f,0,,0,2025-12-19 20:37:25.913527+00,
b486a4a9-a89e-408f-979a-c110f9f2744c,SC,Florianópolis,f,0,,0,2025-12-19 20:37:25.913527+00,
2c45fc82-1241-4324-9d7d-8d1c7dd5591f,SC,Formosa do Sul,f,0,,0,2025-12-19 20:37:25.913527+00,
51f20dbb-2f14-49b7-8891-2342c2eaa806,SC,Forquilhinha,f,0,,0,2025-12-19 20:37:25.913527+00,
93d975ab-6d26-4f44-b542-b91ec695ec39,SC,Fraiburgo,f,0,,0,2025-12-19 20:37:25.913527+00,
a293b74c-ab8d-4d1d-8e59-d49da64f56a3,SC,Frei Rogério,f,0,,0,2025-12-19 20:37:25.913527+00,
99fc7c48-1f8d-4ae7-ab50-7ccd46bd3ebc,SC,Galvão,f,0,,0,2025-12-19 20:37:25.913527+00,
901705f3-01ac-4c36-92d5-7a07eb934314,SC,Garopaba,f,0,,0,2025-12-19 20:37:25.913527+00,
e636787b-0a7e-4f40-a9ac-7bbcd7d6a28a,SC,Garuva,f,0,,0,2025-12-19 20:37:25.913527+00,
b164cb78-71cf-4087-bbe0-69deb5d025a1,SC,Gaspar,f,0,,0,2025-12-19 20:37:25.913527+00,
d296f1d7-ae03-4e12-93ad-03c786879deb,SC,Governador Celso Ramos,f,0,,0,2025-12-19 20:37:25.913527+00,
393b7a46-b999-4de6-86ee-f5c943434a58,SC,Grão-Pará,f,0,,0,2025-12-19 20:37:25.913527+00,
6d5a7312-3669-455a-bb07-a2c3663ea20b,SC,Gravatal,f,0,,0,2025-12-19 20:37:25.913527+00,
c8ba36a2-5c49-4b9b-8348-086e2990d7eb,SC,Guabiruba,f,0,,0,2025-12-19 20:37:25.913527+00,
00755d0c-ca2b-4ad2-bd26-5afcf1fedaa2,SC,Guaraciaba,f,0,,0,2025-12-19 20:37:25.913527+00,
18868e92-db81-4bda-98dd-48723a68a51e,SC,Guaramirim,f,0,,0,2025-12-19 20:37:25.913527+00,
70bfdaa0-7e91-40a8-9265-8085f2102eeb,SC,Guarujá do Sul,f,0,,0,2025-12-19 20:37:25.913527+00,
cecfbee1-d4f6-480a-86e5-8bc94f030acb,SC,Guatambú,f,0,,0,2025-12-19 20:37:25.913527+00,
22c3ceb2-2d2b-473f-8bcf-64567ee7d5f4,SC,Herval d'Oeste,f,0,,0,2025-12-19 20:37:25.913527+00,
40dc3828-ead0-444e-b557-bf250669b4ce,SC,Ibiam,f,0,,0,2025-12-19 20:37:25.913527+00,
8a3507bd-a7a6-46a7-b2e9-3626bfb286c3,SC,Ibicaré,f,0,,0,2025-12-19 20:37:25.913527+00,
11cf4b11-c8f2-4146-82f7-cf8d8dc8896e,SC,Ibirama,f,0,,0,2025-12-19 20:37:25.913527+00,
85028292-0710-4e2a-b401-78a8206f24d3,SC,Içara,f,0,,0,2025-12-19 20:37:25.913527+00,
7d8a10ad-2e39-4c9c-85d1-8212549e564a,SC,Ilhota,f,0,,0,2025-12-19 20:37:25.913527+00,
ecfaeff3-f2af-45fe-a908-eacc56173a34,SC,Imaruí,f,0,,0,2025-12-19 20:37:25.913527+00,
912a91c0-2b38-47ed-90a9-b03debc5f340,SC,Imbituba,f,0,,0,2025-12-19 20:37:25.913527+00,
52550721-bca2-442e-9bc0-0cce325217bf,SC,Imbuia,f,0,,0,2025-12-19 20:37:25.913527+00,
4e59a480-f11c-491f-a5b6-34952b2f3687,SC,Indaial,f,0,,0,2025-12-19 20:37:25.913527+00,
91648de0-8ae3-4e8a-b291-a3de5de71e46,SC,Iomerê,f,0,,0,2025-12-19 20:37:25.913527+00,
26d36915-5675-45dd-8b8c-2bd9cbcdf48f,SC,Ipira,f,0,,0,2025-12-19 20:37:25.913527+00,
85d1f4d1-311a-4dc3-8aa1-dc75308052f2,SC,Iporã do Oeste,f,0,,0,2025-12-19 20:37:25.913527+00,
60383769-7099-454a-a916-b826aa75698a,SC,Ipuaçu,f,0,,0,2025-12-19 20:37:25.913527+00,
20b18022-ec6e-4c2d-a21e-c08a5a0d6e2d,SC,Ipumirim,f,0,,0,2025-12-19 20:37:25.913527+00,
1db90b46-ccf6-4b0a-9856-70dc52899b16,SC,Iraceminha,f,0,,0,2025-12-19 20:37:25.913527+00,
3c221a65-05b8-46e3-a6c0-24dab066b1ee,SC,Irani,f,0,,0,2025-12-19 20:37:25.913527+00,
94db7938-a0f6-4130-bf00-3d1d28b4edc8,SC,Irati,f,0,,0,2025-12-19 20:37:25.913527+00,
59f2ddef-c695-45aa-a269-e18f27aee7b6,SC,Irineópolis,f,0,,0,2025-12-19 20:37:25.913527+00,
1956cb22-0d5d-47a5-af46-653f5be74bc6,SC,Itá,f,0,,0,2025-12-19 20:37:25.913527+00,
0c40dddc-09a2-4074-be2b-ad88742b6fa9,SC,Itaiópolis,f,0,,0,2025-12-19 20:37:25.913527+00,
cba2d6a0-4cff-4da6-97f5-0c723a60e856,SC,Itajaí,f,0,,0,2025-12-19 20:37:25.913527+00,
d50e5048-d34e-4d66-8b19-9088e3059eac,SC,Itapema,f,0,,0,2025-12-19 20:37:25.913527+00,
22ee8d22-09f2-4bf3-b91a-62e6fd9e7204,SC,Itapiranga,f,0,,0,2025-12-19 20:37:25.913527+00,
f4dac669-889f-4dc6-aa24-0d96f1fc93dc,SC,Itapoá,f,0,,0,2025-12-19 20:37:25.913527+00,
376c18aa-2391-456c-aacc-4a41598c5d76,SC,Ituporanga,f,0,,0,2025-12-19 20:37:25.913527+00,
d07d5f0e-7834-4fd7-a86f-45173e0b2ec5,SC,Jaborá,f,0,,0,2025-12-19 20:37:25.913527+00,
720ee0ce-c578-40b3-a8ab-40b1843969eb,SC,Jacinto Machado,f,0,,0,2025-12-19 20:37:25.913527+00,
8b6a5b1d-92a9-4dc1-8138-1ac0d004b487,SC,Jaguaruna,f,0,,0,2025-12-19 20:37:25.913527+00,
0287f180-343f-43fc-9417-8e17dfe0457b,SC,Jaraguá do Sul,f,0,,0,2025-12-19 20:37:25.913527+00,
407a6853-2027-4e93-8f41-f4a2657f0196,SC,Jardinópolis,f,0,,0,2025-12-19 20:37:25.913527+00,
74662f6a-75df-4347-bfa0-19266a6caa97,SC,Joaçaba,f,0,,0,2025-12-19 20:37:25.913527+00,
218af7c4-7bda-4545-bd70-3db6665d2082,SC,Joinville,f,0,,0,2025-12-19 20:37:25.913527+00,
c3d44ff1-c53d-452f-be5b-123425d7cc9d,SC,José Boiteux,f,0,,0,2025-12-19 20:37:25.913527+00,
fe674936-9c96-4f51-b8fb-400a2110d39e,SC,Jupiá,f,0,,0,2025-12-19 20:37:25.913527+00,
d78bcf0a-0eb3-4f65-ba03-ecfdba192ca5,SC,Lacerdópolis,f,0,,0,2025-12-19 20:37:25.913527+00,
5d5baba0-aa42-4840-ac9c-33223363866e,SC,Lages,f,0,,0,2025-12-19 20:37:25.913527+00,
ba344535-ce87-4558-9fe9-85ef1f6ac139,SC,Laguna,f,0,,0,2025-12-19 20:37:25.913527+00,
1177c2ca-397a-4110-b897-7366ca7c82ff,SC,Lajeado Grande,f,0,,0,2025-12-19 20:37:25.913527+00,
d681c250-9603-42b3-b1fb-20da6f02e620,SC,Laurentino,f,0,,0,2025-12-19 20:37:25.913527+00,
c15d9fe1-f6eb-46f9-92c0-33e57717d638,SC,Lauro Müller,f,0,,0,2025-12-19 20:37:25.913527+00,
a191affa-d1d7-47b7-b58c-755562dc6f3f,SC,Lebon Régis,f,0,,0,2025-12-19 20:37:25.913527+00,
b45211b9-4bf2-4abb-b769-82bb280380fe,SC,Leoberto Leal,f,0,,0,2025-12-19 20:37:25.913527+00,
72c96c7c-1dfa-4bbd-8cf7-494b44e8a1d2,SC,Lindóia do Sul,f,0,,0,2025-12-19 20:37:25.913527+00,
a7d91b61-8fe0-4e42-b3a5-f759b0246e41,SC,Lontras,f,0,,0,2025-12-19 20:37:25.913527+00,
ad9d1495-4e2d-48f4-a718-c5036d675f33,SC,Luiz Alves,f,0,,0,2025-12-19 20:37:25.913527+00,
20d5f799-b4fd-43aa-8b98-f21c1846d68c,SC,Luzerna,f,0,,0,2025-12-19 20:37:25.913527+00,
5ec6911a-b8a0-4849-966e-90e05b2bbabe,SC,Macieira,f,0,,0,2025-12-19 20:37:25.913527+00,
b53a075e-861e-40d0-999e-5fb0d7f395f8,SC,Mafra,f,0,,0,2025-12-19 20:37:25.913527+00,
8ec7df38-b5e6-4d0b-b293-4c626204ede4,SC,Major Gercino,f,0,,0,2025-12-19 20:37:25.913527+00,
f1a69920-34b2-4ae9-8b30-66901d997bb6,SC,Major Vieira,f,0,,0,2025-12-19 20:37:25.913527+00,
42893d02-726a-417b-a922-06300ed2d5a1,SC,Maracajá,f,0,,0,2025-12-19 20:37:25.913527+00,
1bd54170-cdd7-4b11-8f45-80f0091ea2ef,SC,Maravilha,f,0,,0,2025-12-19 20:37:25.913527+00,
fb2d85b4-de71-4842-989f-661382c8ed49,SC,Marema,f,0,,0,2025-12-19 20:37:25.913527+00,
5d5de98c-cc89-4899-a7f3-a961b987fa6d,SC,Massaranduba,f,0,,0,2025-12-19 20:37:25.913527+00,
2db42ef1-93d3-4da3-9200-14a94401469b,SC,Matos Costa,f,0,,0,2025-12-19 20:37:25.913527+00,
599306a8-7bc2-425f-8800-949bf2d7c285,SC,Meleiro,f,0,,0,2025-12-19 20:37:25.913527+00,
2ef545b4-2510-4ab1-b6ad-7b75f99ab0f4,SC,Mirim Doce,f,0,,0,2025-12-19 20:37:25.913527+00,
f74dea82-6971-4349-ae71-2dcecfe3d415,SC,Modelo,f,0,,0,2025-12-19 20:37:25.913527+00,
a38c61ab-7a25-468c-978d-c73259447525,SC,Mondaí,f,0,,0,2025-12-19 20:37:25.913527+00,
c8ede06b-c0d9-4773-80e8-4bb09a8555a5,SC,Monte Carlo,f,0,,0,2025-12-19 20:37:25.913527+00,
300d0d1f-0679-4c81-bfd3-b593c8b9d199,SC,Monte Castelo,f,0,,0,2025-12-19 20:37:25.913527+00,
3b25aa8d-9c0e-4fd2-b99f-7127f749768c,SC,Morro da Fumaça,f,0,,0,2025-12-19 20:37:25.913527+00,
e8ff91be-a11e-4b7f-8f9c-702ac373175b,SC,Morro Grande,f,0,,0,2025-12-19 20:37:25.913527+00,
3f252356-0897-4b24-a8db-a4f8d352f876,SC,Navegantes,f,0,,0,2025-12-19 20:37:25.913527+00,
e16106a9-7b46-4437-b65a-51eeaf241535,SC,Nova Erechim,f,0,,0,2025-12-19 20:37:25.913527+00,
64dbf053-b508-42c3-b883-a1cdfd5fa548,SC,Nova Itaberaba,f,0,,0,2025-12-19 20:37:25.913527+00,
d2894e47-20dc-402b-a7e6-13ddd098d71b,RS,Guaíba,f,0,,0,2025-12-19 20:37:25.485521+00,
8dbe57dc-888a-4beb-8800-8e32b1f18a21,RS,Guaporé,f,0,,0,2025-12-19 20:37:25.485521+00,
239e54c7-4060-45a8-857b-f5f76f9db440,RS,Guarani das Missões,f,0,,0,2025-12-19 20:37:25.485521+00,
8b1a503f-efbf-4971-bdd9-efb72569f2aa,RS,Harmonia,f,0,,0,2025-12-19 20:37:25.485521+00,
bdbe30dc-0126-4a56-b421-239e78425835,RS,Herval,f,0,,0,2025-12-19 20:37:25.485521+00,
13a038ae-0623-4c2d-80b9-d67226ae1be8,RS,Herveiras,f,0,,0,2025-12-19 20:37:25.485521+00,
a4a5f369-8229-4950-99ad-a0aef8e5588f,RS,Horizontina,f,0,,0,2025-12-19 20:37:25.485521+00,
a98cd50b-f945-4b09-8644-3b3ada8f8ae7,RS,Hulha Negra,f,0,,0,2025-12-19 20:37:25.485521+00,
a09f360b-780a-4a6c-8f52-dcb10dccd7ba,RS,Humaitá,f,0,,0,2025-12-19 20:37:25.485521+00,
de0a4f3d-b374-4666-92fc-a2036859e488,RS,Ibarama,f,0,,0,2025-12-19 20:37:25.485521+00,
6393bee0-7a44-4da8-bd49-0f21993f1282,RS,Ibiaçá,f,0,,0,2025-12-19 20:37:25.485521+00,
3a1e4bb5-a505-4154-a63f-9baaefcf7990,RS,Ibiraiaras,f,0,,0,2025-12-19 20:37:25.485521+00,
5df3a4ce-0544-43d9-8214-70f4f5fa8301,RS,Ibirapuitã,f,0,,0,2025-12-19 20:37:25.485521+00,
cc34961f-fec2-4490-aeef-8eb7fd2a1f71,RS,Ibirubá,f,0,,0,2025-12-19 20:37:25.485521+00,
8c7f5789-9099-4e7a-ac02-5b2fc7d55a42,RS,Igrejinha,f,0,,0,2025-12-19 20:37:25.485521+00,
3cc89528-18db-4a87-ad0d-12b9656c886e,RS,Ijuí,f,0,,0,2025-12-19 20:37:25.485521+00,
db0194b1-5e8a-4908-8008-ebb94c74c5b9,RS,Ilópolis,f,0,,0,2025-12-19 20:37:25.485521+00,
e944ddc0-4152-48d1-a730-b22662245807,RS,Imbé,f,0,,0,2025-12-19 20:37:25.485521+00,
afc6a16f-424b-4680-83f7-ecf69596ac66,RS,Imigrante,f,0,,0,2025-12-19 20:37:25.485521+00,
60f512a4-a52b-48e5-838b-98b2189bb650,RS,Independência,f,0,,0,2025-12-19 20:37:25.485521+00,
feecafae-6034-4ff4-b251-74cb85e5392b,RS,Inhacorá,f,0,,0,2025-12-19 20:37:25.485521+00,
fce3cad8-a95d-49f1-9ceb-fdec1fcbe04c,RS,Ipê,f,0,,0,2025-12-19 20:37:25.485521+00,
20a041a2-f7d2-4a4b-84bf-427c76f8e142,RS,Ipiranga do Sul,f,0,,0,2025-12-19 20:37:25.485521+00,
5c253b27-d276-4609-a1e0-4c61345705e5,RS,Iraí,f,0,,0,2025-12-19 20:37:25.485521+00,
26c00085-a6bb-40ce-9b77-92577806007e,RS,Itaara,f,0,,0,2025-12-19 20:37:25.485521+00,
6f79ca40-98ac-406a-80bc-f3f42dfa5889,RS,Itacurubi,f,0,,0,2025-12-19 20:37:25.485521+00,
97d66bbc-c00f-46e0-8961-51fdb3c0f5dc,RS,Itapuca,f,0,,0,2025-12-19 20:37:25.485521+00,
69b30e0c-ed04-475e-88ad-b3e1c8e09f14,RS,Itaqui,f,0,,0,2025-12-19 20:37:25.485521+00,
59e0c477-c860-4e9d-b424-157eb663f172,RS,Itati,f,0,,0,2025-12-19 20:37:25.485521+00,
4a80a513-8347-4d60-b229-6ea0b0f1e54a,RS,Itatiba do Sul,f,0,,0,2025-12-19 20:37:25.485521+00,
a3286cd5-60e2-4a79-aa16-d576bdcad34c,RS,Ivorá,f,0,,0,2025-12-19 20:37:25.485521+00,
c5407eec-1218-4c64-9ba9-6b1192fdb5a2,RS,Ivoti,f,0,,0,2025-12-19 20:37:25.485521+00,
907953b1-abfc-484d-bb78-fed47fc6a3de,RS,Jaboticaba,f,0,,0,2025-12-19 20:37:25.485521+00,
a2b937c4-b975-4eba-b981-eafeb7a84b2c,RS,Jacuizinho,f,0,,0,2025-12-19 20:37:25.485521+00,
07af8b64-87f8-4d50-b274-99eab2381bb9,RS,Jacutinga,f,0,,0,2025-12-19 20:37:25.485521+00,
11748012-0cef-43b2-84a1-d8bbc154a95b,RS,Jaguarão,f,0,,0,2025-12-19 20:37:25.485521+00,
6216698c-1bdc-4ad2-90a1-d73ea96ec06d,RS,Jaguari,f,0,,0,2025-12-19 20:37:25.485521+00,
30b17858-5405-4a8c-bce8-87bcaf352c5c,RS,Jaquirana,f,0,,0,2025-12-19 20:37:25.485521+00,
fcc46dd6-6c21-4446-8ada-a4f2ec5c36e4,RS,Jari,f,0,,0,2025-12-19 20:37:25.485521+00,
74199e85-7ad2-48f7-b318-1efae44cd6b0,RS,Jóia,f,0,,0,2025-12-19 20:37:25.485521+00,
c9ee41f4-35a7-4a7f-a419-ed9ec4b2aa56,RS,Júlio de Castilhos,f,0,,0,2025-12-19 20:37:25.485521+00,
6db795fc-ac0d-42ce-b324-34b3ae0e9a15,RS,Lagoa Bonita do Sul,f,0,,0,2025-12-19 20:37:25.485521+00,
dd5fa23d-2fe8-48e8-9d76-5cfa71d2232b,RS,Lagoa dos Três Cantos,f,0,,0,2025-12-19 20:37:25.485521+00,
925c0300-e3f6-4653-85ea-cdb0d11daeee,RS,Lagoa Vermelha,f,0,,0,2025-12-19 20:37:25.485521+00,
c80d8ae5-d6a2-474f-a0d8-fdd18727b55a,RS,Lagoão,f,0,,0,2025-12-19 20:37:25.485521+00,
358e88af-8d5d-4ab8-ab63-39ccc8c21328,RS,Lajeado,f,0,,0,2025-12-19 20:37:25.485521+00,
720fe35b-9682-45ad-94fc-d5ebc9385f1c,RS,Lajeado do Bugre,f,0,,0,2025-12-19 20:37:25.485521+00,
f6c2b788-5fb4-47fc-81d0-f9eb5448d7e6,RS,Lavras do Sul,f,0,,0,2025-12-19 20:37:25.485521+00,
04be2dcb-6610-47bd-aaee-6696ae22c4cf,RS,Liberato Salzano,f,0,,0,2025-12-19 20:37:25.485521+00,
5a566aaf-92c8-452c-a808-6fa59aa0042e,RS,Lindolfo Collor,f,0,,0,2025-12-19 20:37:25.485521+00,
c1c29f6e-48b0-4d63-9558-a5b7c309dc2b,RS,Linha Nova,f,0,,0,2025-12-19 20:37:25.485521+00,
b37f553c-60d7-48b1-8664-43ece0dc83ca,RS,Machadinho,f,0,,0,2025-12-19 20:37:25.485521+00,
baa3e7d7-b4c5-428c-afa2-36bf72766ca1,RS,Maçambará,f,0,,0,2025-12-19 20:37:25.485521+00,
89e6a8a7-fb23-4b36-9578-7df7632c45fe,RS,Mampituba,f,0,,0,2025-12-19 20:37:25.485521+00,
318b47db-117c-4a0b-b03f-9a84538d855a,RS,Manoel Viana,f,0,,0,2025-12-19 20:37:25.485521+00,
70465199-ecb0-4d2b-b743-a4b4ade816dc,RS,Maquiné,f,0,,0,2025-12-19 20:37:25.485521+00,
8ebc8830-7694-428c-8ca0-ee85d15bbb49,RS,Maratá,f,0,,0,2025-12-19 20:37:25.485521+00,
ce432209-f816-4826-a6b8-fe6aacd66475,RS,Marau,f,0,,0,2025-12-19 20:37:25.485521+00,
a8d5ff88-b906-4560-8503-6cea50cdcb87,RS,Marcelino Ramos,f,0,,0,2025-12-19 20:37:25.485521+00,
3d4f5758-3585-4ce4-bc73-fb211d560be6,RS,Mariana Pimentel,f,0,,0,2025-12-19 20:37:25.485521+00,
90f18f40-7a82-423f-8272-0bcca8dbbc64,RS,Mariano Moro,f,0,,0,2025-12-19 20:37:25.485521+00,
c117ec7f-2df1-4771-b7fe-02b5fe06e797,RS,Marques de Souza,f,0,,0,2025-12-19 20:37:25.485521+00,
573fa2f9-1a5e-47ce-a9f8-b65e3a392a11,RS,Mata,f,0,,0,2025-12-19 20:37:25.485521+00,
e93fa7ff-ab5e-4bc5-a377-0652bf769915,RS,Mato Castelhano,f,0,,0,2025-12-19 20:37:25.485521+00,
fa6dc4a3-62ba-4642-972f-3c8dd85932b1,RS,Mato Leitão,f,0,,0,2025-12-19 20:37:25.485521+00,
e305383c-0bcc-4c61-bd12-7c9c60850eaa,RS,Mato Queimado,f,0,,0,2025-12-19 20:37:25.485521+00,
f7192bff-95b6-403f-890d-7d91fc8d757a,RS,Maximiliano de Almeida,f,0,,0,2025-12-19 20:37:25.485521+00,
e77780d2-221c-42af-9ff0-fe2e1765e1f0,RS,Minas do Leão,f,0,,0,2025-12-19 20:37:25.485521+00,
8e86bc29-64e6-412f-9d3d-597abdad64f7,RS,Miraguaí,f,0,,0,2025-12-19 20:37:25.485521+00,
f0f94b54-2ef2-44a9-b21c-c0bb7a1c2266,RS,Montauri,f,0,,0,2025-12-19 20:37:25.485521+00,
807059f7-3185-4e2a-9d64-e6a2f3d62e92,RS,Monte Alegre dos Campos,f,0,,0,2025-12-19 20:37:25.485521+00,
6360d427-26aa-45a0-9f11-a657b14f70b7,RS,Monte Belo do Sul,f,0,,0,2025-12-19 20:37:25.485521+00,
39c14c5f-34ce-4517-afd1-c86bda36f2f6,RS,Montenegro,f,0,,0,2025-12-19 20:37:25.485521+00,
60f10a03-727c-4f66-a648-f0890554365d,RS,Mormaço,f,0,,0,2025-12-19 20:37:25.485521+00,
9685f2e0-f0d8-4863-ad3d-f88fb48d393b,RS,Morrinhos do Sul,f,0,,0,2025-12-19 20:37:25.485521+00,
6b527f20-8c8c-47f7-b950-0e14dc7b2af1,RS,Morro Redondo,f,0,,0,2025-12-19 20:37:25.485521+00,
ce4b3e3a-3cf8-4013-b561-a85b47e18c76,RS,Morro Reuter,f,0,,0,2025-12-19 20:37:25.485521+00,
500c5f17-3396-468c-a8de-ee03cd23c797,RS,Mostardas,f,0,,0,2025-12-19 20:37:25.485521+00,
52a0f342-cd47-468b-98f7-267337a83942,RS,Muçum,f,0,,0,2025-12-19 20:37:25.485521+00,
be8e7511-9d73-48d6-9175-e93f491b3f2a,RS,Muitos Capões,f,0,,0,2025-12-19 20:37:25.485521+00,
3d0033b2-4dc4-4c48-8086-835dedf5d62a,RS,Muliterno,f,0,,0,2025-12-19 20:37:25.485521+00,
82d2aeef-053b-42f2-8c75-f990f3ac1be1,RS,Não-Me-Toque,f,0,,0,2025-12-19 20:37:25.485521+00,
73172864-0aa2-478a-b401-20f48056a8c1,RS,Nicolau Vergueiro,f,0,,0,2025-12-19 20:37:25.485521+00,
5c562655-2d54-40d8-a91f-d25afb60d37b,RS,Nonoai,f,0,,0,2025-12-19 20:37:25.485521+00,
3edc886f-73bd-48de-9694-a272715afdb4,RS,Nova Alvorada,f,0,,0,2025-12-19 20:37:25.485521+00,
6f062ec3-4112-4a6c-9f93-c4b4595abc56,RS,Nova Araçá,f,0,,0,2025-12-19 20:37:25.485521+00,
36aa6604-ad4f-4a3e-a55a-71d8b19ad13e,RS,Nova Bassano,f,0,,0,2025-12-19 20:37:25.485521+00,
fabc20f4-e6be-4068-9203-82642f3099b4,RS,Nova Boa Vista,f,0,,0,2025-12-19 20:37:25.485521+00,
fcb8366a-2e78-4161-8754-770604a309c7,RS,Nova Bréscia,f,0,,0,2025-12-19 20:37:25.485521+00,
949d41dd-1ab3-4564-9e27-b5570c71b923,RS,Nova Candelária,f,0,,0,2025-12-19 20:37:25.485521+00,
5c73e223-b90b-4338-b99b-917b230ce199,RS,Nova Esperança do Sul,f,0,,0,2025-12-19 20:37:25.485521+00,
e69062a1-0768-4187-98a1-9a589a5f8dab,RS,Nova Hartz,f,0,,0,2025-12-19 20:37:25.485521+00,
11b4c4b0-0e01-43aa-8941-64ef05aa1706,RS,Nova Pádua,f,0,,0,2025-12-19 20:37:25.485521+00,
1a318f8d-9950-4b25-8698-eed4321fc2ea,RS,Nova Palma,f,0,,0,2025-12-19 20:37:25.485521+00,
a6c18bcb-6e43-4742-97a1-d2ae4b07ba92,RS,Nova Petrópolis,f,0,,0,2025-12-19 20:37:25.485521+00,
db4aa762-ff2c-470d-ae33-90044f2991f5,RS,Nova Prata,f,0,,0,2025-12-19 20:37:25.485521+00,
ecd55211-91e4-4c81-a3c1-ae768f4bcf7b,RS,Nova Ramada,f,0,,0,2025-12-19 20:37:25.485521+00,
13fae7ad-9e52-4227-a5d0-726bdeb4bc8c,RS,Nova Roma do Sul,f,0,,0,2025-12-19 20:37:25.485521+00,
86fad544-1925-4b82-8255-cc82036be0ad,RS,Nova Santa Rita,f,0,,0,2025-12-19 20:37:25.485521+00,
db176988-34b0-4fb0-852f-17ad001ee5e3,RS,Novo Barreiro,f,0,,0,2025-12-19 20:37:25.485521+00,
c8f17c18-d883-431f-831e-ba5b7dd7ae17,RS,Novo Cabrais,f,0,,0,2025-12-19 20:37:25.485521+00,
2023e2e1-a146-4967-81f6-c6300fcd3e70,RS,Novo Hamburgo,f,0,,0,2025-12-19 20:37:25.485521+00,
ee75224c-c6f7-4350-be39-33f7fe72ef96,RS,Novo Machado,f,0,,0,2025-12-19 20:37:25.485521+00,
bc058e09-28a0-48f8-9315-4b8843f9ef64,RS,Novo Tiradentes,f,0,,0,2025-12-19 20:37:25.485521+00,
eb7d6bd4-07d5-4344-bff1-03bdb365b279,RS,Novo Xingu,f,0,,0,2025-12-19 20:37:25.485521+00,
ba74f1d7-d536-41f1-b88a-f0a33afc5d7a,RS,Osório,f,0,,0,2025-12-19 20:37:25.485521+00,
1ba38129-ed52-4796-b7a6-84536d4da7d8,RS,Paim Filho,f,0,,0,2025-12-19 20:37:25.485521+00,
6f87d663-dd1b-4224-bd35-2a5a09c8f36c,RS,Palmares do Sul,f,0,,0,2025-12-19 20:37:25.485521+00,
38ca80cb-8467-4535-a635-7b6b64d072f0,RS,Palmeira das Missões,f,0,,0,2025-12-19 20:37:25.485521+00,
2c7ea3ab-39a4-453a-a897-b620b56cf6e7,RS,Palmitinho,f,0,,0,2025-12-19 20:37:25.485521+00,
4fd1c9f0-3569-478f-b419-6b52e928ae54,RS,Panambi,f,0,,0,2025-12-19 20:37:25.485521+00,
e296be32-1e1f-4961-b86b-7b4a6bf05cc1,RS,Pântano Grande,f,0,,0,2025-12-19 20:37:25.485521+00,
00dc22b3-1bd3-4657-997f-cdb6bdb00085,RS,Paraí,f,0,,0,2025-12-19 20:37:25.485521+00,
dfdc2699-1dc7-42a1-b011-830924ef601e,RS,Paraíso do Sul,f,0,,0,2025-12-19 20:37:25.485521+00,
50939dc1-fde7-40a6-8947-a66ccc2055c4,RS,Pareci Novo,f,0,,0,2025-12-19 20:37:25.485521+00,
be1f9f6c-e418-4183-b479-f2c1b95e9fce,RS,Parobé,f,0,,0,2025-12-19 20:37:25.485521+00,
076afd53-c4d9-4dc5-a282-e1208f28b209,RS,Passa Sete,f,0,,0,2025-12-19 20:37:25.485521+00,
5be415d3-0c2e-4b77-a791-dc5c0e068d8e,RS,Passo do Sobrado,f,0,,0,2025-12-19 20:37:25.485521+00,
ae219487-13ae-4d23-8510-fea919310fa2,RS,Passo Fundo,f,0,,0,2025-12-19 20:37:25.485521+00,
abaae9c6-efb8-4e24-abef-478df6a97c73,RS,Paulo Bento,f,0,,0,2025-12-19 20:37:25.485521+00,
c4a46ec1-6bf2-4b36-836a-dae6c5d0b51f,RS,Paverama,f,0,,0,2025-12-19 20:37:25.485521+00,
b1951528-ec9e-43c4-b57b-a1cb0eefe56d,RS,Pedras Altas,f,0,,0,2025-12-19 20:37:25.485521+00,
c30ee955-20eb-4c3c-86d1-983453f6a917,RS,Pedro Osório,f,0,,0,2025-12-19 20:37:25.485521+00,
a55c1dae-d651-4146-829b-03364458005c,RS,Pejuçara,f,0,,0,2025-12-19 20:37:25.485521+00,
a5b5e20e-5162-43b3-a03a-9f02611505c0,RS,Pelotas,f,0,,0,2025-12-19 20:37:25.485521+00,
e91a4fab-5efb-4163-a15f-b3e788afb6bb,RS,Picada Café,f,0,,0,2025-12-19 20:37:25.485521+00,
9dee95ae-5f63-4d9c-9afe-a14c1464a5e9,RS,Pinhal,f,0,,0,2025-12-19 20:37:25.485521+00,
68ca3a72-38bb-4de8-8119-2778d3ae47de,RS,Pinhal da Serra,f,0,,0,2025-12-19 20:37:25.485521+00,
6ed67fb0-6f27-4be3-98d1-5862cbff3af3,RS,Pinhal Grande,f,0,,0,2025-12-19 20:37:25.485521+00,
0d34a4d1-7b74-49b3-98a0-a5b397395457,RS,Pinheirinho do Vale,f,0,,0,2025-12-19 20:37:25.485521+00,
565a389a-87d5-4460-8817-76080c691340,RS,Pinheiro Machado,f,0,,0,2025-12-19 20:37:25.485521+00,
50c00155-5462-4931-8f59-41f1b9056007,RS,Pinto Bandeira,f,0,,0,2025-12-19 20:37:25.485521+00,
fa4923d8-f5ef-41c4-8d4c-18e8482f081d,RS,Pirapó,f,0,,0,2025-12-19 20:37:25.485521+00,
dc85943d-f643-404b-ae75-04d9dbf21694,RS,Piratini,f,0,,0,2025-12-19 20:37:25.485521+00,
54a9f2c2-7fa2-496a-9037-98abae25cc16,RS,Planalto,f,0,,0,2025-12-19 20:37:25.485521+00,
219b4afa-2888-4d86-9d09-47eff8367683,RS,Poço das Antas,f,0,,0,2025-12-19 20:37:25.485521+00,
eecf0d44-1779-452f-8f40-d3079173c930,RS,Pontão,f,0,,0,2025-12-19 20:37:25.485521+00,
7941f55f-6d96-46f3-af69-493049bc185f,RS,Ponte Preta,f,0,,0,2025-12-19 20:37:25.485521+00,
c4d6a4c6-6069-45f2-9ac6-f8bc137cfd64,RS,Portão,f,0,,0,2025-12-19 20:37:25.485521+00,
8d70f8cd-e3e2-483c-bbd5-317bb0d8d993,RS,Porto Alegre,f,0,,0,2025-12-19 20:37:25.485521+00,
60d2b995-06ca-4948-b162-ae52c879e260,RS,Porto Lucena,f,0,,0,2025-12-19 20:37:25.485521+00,
afdd9316-cd60-4557-87ea-9ff63da7a4f0,RS,Porto Mauá,f,0,,0,2025-12-19 20:37:25.485521+00,
11af84c3-0edc-4026-bd34-7ed9615380df,RS,Porto Vera Cruz,f,0,,0,2025-12-19 20:37:25.485521+00,
8d310a1e-9178-4377-97b0-df4fb952c088,RS,Porto Xavier,f,0,,0,2025-12-19 20:37:25.485521+00,
6f879ab2-38a2-479c-8b00-957128070a90,RS,Pouso Novo,f,0,,0,2025-12-19 20:37:25.485521+00,
8309288f-8328-4d0f-947a-9d71b35c2a52,RS,Presidente Lucena,f,0,,0,2025-12-19 20:37:25.485521+00,
6158af47-19ba-4165-9eac-6a13fa6e182a,RS,Progresso,f,0,,0,2025-12-19 20:37:25.485521+00,
5c0fd74d-b79b-43df-b622-a047ce286f99,RS,Protásio Alves,f,0,,0,2025-12-19 20:37:25.485521+00,
74648007-5543-49b4-8359-773dbe461666,RS,Putinga,f,0,,0,2025-12-19 20:37:25.485521+00,
fd528edb-7e0a-4eae-9816-0e5d0ffdbf80,RS,Quaraí,f,0,,0,2025-12-19 20:37:25.485521+00,
6257ee25-7a33-40a1-8082-b6da4c6e7faf,RS,Quatro Irmãos,f,0,,0,2025-12-19 20:37:25.485521+00,
dd7bfa56-854c-4601-9c85-b8af504c9c19,RS,Quevedos,f,0,,0,2025-12-19 20:37:25.485521+00,
cf85f55e-1188-48ed-b636-3570eb4456a7,RS,Quinze de Novembro,f,0,,0,2025-12-19 20:37:25.485521+00,
03c425d0-abac-4334-8646-feb567989f2f,RS,Redentora,f,0,,0,2025-12-19 20:37:25.485521+00,
57abef36-804b-4919-b76b-81521cee4228,RS,Relvado,f,0,,0,2025-12-19 20:37:25.485521+00,
02d48396-f163-4a4d-b61e-2a9d3820b06e,RS,Restinga Sêca,f,0,,0,2025-12-19 20:37:25.485521+00,
7cf79e41-2eb5-4878-bc22-1f1fa3b98dea,RS,Rio dos Índios,f,0,,0,2025-12-19 20:37:25.485521+00,
b570da83-e7ca-438b-87f3-d846a9baf2b7,RS,Rio Grande,f,0,,0,2025-12-19 20:37:25.485521+00,
5908a3a3-5844-4653-a8fd-0e8540146381,RS,Rio Pardo,f,0,,0,2025-12-19 20:37:25.485521+00,
23833a18-f14f-425e-985d-78c7117b35b5,RS,Riozinho,f,0,,0,2025-12-19 20:37:25.485521+00,
6aa3bf0c-997e-4ed6-9f91-480046773000,RS,Roca Sales,f,0,,0,2025-12-19 20:37:25.485521+00,
2391995b-1489-4305-9ad5-8db66d79468f,RS,Rodeio Bonito,f,0,,0,2025-12-19 20:37:25.485521+00,
b12c66d7-9b95-44d8-97cb-1de74c78f503,RS,Rolador,f,0,,0,2025-12-19 20:37:25.485521+00,
249ff167-12cd-439b-b24b-da0a8f37d69e,RS,Rolante,f,0,,0,2025-12-19 20:37:25.485521+00,
258dbea3-f1e2-4a54-8901-a7c8672a2286,RS,Ronda Alta,f,0,,0,2025-12-19 20:37:25.485521+00,
363ab24f-d2af-4c25-bb53-6974d6f67922,RS,Rondinha,f,0,,0,2025-12-19 20:37:25.485521+00,
8e822776-144f-459e-a9c9-71dc1b6bf1c5,RS,Roque Gonzales,f,0,,0,2025-12-19 20:37:25.485521+00,
978fb171-d2fb-4c55-bf9f-b1911721a903,RS,Rosário do Sul,f,0,,0,2025-12-19 20:37:25.485521+00,
0fcc8ea7-746f-4b53-968a-aa72d76f1fc4,RS,Sagrada Família,f,0,,0,2025-12-19 20:37:25.485521+00,
f21af3d9-a968-4ef5-aff2-3ef00d3ae8c7,RS,Saldanha Marinho,f,0,,0,2025-12-19 20:37:25.485521+00,
3cd69716-de4a-43eb-9022-00570a54afd5,RS,Salto do Jacuí,f,0,,0,2025-12-19 20:37:25.485521+00,
a1fa78f6-5311-4b9a-b5e6-e6b7e98077e1,RS,Salvador das Missões,f,0,,0,2025-12-19 20:37:25.485521+00,
24137755-e499-4fce-883f-8fe63fbfa4c6,RS,Salvador do Sul,f,0,,0,2025-12-19 20:37:25.485521+00,
bc272b36-deb9-43b6-9251-2a763eee63f4,RS,Sananduva,f,0,,0,2025-12-19 20:37:25.485521+00,
9ba59005-2144-4194-968a-00ef7bc88f4c,RS,Santa Bárbara do Sul,f,0,,0,2025-12-19 20:37:25.485521+00,
aea52122-bab8-45b4-a5ec-ddbfa071d7a3,RS,Santa Cecília do Sul,f,0,,0,2025-12-19 20:37:25.485521+00,
2676b3d0-7353-49a1-8f7f-46b9fa80421f,RS,Santa Clara do Sul,f,0,,0,2025-12-19 20:37:25.485521+00,
d2e836b5-79c6-4d95-ab51-43e567d80158,RS,Santa Cruz do Sul,f,0,,0,2025-12-19 20:37:25.485521+00,
0e16782c-3835-49ba-a2da-65d67fca3a7f,RS,Santa Maria,f,0,,0,2025-12-19 20:37:25.485521+00,
11134a1c-fafe-4811-90b8-85d807089815,RS,Santa Maria do Herval,f,0,,0,2025-12-19 20:37:25.485521+00,
6102cbc7-8bd5-49de-ae0f-ad4ba2441077,RS,Santa Margarida do Sul,f,0,,0,2025-12-19 20:37:25.485521+00,
19a6c700-6e40-4273-b7ef-274eeb4a1f53,RS,Santana da Boa Vista,f,0,,0,2025-12-19 20:37:25.485521+00,
bcc3ea7d-fb7d-4433-850b-e694d524cdee,RS,Santana do Livramento,f,0,,0,2025-12-19 20:37:25.485521+00,
0de60f85-defa-4f3c-91ea-a7d25bef3424,RS,Santa Rosa,f,0,,0,2025-12-19 20:37:25.485521+00,
7a84835a-4241-423a-a31c-5eabed235edb,RS,Santa Tereza,f,0,,0,2025-12-19 20:37:25.485521+00,
464d26e5-564d-4225-b6a7-7c12e2f7cc6b,RS,Santa Vitória do Palmar,f,0,,0,2025-12-19 20:37:25.485521+00,
f07e9cc7-7621-41a7-b7ea-f870cfbde674,RS,Santiago,f,0,,0,2025-12-19 20:37:25.485521+00,
1f255d6b-dfe8-4dbc-a18a-cd79f9a67cc5,RS,Santo Ângelo,f,0,,0,2025-12-19 20:37:25.485521+00,
41935810-5241-4b7c-9128-7d96ad1d789a,RS,Santo Antônio da Patrulha,f,0,,0,2025-12-19 20:37:25.485521+00,
6a912eb9-f4ba-476a-83a1-04d53d73fe5c,RS,Santo Antônio das Missões,f,0,,0,2025-12-19 20:37:25.485521+00,
e1815dd0-2b5f-4531-a337-8a9490cbfa45,RS,Santo Antônio do Palma,f,0,,0,2025-12-19 20:37:25.485521+00,
69f57b6d-38f4-4274-8a26-5bc7d294d698,RS,Santo Antônio do Planalto,f,0,,0,2025-12-19 20:37:25.485521+00,
2c79a94e-b41a-4e17-8fca-4adb9b93c7e7,RS,Santo Augusto,f,0,,0,2025-12-19 20:37:25.485521+00,
72c34bf2-ae9b-41a1-bafb-270fbb8bc355,RS,Santo Cristo,f,0,,0,2025-12-19 20:37:25.485521+00,
3b4112a9-13b8-4792-96d9-008293005c5e,RS,Santo Expedito do Sul,f,0,,0,2025-12-19 20:37:25.485521+00,
13c40fae-afe1-4e2c-8a87-49bfb5406153,RS,São Borja,f,0,,0,2025-12-19 20:37:25.485521+00,
0f67eef8-7c30-4e06-a2b4-b9ca78c91580,RS,São Domingos do Sul,f,0,,0,2025-12-19 20:37:25.485521+00,
75074bf5-83ff-4460-ba11-17de5161a27d,RS,São Francisco de Assis,f,0,,0,2025-12-19 20:37:25.485521+00,
fbd04d35-f253-4ee6-918b-3853ff73021a,RS,São Francisco de Paula,f,0,,0,2025-12-19 20:37:25.485521+00,
8490cb41-b362-4eaf-9f88-4eaccdc6d619,RS,São Gabriel,f,0,,0,2025-12-19 20:37:25.485521+00,
1917e1b5-5010-4886-bf74-55388f049230,RS,São Jerônimo,f,0,,0,2025-12-19 20:37:25.485521+00,
aba178bd-7f02-4d8d-ad99-def86ca21acb,RS,São João da Urtiga,f,0,,0,2025-12-19 20:37:25.485521+00,
9f6f9924-6062-4db1-929f-5ed49ba63aa6,RS,São João do Polêsine,f,0,,0,2025-12-19 20:37:25.485521+00,
038e1dbc-4800-4841-90cd-7849326e8a2c,RS,São Jorge,f,0,,0,2025-12-19 20:37:25.485521+00,
089f8a60-7a9f-4771-87c0-d3000b9c4ae9,RS,São José das Missões,f,0,,0,2025-12-19 20:37:25.485521+00,
03041d62-fdad-46c2-bd5b-def77b7767b2,RS,São José do Herval,f,0,,0,2025-12-19 20:37:25.485521+00,
5c78ba52-d93b-4834-a8ca-832d00b49fd0,RS,São José do Hortêncio,f,0,,0,2025-12-19 20:37:25.485521+00,
734ddba8-2816-4900-81b6-d3d3748bfa74,RS,São José do Inhacorá,f,0,,0,2025-12-19 20:37:25.485521+00,
81b5fb85-032e-4c9f-a7ea-7f6b7bf7217b,RS,São José do Norte,f,0,,0,2025-12-19 20:37:25.485521+00,
d36ec028-3838-4798-bd6f-2b9e17df93ff,RS,São José do Ouro,f,0,,0,2025-12-19 20:37:25.485521+00,
9ff28997-89e2-4297-ab2b-868fd0174a10,RS,São José do Sul,f,0,,0,2025-12-19 20:37:25.485521+00,
557724ea-529e-47e6-9b00-91eee58285f2,RS,São José dos Ausentes,f,0,,0,2025-12-19 20:37:25.485521+00,
5b658e64-5b76-483e-9db5-f74e3d788955,RS,São Leopoldo,f,0,,0,2025-12-19 20:37:25.485521+00,
952b3bd7-711b-40ee-9058-bd95104f723f,RS,São Lourenço do Sul,f,0,,0,2025-12-19 20:37:25.485521+00,
27d739d6-c25a-4458-8638-0c06d5dcccba,RS,São Luiz Gonzaga,f,0,,0,2025-12-19 20:37:25.485521+00,
24513ce2-db3f-4ac5-9886-f5e97d0d7ab5,RS,São Marcos,f,0,,0,2025-12-19 20:37:25.485521+00,
73cedfef-50b9-4a03-8ddf-aa82079ecc69,RS,São Martinho,f,0,,0,2025-12-19 20:37:25.485521+00,
0d1e1335-ad63-4edc-bb06-744b9facbe02,RS,São Martinho da Serra,f,0,,0,2025-12-19 20:37:25.485521+00,
291cc829-f141-4bb2-b1cd-6d1d4b8798f1,RS,São Miguel das Missões,f,0,,0,2025-12-19 20:37:25.485521+00,
cd19d8bf-a5d4-4179-bb55-2068ec33b683,RS,São Nicolau,f,0,,0,2025-12-19 20:37:25.485521+00,
06464a73-8101-4605-90e8-0f4d2fe06854,RS,São Paulo das Missões,f,0,,0,2025-12-19 20:37:25.485521+00,
03f7ff9b-e42c-4524-bb43-30c309266f10,RS,São Pedro da Serra,f,0,,0,2025-12-19 20:37:25.485521+00,
eb5c7db3-2289-4d90-8485-84bb8da79f23,RS,São Pedro das Missões,f,0,,0,2025-12-19 20:37:25.485521+00,
cbafdbd8-865f-4456-ba57-81534613e294,RS,São Pedro do Butiá,f,0,,0,2025-12-19 20:37:25.485521+00,
af2ab477-890d-4c04-b48c-153ab5d39f53,RS,São Pedro do Sul,f,0,,0,2025-12-19 20:37:25.485521+00,
54d1bb1a-2a07-4a47-b4b7-b669f0573405,RS,São Sebastião do Caí,f,0,,0,2025-12-19 20:37:25.485521+00,
4a5a174a-da3f-4bf1-88c5-d548e644a733,RS,São Sepé,f,0,,0,2025-12-19 20:37:25.485521+00,
234e80fd-6cfc-4fb5-a7cf-cd907abbd963,RS,São Valentim,f,0,,0,2025-12-19 20:37:25.485521+00,
c2f0c2c3-f8b6-46c2-b646-f8296d5e3e3a,RS,São Valentim do Sul,f,0,,0,2025-12-19 20:37:25.485521+00,
a72a8ac4-e033-4f26-8c6a-8c1731b9f6f6,RS,São Valério do Sul,f,0,,0,2025-12-19 20:37:25.485521+00,
dee69735-2e5f-47bc-8523-24ae5d1b5557,RS,São Vendelino,f,0,,0,2025-12-19 20:37:25.485521+00,
ed203340-cb7e-4b1f-851f-9333ecc1ffe7,RS,São Vicente do Sul,f,0,,0,2025-12-19 20:37:25.485521+00,
52f73f14-411a-491b-a23e-3d98708becfd,RS,Sapiranga,f,0,,0,2025-12-19 20:37:25.485521+00,
b4e3c50d-1150-4138-9f37-08ff540e4ab9,RS,Sapucaia do Sul,f,0,,0,2025-12-19 20:37:25.485521+00,
46f159ba-f86d-4342-bce6-7c6dbbb2aa6b,RS,Sarandi,f,0,,0,2025-12-19 20:37:25.485521+00,
92119eac-1ede-43e0-8b67-7d5959b71b36,RS,Seberi,f,0,,0,2025-12-19 20:37:25.485521+00,
894d59a7-9db5-4170-8acd-61c16cae5857,RS,Sede Nova,f,0,,0,2025-12-19 20:37:25.485521+00,
bd7d316b-0ce7-46ce-825f-121a6dc9cca9,RS,Segredo,f,0,,0,2025-12-19 20:37:25.485521+00,
847b0af5-ac65-4a49-b482-d0a252b20b9b,RS,Selbach,f,0,,0,2025-12-19 20:37:25.485521+00,
afcbd4ee-5e75-4c73-951b-bf489e9b4d1b,RS,Senador Salgado Filho,f,0,,0,2025-12-19 20:37:25.485521+00,
a946da64-2260-459b-a88e-52b99af2b084,RS,Sentinela do Sul,f,0,,0,2025-12-19 20:37:25.485521+00,
b68fd600-c9c4-49f4-a560-c8c7f1fb916a,RS,Serafina Corrêa,f,0,,0,2025-12-19 20:37:25.485521+00,
866aa5c2-8ecf-4b13-b6b8-9884e540a6da,RS,Sério,f,0,,0,2025-12-19 20:37:25.485521+00,
fa024b28-6696-4f34-bae3-b1ea92a5b66b,RS,Sertão,f,0,,0,2025-12-19 20:37:25.485521+00,
459bd3ca-827c-4240-9d6c-3aa5dd687784,RS,Sertão Santana,f,0,,0,2025-12-19 20:37:25.485521+00,
4c12765e-000c-42a7-b1e0-4cca3c819105,RS,Sete de Setembro,f,0,,0,2025-12-19 20:37:25.485521+00,
384bdce1-8abc-4bf7-94d6-4fd1dc920f9a,RS,Severiano de Almeida,f,0,,0,2025-12-19 20:37:25.485521+00,
7d657059-005d-4f8b-8939-37185821c71d,RS,Silveira Martins,f,0,,0,2025-12-19 20:37:25.485521+00,
017f3e35-7b04-48ac-96c7-6cb0fb171289,RS,Sinimbu,f,0,,0,2025-12-19 20:37:25.485521+00,
63ffed76-eac7-46e7-bc92-5a5dd3e415f2,RS,Sobradinho,f,0,,0,2025-12-19 20:37:25.485521+00,
d627d735-c341-4ba6-9370-dc6bb4a9498f,RS,Soledade,f,0,,0,2025-12-19 20:37:25.485521+00,
90d211d7-11b6-4313-b605-1c2b242ce787,RS,Tabaí,f,0,,0,2025-12-19 20:37:25.485521+00,
f7a8e055-a982-4084-8b34-31627a8d5ebc,RS,Tapejara,f,0,,0,2025-12-19 20:37:25.485521+00,
3cfdef88-b3a8-4a7b-8e64-ea7233338366,RS,Tapera,f,0,,0,2025-12-19 20:37:25.485521+00,
689d8ccf-92a8-4dd1-a787-793da06d1899,RS,Tapes,f,0,,0,2025-12-19 20:37:25.485521+00,
e918b1fa-a65b-4a0e-b2d4-663d95489673,RS,Taquara,f,0,,0,2025-12-19 20:37:25.485521+00,
42b6519b-4fff-49e9-8aca-2588fd487a80,RS,Taquari,f,0,,0,2025-12-19 20:37:25.485521+00,
5b81ba68-2d04-4d6f-822a-98cfd02465a9,RS,Taquaruçu do Sul,f,0,,0,2025-12-19 20:37:25.485521+00,
c1f6873f-7c0f-49a1-ac78-437cd29b0f6c,RS,Tavares,f,0,,0,2025-12-19 20:37:25.485521+00,
0bf2ef1a-25b0-4717-87c8-a2cf98ca907d,RS,Tenente Portela,f,0,,0,2025-12-19 20:37:25.485521+00,
8e48bf1d-f03e-4f5e-8936-d41decd20021,RS,Terra de Areia,f,0,,0,2025-12-19 20:37:25.485521+00,
1d0638c2-073a-4184-8f8d-38bfef3e655f,RS,Teutônia,f,0,,0,2025-12-19 20:37:25.485521+00,
a677e80f-f551-4781-9650-e5b5ea57308a,RS,Tio Hugo,f,0,,0,2025-12-19 20:37:25.485521+00,
6a25a8e8-93aa-4a8d-88d0-53d0daa782c4,RS,Tiradentes do Sul,f,0,,0,2025-12-19 20:37:25.485521+00,
ca9947cd-2f04-431d-aec8-c02fead0aac7,RS,Toropi,f,0,,0,2025-12-19 20:37:25.485521+00,
ebc9059e-3c3d-417d-9881-fbfcd7974311,RS,Torres,f,0,,0,2025-12-19 20:37:25.485521+00,
33cde599-add8-4d1f-be47-eb9a7df8b490,RS,Tramandaí,f,0,,0,2025-12-19 20:37:25.485521+00,
127ef877-eb07-4dff-93cf-b570e949558c,RS,Travesseiro,f,0,,0,2025-12-19 20:37:25.485521+00,
77ebbd8b-a8d4-4db7-a755-7af70623bdfb,RS,Três Arroios,f,0,,0,2025-12-19 20:37:25.485521+00,
1b3f432f-fed6-4d39-95d7-5deb8a5132b3,RS,Três Cachoeiras,f,0,,0,2025-12-19 20:37:25.485521+00,
2ec8b451-ad86-4610-801c-16bf1e1a3a14,RS,Três Coroas,f,0,,0,2025-12-19 20:37:25.485521+00,
b28e1d6a-2c60-4b8b-84d1-a2d48b40d75b,RS,Três de Maio,f,0,,0,2025-12-19 20:37:25.485521+00,
e7400c62-6058-4741-86d4-53a3ac2ece9c,RS,Três Forquilhas,f,0,,0,2025-12-19 20:37:25.485521+00,
3812946c-d027-4f85-b440-c3f8f19642dc,RS,Três Palmeiras,f,0,,0,2025-12-19 20:37:25.485521+00,
ab2bf184-4e32-4c96-bb35-1564a202db97,RS,Três Passos,f,0,,0,2025-12-19 20:37:25.485521+00,
3155c877-4aad-4da9-a4c4-7820e889d5dd,RS,Trindade do Sul,f,0,,0,2025-12-19 20:37:25.485521+00,
ea4ec506-cbe3-40ff-97f5-39d55c5827f4,RS,Triunfo,f,0,,0,2025-12-19 20:37:25.485521+00,
92b9dea9-fdb5-424c-9f96-73c418847155,RS,Tucunduva,f,0,,0,2025-12-19 20:37:25.485521+00,
a1fbfd98-0302-4a36-b903-a4cd6257b27d,RS,Tunas,f,0,,0,2025-12-19 20:37:25.485521+00,
4edfe387-e630-46f2-a97a-8fd9442eb243,RS,Tupanci do Sul,f,0,,0,2025-12-19 20:37:25.485521+00,
17a367d3-e0b2-4bfc-a514-043c6905a273,RS,Tupanciretã,f,0,,0,2025-12-19 20:37:25.485521+00,
cbb9d29d-e5db-4ef7-84db-0e75521ba568,RS,Tupandi,f,0,,0,2025-12-19 20:37:25.485521+00,
cef7ca59-782b-45f5-a439-0e17c109888f,RS,Tuparendi,f,0,,0,2025-12-19 20:37:25.485521+00,
d8cd40fb-7e3f-406e-904c-e2876d3af1e5,RS,Turuçu,f,0,,0,2025-12-19 20:37:25.485521+00,
0688b385-3519-4ff7-b0c6-20d319f970d2,RS,Ubiretama,f,0,,0,2025-12-19 20:37:25.485521+00,
84482660-6d89-4f19-80ad-0f2686a0687c,RS,União da Serra,f,0,,0,2025-12-19 20:37:25.485521+00,
13832d58-ab92-4750-8961-0adaaace73ba,RS,Unistalda,f,0,,0,2025-12-19 20:37:25.485521+00,
67f6144f-8927-4d5f-aac9-a4d5f11372d2,RS,Uruguaiana,f,0,,0,2025-12-19 20:37:25.485521+00,
f6932057-3b0b-4c80-9de0-7f6f813fc336,RS,Vacaria,f,0,,0,2025-12-19 20:37:25.485521+00,
9fbd1523-7eb1-42d5-a826-cdd928ef45c7,RS,Vale do Sol,f,0,,0,2025-12-19 20:37:25.485521+00,
1c0364dd-d2f8-4e2b-8612-79b36b5858b2,RS,Vale Real,f,0,,0,2025-12-19 20:37:25.485521+00,
bc445d98-8ebe-4ed6-9303-1f8cc78d4cd8,RS,Vale Verde,f,0,,0,2025-12-19 20:37:25.485521+00,
c6eaa962-9c8c-4125-8145-04a9d2019788,RS,Vanini,f,0,,0,2025-12-19 20:37:25.485521+00,
1dae06e8-f7be-4307-ba83-20923b6d646d,RS,Venâncio Aires,f,0,,0,2025-12-19 20:37:25.485521+00,
3ec0d74b-49d3-43c9-9b05-4ae413ea5e50,RS,Vera Cruz,f,0,,0,2025-12-19 20:37:25.485521+00,
b498e155-e89f-4bd1-ac05-443995627c91,RS,Veranópolis,f,0,,0,2025-12-19 20:37:25.485521+00,
c1da39b1-590b-4785-8a7d-d97d9e102e80,RS,Vespasiano Corrêa,f,0,,0,2025-12-19 20:37:25.485521+00,
8296fe18-a55c-4dd8-b982-9830948a0644,RS,Viadutos,f,0,,0,2025-12-19 20:37:25.485521+00,
5579806c-e874-4f80-9b61-4ddb26221183,RS,Viamão,f,0,,0,2025-12-19 20:37:25.485521+00,
00d97879-f314-4198-a841-f1235152b7e1,RS,Vicente Dutra,f,0,,0,2025-12-19 20:37:25.485521+00,
4bdf3b87-36d8-4094-9a68-296ddbd5bc47,RS,Victor Graeff,f,0,,0,2025-12-19 20:37:25.485521+00,
7829e147-37e8-4513-a2f9-1f6db7c73135,RS,Vila Flores,f,0,,0,2025-12-19 20:37:25.485521+00,
f44b2d86-d192-483f-b2bd-15d5d56af760,RS,Vila Lângaro,f,0,,0,2025-12-19 20:37:25.485521+00,
2f76acf6-e953-4197-ba65-3021d4191c33,RS,Vila Maria,f,0,,0,2025-12-19 20:37:25.485521+00,
cff67631-ae3e-4a04-a4d6-48550199cd99,RS,Vila Nova do Sul,f,0,,0,2025-12-19 20:37:25.485521+00,
1f9a7436-5c6f-434f-bf07-aff15f73e48f,RS,Vista Alegre,f,0,,0,2025-12-19 20:37:25.485521+00,
7dc6ba95-c458-47ac-80e1-09fbbffcea7c,RS,Vista Alegre do Prata,f,0,,0,2025-12-19 20:37:25.485521+00,
37eac555-25bf-4792-988b-762aab07a3b8,RS,Vista Gaúcha,f,0,,0,2025-12-19 20:37:25.485521+00,
6c38bdcc-9f56-4374-938a-0502f25f5cc6,RS,Vitória das Missões,f,0,,0,2025-12-19 20:37:25.485521+00,
86d71f55-03de-4202-ac53-8705792f07bb,RS,Westfalia,f,0,,0,2025-12-19 20:37:25.485521+00,
0fc5f26e-13cb-4ace-9420-2f5e270e4c00,RS,Xangri-lá,f,0,,0,2025-12-19 20:37:25.485521+00,
79a776c8-4eb2-4fbc-b604-69e66061e739,RO,Alta Floresta d'Oeste,f,0,,0,2025-12-19 20:37:25.485521+00,
73ec1c33-edab-44a1-afeb-6821a48e20d0,RO,Alto Alegre dos Parecis,f,0,,0,2025-12-19 20:37:25.485521+00,
5e5fb3bb-9b45-41fd-a60d-a78588c31c3d,RO,Alto Paraíso,f,0,,0,2025-12-19 20:37:25.485521+00,
a9673524-4965-46b6-b0ef-27c4fa60deb0,RO,Alvorada d'Oeste,f,0,,0,2025-12-19 20:37:25.485521+00,
081de635-c757-49f5-a1a1-464bb78a9b66,RO,Ariquemes,f,0,,0,2025-12-19 20:37:25.485521+00,
10e34f92-5000-4ae5-8859-b5d7eccb2765,RO,Buritis,f,0,,0,2025-12-19 20:37:25.485521+00,
90303189-f7f9-4834-ae10-047413c4ce51,RO,Cabixi,f,0,,0,2025-12-19 20:37:25.485521+00,
7ee869bf-0832-4176-b424-b7068c7c83aa,RO,Cacaulândia,f,0,,0,2025-12-19 20:37:25.485521+00,
3f245f02-7c17-4080-bb76-29d7f3083986,RO,Cacoal,f,0,,0,2025-12-19 20:37:25.485521+00,
9542be36-b6a2-489e-80c0-6981f42a107b,RO,Campo Novo de Rondônia,f,0,,0,2025-12-19 20:37:25.485521+00,
40bb0f31-4484-40c8-9c52-b40016a56a5f,RO,Candeias do Jamari,f,0,,0,2025-12-19 20:37:25.485521+00,
f2b51c1c-5091-4b31-bf54-0f24c4c7f071,RO,Castanheiras,f,0,,0,2025-12-19 20:37:25.485521+00,
e799dee5-4be4-4858-933a-707044da31f9,RO,Cerejeiras,f,0,,0,2025-12-19 20:37:25.485521+00,
6b444373-f9cb-4037-9adc-0962120610ce,RO,Chupinguaia,f,0,,0,2025-12-19 20:37:25.485521+00,
21255c2c-da26-42ff-9db1-b9c99a10e958,RO,Colorado do Oeste,f,0,,0,2025-12-19 20:37:25.485521+00,
fd82642e-0d32-47d2-b6a2-e0fdb91001c3,RO,Corumbiara,f,0,,0,2025-12-19 20:37:25.485521+00,
a4b0a624-5763-4b28-9405-1890a64ca0ed,RO,Costa Marques,f,0,,0,2025-12-19 20:37:25.485521+00,
f8b51561-2337-4fa7-b853-8c61fd519b2a,RO,Cujubim,f,0,,0,2025-12-19 20:37:25.485521+00,
e80a3027-131b-4947-81f9-0b72fe5c24c1,RO,Espigão d'Oeste,f,0,,0,2025-12-19 20:37:25.485521+00,
2b445ba9-720f-43a1-8c24-18765a6619c5,RO,Governador Jorge Teixeira,f,0,,0,2025-12-19 20:37:25.485521+00,
a468a6fc-e23f-4664-84fa-1997d1135301,RO,Guajará-Mirim,f,0,,0,2025-12-19 20:37:25.485521+00,
27620a59-03ae-4fcd-927c-796287773406,RO,Itapuã do Oeste,f,0,,0,2025-12-19 20:37:25.485521+00,
d76f5f54-5ac4-4fa6-92ab-1f85d14130ff,RO,Jaru,f,0,,0,2025-12-19 20:37:25.485521+00,
2e8bfe1c-b8dd-402c-b680-6188a0361da4,RO,Ji-Paraná,f,0,,0,2025-12-19 20:37:25.485521+00,
808932a0-2fa9-43fc-88fd-adf400622d45,RO,Machadinho d'Oeste,f,0,,0,2025-12-19 20:37:25.485521+00,
5c096055-7ac1-4038-8484-80a93bf295a8,RO,Ministro Andreazza,f,0,,0,2025-12-19 20:37:25.485521+00,
fcfd596e-eaa0-4250-b8c7-c44f7eaca2ab,RO,Mirante da Serra,f,0,,0,2025-12-19 20:37:25.485521+00,
dd94d1d7-58c2-4e70-9ec2-5995410b5978,RO,Monte Negro,f,0,,0,2025-12-19 20:37:25.485521+00,
cb1a9d23-58fa-4a6b-be8c-8fda4cde6946,RO,Nova Brasilândia d'Oeste,f,0,,0,2025-12-19 20:37:25.485521+00,
b11f2821-a7d5-41b2-89e6-950b86dce80e,RO,Nova Mamoré,f,0,,0,2025-12-19 20:37:25.485521+00,
9289605f-b899-4827-b89a-a95c94c7f42d,RO,Nova União,f,0,,0,2025-12-19 20:37:25.485521+00,
7cc2100e-8609-473b-b9cb-73df2e787234,RO,Novo Horizonte do Oeste,f,0,,0,2025-12-19 20:37:25.485521+00,
f793efce-e634-4cce-be10-07f36a8db390,RO,Ouro Preto do Oeste,f,0,,0,2025-12-19 20:37:25.485521+00,
2324795a-36bb-487a-abd8-a12119690a69,RO,Parecis,f,0,,0,2025-12-19 20:37:25.485521+00,
5beaeccb-711f-422f-91a5-f7e3f7136f73,RO,Pimenta Bueno,f,0,,0,2025-12-19 20:37:25.485521+00,
025dbbc8-88e5-4ea2-95cc-9747a422ff12,RO,Pimenteiras do Oeste,f,0,,0,2025-12-19 20:37:25.485521+00,
25d957c7-4495-4011-b379-871c4a6dd62e,RO,Porto Velho,f,0,,0,2025-12-19 20:37:25.485521+00,
1a966bd8-cd47-4b15-8dec-a14185de872a,RO,Presidente Médici,f,0,,0,2025-12-19 20:37:25.485521+00,
17805b2f-8a4e-4a61-9d48-e50dab45416c,RO,Primavera de Rondônia,f,0,,0,2025-12-19 20:37:25.485521+00,
054f5dbb-dbdb-47f0-896a-eaaa4698b713,RO,Rio Crespo,f,0,,0,2025-12-19 20:37:25.485521+00,
95174dc2-bafa-4cb4-8af2-45e6c0e7bd40,RO,Rolim de Moura,f,0,,0,2025-12-19 20:37:25.485521+00,
f2bc8fea-1d06-46e7-936e-1d24b776e629,RO,Santa Luzia d'Oeste,f,0,,0,2025-12-19 20:37:25.485521+00,
84643c2f-d008-483c-bbc0-252877771fd9,RO,São Felipe d'Oeste,f,0,,0,2025-12-19 20:37:25.485521+00,
a4a59b5c-7fd1-4d28-be25-7603d0192ee7,RO,São Francisco do Guaporé,f,0,,0,2025-12-19 20:37:25.485521+00,
b90c2863-6eef-47da-858d-f9167b4a9d0b,RO,São Miguel do Guaporé,f,0,,0,2025-12-19 20:37:25.485521+00,
770127aa-6459-4248-b19c-a5b585e95d4a,RO,Seringueiras,f,0,,0,2025-12-19 20:37:25.485521+00,
fb08da32-8c56-4d13-8950-41ad0467c2a9,RO,Teixeirópolis,f,0,,0,2025-12-19 20:37:25.485521+00,
78e69284-9db5-4f56-8181-2d1da69a867a,RO,Theobroma,f,0,,0,2025-12-19 20:37:25.485521+00,
bda68820-be2f-4923-baea-2d658cbff0d3,RO,Urupá,f,0,,0,2025-12-19 20:37:25.485521+00,
52362207-75b1-401f-9157-c25f68628590,RO,Vale do Anari,f,0,,0,2025-12-19 20:37:25.485521+00,
5bdf008d-01a5-4f09-a382-796b47ddefcb,RO,Vale do Paraíso,f,0,,0,2025-12-19 20:37:25.485521+00,
3f71f37a-f53a-4558-ae5a-d873e40fa504,RO,Vilhena,f,0,,0,2025-12-19 20:37:25.485521+00,
6616c325-0481-47a3-86b2-022e17cf448e,RR,Alto Alegre,f,0,,0,2025-12-19 20:37:25.485521+00,
250a280b-1e59-44ac-84ea-83f6723f88c7,RR,Amajari,f,0,,0,2025-12-19 20:37:25.485521+00,
164f791d-b02e-48bd-8787-9ff6e68e4e0c,RR,Boa Vista,f,0,,0,2025-12-19 20:37:25.485521+00,
b87e933d-b27d-491b-92dd-4bb4acbe0b15,RR,Bonfim,f,0,,0,2025-12-19 20:37:25.485521+00,
7fd99875-9c45-42c9-a9a7-6f250d7f1143,RR,Cantá,f,0,,0,2025-12-19 20:37:25.485521+00,
7a1fe3f7-da1e-4584-acbf-df618f27b9e2,RR,Caracaraí,f,0,,0,2025-12-19 20:37:25.485521+00,
ed785b21-3852-408d-be64-ac828b075219,RR,Caroebe,f,0,,0,2025-12-19 20:37:25.485521+00,
dc9ccc54-dd87-4c5c-991f-0bd034a2c7c1,RR,Iracema,f,0,,0,2025-12-19 20:37:25.485521+00,
0eb71e0b-c4cc-4a60-b9bb-a03ac13ffeaf,RR,Mucajaí,f,0,,0,2025-12-19 20:37:25.485521+00,
9800baaf-8db6-4a08-a89d-b73940bb7cd1,RR,Normandia,f,0,,0,2025-12-19 20:37:25.485521+00,
c44f0e6a-8f88-4fd3-9e4c-56d3d6dd6203,RR,Pacaraima,f,0,,0,2025-12-19 20:37:25.485521+00,
94ad0e69-26e8-4a38-912d-e4fcc3e31df0,RR,Rorainópolis,f,0,,0,2025-12-19 20:37:25.485521+00,
ab5717ed-0502-4760-b479-20e00877b504,RR,São João da Baliza,f,0,,0,2025-12-19 20:37:25.485521+00,
7f29e8cd-5783-4178-8e8c-1f5113c2e140,RR,São Luiz,f,0,,0,2025-12-19 20:37:25.485521+00,
84794176-0ba2-44cd-a5e1-852d357d7dfb,RR,Uiramutã,f,0,,0,2025-12-19 20:37:25.485521+00,
55c69110-c6e8-4ac0-af1c-4802872a82ff,SC,Abdon Batista,f,0,,0,2025-12-19 20:37:25.485521+00,
d1161747-def4-4b9f-b354-d767a10e1a4a,SC,Abelardo Luz,f,0,,0,2025-12-19 20:37:25.485521+00,
3d2d1d10-1e32-49d9-a28f-db481342269c,SC,Agrolândia,f,0,,0,2025-12-19 20:37:25.485521+00,
8568b46f-7817-4b97-82cf-0fb3e1a2c1ee,SC,Agronômica,f,0,,0,2025-12-19 20:37:25.485521+00,
bf2dda82-5dee-4524-ab0c-68e1cc02c16a,SC,Água Doce,f,0,,0,2025-12-19 20:37:25.485521+00,
1e4cfa21-dc10-4a2a-90bc-644e5d2d39d0,SC,Águas de Chapecó,f,0,,0,2025-12-19 20:37:25.485521+00,
048d7877-3a46-47a3-80d6-9e2dc5f8d2f6,SC,Águas Frias,f,0,,0,2025-12-19 20:37:25.485521+00,
ebb6f295-e668-40a3-99cd-43fd3c522104,SC,Águas Mornas,f,0,,0,2025-12-19 20:37:25.485521+00,
86fdeb96-3a24-4a99-89d5-16bb970b5d23,SC,Alfredo Wagner,f,0,,0,2025-12-19 20:37:25.485521+00,
e326be23-833f-4290-85d3-302c544bb333,SC,Alto Bela Vista,f,0,,0,2025-12-19 20:37:25.485521+00,
9d3f4dd5-a76a-46d0-9b34-3123c97f541b,SC,Anchieta,f,0,,0,2025-12-19 20:37:25.485521+00,
0f03bca3-c634-4441-b0a5-54bdb6ab1e0e,SC,Angelina,f,0,,0,2025-12-19 20:37:25.485521+00,
954d14cf-8889-4aae-9c5c-43206653d3d1,SC,Anita Garibaldi,f,0,,0,2025-12-19 20:37:25.485521+00,
e16490a4-0785-4e25-ae00-e2a4407af02f,SC,Anitápolis,f,0,,0,2025-12-19 20:37:25.485521+00,
e1f132e1-b793-4f8b-8498-98c9cac2aac8,SC,Antônio Carlos,f,0,,0,2025-12-19 20:37:25.485521+00,
39f2fbc9-0f70-4803-82ab-e2a6a8d19556,SC,Apiúna,f,0,,0,2025-12-19 20:37:25.485521+00,
ede47f6f-8c69-4208-8d9e-508cb800696f,SC,Arabutã,f,0,,0,2025-12-19 20:37:25.485521+00,
7ff2a049-74b1-43f7-927c-518004da0fc3,SC,Araquari,f,0,,0,2025-12-19 20:37:25.485521+00,
2f5e251c-14ee-4a7b-ac94-10d9c041fd8a,SC,Araranguá,f,0,,0,2025-12-19 20:37:25.485521+00,
5bbea742-cabb-46c6-b508-ccf5bcea9505,SC,Armazém,f,0,,0,2025-12-19 20:37:25.485521+00,
25b99bb2-943d-49ef-b6bf-a3da59592f49,SC,Arroio Trinta,f,0,,0,2025-12-19 20:37:25.485521+00,
20041d7b-861e-4e49-bb5b-4bd09d1a357b,SC,Arvoredo,f,0,,0,2025-12-19 20:37:25.485521+00,
ed9ef9d2-88fc-4227-a291-db8e1f283222,SC,Ascurra,f,0,,0,2025-12-19 20:37:25.485521+00,
67c2b696-6253-44e3-a06f-da8c4c83fea5,SC,Atalanta,f,0,,0,2025-12-19 20:37:25.485521+00,
3003e795-4336-45b3-8468-40cf152b4434,SC,Aurora,f,0,,0,2025-12-19 20:37:25.485521+00,
68d08077-69a9-4470-8b64-e3a4b16e9f27,SC,Balneário Arroio do Silva,f,0,,0,2025-12-19 20:37:25.485521+00,
f7d51e27-bdbe-4b46-9e9b-656ead4199ac,SC,Balneário Barra do Sul,f,0,,0,2025-12-19 20:37:25.485521+00,
05d1f7bf-210b-48c1-b576-3b544e7df5d9,SC,Balneário Camboriú,f,0,,0,2025-12-19 20:37:25.485521+00,
a3eb019e-b2fb-4fd6-b174-7b4621ade47a,SC,Balneário Gaivota,f,0,,0,2025-12-19 20:37:25.485521+00,
305a9cfb-2780-4d82-8736-82d3754e37cc,SC,Balneário Piçarras,f,0,,0,2025-12-19 20:37:25.485521+00,
92168f9d-a4dd-4ea7-bcb4-e9b5c4ef174e,SC,Balneário Rincão,f,0,,0,2025-12-19 20:37:25.485521+00,
060b58ea-c187-417b-9351-1259357e583c,SC,Bandeirante,f,0,,0,2025-12-19 20:37:25.485521+00,
fdfab778-9aaa-4c07-bf11-2159fd15b95f,SC,Barra Bonita,f,0,,0,2025-12-19 20:37:25.485521+00,
fb4fba9e-634a-42ef-b382-60107512402e,SC,Barra Velha,f,0,,0,2025-12-19 20:37:25.485521+00,
f7725e05-9723-4302-bb82-ad067013466d,SC,Bela Vista do Toldo,f,0,,0,2025-12-19 20:37:25.485521+00,
bb3819c5-f793-4bc6-963e-e87471eacf71,SC,Belmonte,f,0,,0,2025-12-19 20:37:25.485521+00,
962c17f5-77b9-45af-9bef-5b69b36a3fd1,SC,Benedito Novo,f,0,,0,2025-12-19 20:37:25.485521+00,
60b6acd9-e341-4004-8ad3-1a9edbe1fc81,SC,Biguaçu,f,0,,0,2025-12-19 20:37:25.485521+00,
b57fe45a-c022-4285-bfdc-6686287b2b96,SC,Blumenau,f,0,,0,2025-12-19 20:37:25.485521+00,
ced8749a-2afd-4775-9895-d1e94a20066f,SC,Bocaina do Sul,f,0,,0,2025-12-19 20:37:25.485521+00,
cb4724a7-5b44-42f3-9a6f-428ef8d3ca3a,SC,Bom Jardim da Serra,f,0,,0,2025-12-19 20:37:25.485521+00,
47a63828-81d9-4208-ba3e-fea3a4d57621,SC,Bom Jesus,f,0,,0,2025-12-19 20:37:25.485521+00,
8e6e6101-7721-45d9-a79a-8dcf6ba5b090,SC,Bom Jesus do Oeste,f,0,,0,2025-12-19 20:37:25.485521+00,
78f063a6-3fa6-44bc-a772-0b0fce44dc5a,SC,Bom Retiro,f,0,,0,2025-12-19 20:37:25.485521+00,
2f8f25b7-a60a-4cda-8d00-17ce951ec6ee,SC,Bombinhas,f,0,,0,2025-12-19 20:37:25.485521+00,
9ec50672-504e-47b0-a779-affb948d0aae,SC,Botuverá,f,0,,0,2025-12-19 20:37:25.485521+00,
99ad0512-42d6-4b02-bd10-1acfede377c7,SC,Braço do Norte,f,0,,0,2025-12-19 20:37:25.485521+00,
cdd8d3d2-267f-479a-9125-2db0127e422e,SC,Braço do Trombudo,f,0,,0,2025-12-19 20:37:25.485521+00,
625f6f65-57d1-472c-8367-c30bd3e11e01,SC,Brunópolis,f,0,,0,2025-12-19 20:37:25.485521+00,
db71f3d9-40f0-4484-9d92-69e12014ffbc,SC,Brusque,f,0,,0,2025-12-19 20:37:25.485521+00,
d770923d-7af4-4f38-b214-9ea62f95064c,SC,Caçador,f,0,,0,2025-12-19 20:37:25.485521+00,
5f5ee1aa-9e8f-405a-8377-33f990c36063,SC,Caibi,f,0,,0,2025-12-19 20:37:25.485521+00,
04549dc8-2677-40b0-9174-c3b99b71a22c,SC,Calmon,f,0,,0,2025-12-19 20:37:25.485521+00,
6ebd2d91-5cc3-4ddb-965a-fd9f0e77b472,SC,Camboriú,f,0,,0,2025-12-19 20:37:25.485521+00,
d324ce77-61b6-45c8-a450-0b4d0c955575,SC,Campo Alegre,f,0,,0,2025-12-19 20:37:25.485521+00,
262a27de-6cea-44cc-84bf-639c989ff5f2,SC,Campo Belo do Sul,f,0,,0,2025-12-19 20:37:25.485521+00,
a087f166-5d31-4455-8c1f-ef10e87c2b5b,SC,Campo Erê,f,0,,0,2025-12-19 20:37:25.485521+00,
4203758d-9d28-488f-9580-abec903ca403,SC,Campos Novos,f,0,,0,2025-12-19 20:37:25.485521+00,
eaa77eaf-6ce5-4851-9833-2ba97105b701,SC,Canelinha,f,0,,0,2025-12-19 20:37:25.485521+00,
95fe69f0-f280-4f27-b7a1-2338cad22610,SC,Canoinhas,f,0,,0,2025-12-19 20:37:25.485521+00,
9d80d3a7-a795-49c6-bcbc-6752356aed9b,SC,Capão Alto,f,0,,0,2025-12-19 20:37:25.485521+00,
a26e471c-680b-4c46-bf76-c487751c6110,SC,Capinzal,f,0,,0,2025-12-19 20:37:25.485521+00,
2c8d95d7-f9f5-4914-8f41-86dbbaa58e60,SC,Capivari de Baixo,f,0,,0,2025-12-19 20:37:25.485521+00,
eba35637-09a8-49ff-9bc7-ec589ad6173d,SC,Catanduvas,f,0,,0,2025-12-19 20:37:25.485521+00,
4a89aec5-0e48-461b-b862-bf168a2ae757,SC,Caxambu do Sul,f,0,,0,2025-12-19 20:37:25.485521+00,
d7529096-9170-46a7-a64e-8dd7c1df5df0,SC,Celso Ramos,f,0,,0,2025-12-19 20:37:25.485521+00,
181437f8-b9aa-4c7a-9cb2-1172db5c5eb0,SC,Cerro Negro,f,0,,0,2025-12-19 20:37:25.485521+00,
95e182b0-efcb-4d8a-a09f-1eb4f7abd5ba,SC,Chapadão do Lageado,f,0,,0,2025-12-19 20:37:25.485521+00,
58b6f92c-685c-4628-ae4b-c2d06fbd0cb8,SC,Chapecó,f,0,,0,2025-12-19 20:37:25.485521+00,
67a2457b-15e0-4003-9cb6-4f1a1f3a739d,SC,Cocal do Sul,f,0,,0,2025-12-19 20:37:25.485521+00,
32d9f4e2-1917-49ec-a30a-c728e5217e7a,SC,Concórdia,f,0,,0,2025-12-19 20:37:25.485521+00,
28eef26a-1478-4902-bc28-15bf10c339c5,SC,Cordilheira Alta,f,0,,0,2025-12-19 20:37:25.485521+00,
4d044a9b-f8c0-412e-a924-6d32f1707944,SC,Coronel Freitas,f,0,,0,2025-12-19 20:37:25.485521+00,
2415c53e-3ba2-4b43-8ba8-1d697e294284,SC,Coronel Martins,f,0,,0,2025-12-19 20:37:25.485521+00,
1aeb649a-6d56-47a5-89ac-fbca1f3f2899,SC,Correia Pinto,f,0,,0,2025-12-19 20:37:25.485521+00,
e001ace5-ca20-41bf-83ab-dc4550e7ffe8,SC,Corupá,f,0,,0,2025-12-19 20:37:25.485521+00,
68b37cb3-bfe3-4e79-92c4-2915ce735c2e,SC,Criciúma,f,0,,0,2025-12-19 20:37:25.485521+00,
d3af15c8-5206-4746-b92e-f4dcb707f14c,SC,Cunha Porã,f,0,,0,2025-12-19 20:37:25.485521+00,
008e2ef0-da0d-456e-b9a5-c0adad1de30f,SC,Cunhataí,f,0,,0,2025-12-19 20:37:25.485521+00,
9b898c32-4ca5-452e-b3e3-ada9ecabcf7a,SC,Curitibanos,f,0,,0,2025-12-19 20:37:25.485521+00,
7dae6a6f-c42c-4500-808b-5d827b6249e9,SC,Descanso,f,0,,0,2025-12-19 20:37:25.485521+00,
5e122c15-5b37-4ab1-92e1-fc7da4a013e1,SC,Dionísio Cerqueira,f,0,,0,2025-12-19 20:37:25.485521+00,
c73463e3-57f1-4858-8071-bce2f76614b1,SC,Dona Emma,f,0,,0,2025-12-19 20:37:25.485521+00,
7a2b2060-6c83-418a-a083-14569ab685e6,SC,Doutor Pedrinho,f,0,,0,2025-12-19 20:37:25.485521+00,
1c9da62d-b6e4-4002-8580-d574ba5006cf,SP,Jaú,f,0,,0,2025-12-19 20:37:26.250058+00,
e5012108-3f2f-44e4-95cd-d98d611b6255,SP,Jeriquara,f,0,,0,2025-12-19 20:37:26.250058+00,
d6d25eba-b46d-4b67-9c7a-22780aeeccb9,SP,Joanópolis,f,0,,0,2025-12-19 20:37:26.250058+00,
7335c883-4239-4733-a666-f5930e1f19d9,SP,João Ramalho,f,0,,0,2025-12-19 20:37:26.250058+00,
f50ca689-9903-41e7-9720-75f989693b9b,SP,José Bonifácio,f,0,,0,2025-12-19 20:37:26.250058+00,
aa5a6ddf-20ec-45a6-ad90-c1921c59950e,SP,Júlio Mesquita,f,0,,0,2025-12-19 20:37:26.250058+00,
05e9afa1-653b-48a6-8d5a-43d298e80b1a,SP,Jumirim,f,0,,0,2025-12-19 20:37:26.250058+00,
677853d1-7a11-452b-9782-2416c694a496,SP,Jundiaí,f,0,,0,2025-12-19 20:37:26.250058+00,
f30298a9-6e48-486f-82b8-d3edd1d3d761,SP,Junqueirópolis,f,0,,0,2025-12-19 20:37:26.250058+00,
1e4ed59d-7348-4b2c-854f-dc526bfc522a,SP,Juquiá,f,0,,0,2025-12-19 20:37:26.250058+00,
649b717b-d780-40c9-ad3d-28f86e3358e8,SP,Juquitiba,f,0,,0,2025-12-19 20:37:26.250058+00,
83da3298-4ce1-4aaf-87eb-b74a746273ba,SP,Lagoinha,f,0,,0,2025-12-19 20:37:26.250058+00,
ac46e209-ea37-406d-8c82-32f1d345cc38,SP,Laranjal Paulista,f,0,,0,2025-12-19 20:37:26.250058+00,
d14049af-ff15-4f31-bac9-76d7cf05dd24,SP,Lavínia,f,0,,0,2025-12-19 20:37:26.250058+00,
28ef1b78-3a5f-4ab0-a716-751c74865e66,SP,Lavrinhas,f,0,,0,2025-12-19 20:37:26.250058+00,
311b81d4-de08-4840-82a5-1a5f86aebd32,SP,Leme,f,0,,0,2025-12-19 20:37:26.250058+00,
1cc0ab87-2621-4f84-bd96-643b2c73c030,SP,Lençóis Paulista,f,0,,0,2025-12-19 20:37:26.250058+00,
289c84b2-30e7-488d-883a-05e51ffb8244,SP,Limeira,f,0,,0,2025-12-19 20:37:26.250058+00,
1e81da3a-e30e-4cee-99cf-3a9c5f0c3745,SP,Lindóia,f,0,,0,2025-12-19 20:37:26.250058+00,
a29aef56-6b84-4fa6-a981-81b0f2261dea,SP,Lins,f,0,,0,2025-12-19 20:37:26.250058+00,
5d680de7-af31-4140-9bdb-7dc8a5ac4215,SP,Lorena,f,0,,0,2025-12-19 20:37:26.250058+00,
8e9a5508-b315-400b-93bd-8689bcda00cf,SP,Lourdes,f,0,,0,2025-12-19 20:37:26.250058+00,
420c3897-4df3-425b-8b26-628a0b555c67,SP,Louveira,f,0,,0,2025-12-19 20:37:26.250058+00,
f988ccd1-d19e-4f4a-b7d6-309e9ecce447,SP,Lucélia,f,0,,0,2025-12-19 20:37:26.250058+00,
ed50af56-6337-4efb-b2a6-010e1926e675,SP,Lucianópolis,f,0,,0,2025-12-19 20:37:26.250058+00,
2ad82dfe-89ce-4ebd-b055-8e64dd851187,SP,Luís Antônio,f,0,,0,2025-12-19 20:37:26.250058+00,
1f1e681e-c61c-45d1-87b4-5fdd071edca0,SP,Luiziânia,f,0,,0,2025-12-19 20:37:26.250058+00,
9629ecfa-e43f-4446-9e3a-cdf8d3bce87a,SP,Lupércio,f,0,,0,2025-12-19 20:37:26.250058+00,
4f4ea04e-7faf-46ab-bac9-fb1e2a79cd43,SP,Lutécia,f,0,,0,2025-12-19 20:37:26.250058+00,
40e12992-739a-46d8-8b7a-735b5f192471,SP,Macatuba,f,0,,0,2025-12-19 20:37:26.250058+00,
e017ee3b-c671-47c4-88dd-c1837b5c8378,SP,Macaubal,f,0,,0,2025-12-19 20:37:26.250058+00,
35f09d6a-9f92-4fdc-a48b-2bc293d394a6,SP,Macedônia,f,0,,0,2025-12-19 20:37:26.250058+00,
9b9bacd7-1577-426d-8bf0-a61167048c72,SP,Magda,f,0,,0,2025-12-19 20:37:26.250058+00,
d308c6e0-b28c-4ae3-8bb2-c433fb582a5e,SP,Mairinque,f,0,,0,2025-12-19 20:37:26.250058+00,
253f427d-fd57-4f3b-9c88-94eb54bb9172,SP,Mairiporã,f,0,,0,2025-12-19 20:37:26.250058+00,
f05b63a9-8f95-432c-a4ae-4f44ff4f6411,SP,Manduri,f,0,,0,2025-12-19 20:37:26.250058+00,
cd4da956-3e62-4858-9066-ddc1316180b9,SP,Marabá Paulista,f,0,,0,2025-12-19 20:37:26.250058+00,
8e0674bb-017d-4fa0-974a-3a2d679c2c7a,SP,Maracaí,f,0,,0,2025-12-19 20:37:26.250058+00,
d827b829-8584-4539-9aa6-152acfc703fc,SP,Marapoama,f,0,,0,2025-12-19 20:37:26.250058+00,
016153ca-bff1-4f28-80b9-856cab1b731a,SP,Mariápolis,f,0,,0,2025-12-19 20:37:26.250058+00,
3201d158-0730-4efb-b3d4-cbe8dbbf96af,SP,Marília,f,0,,0,2025-12-19 20:37:26.250058+00,
e90eae6c-5346-4946-9d61-e0d8f4518e50,SP,Marinópolis,f,0,,0,2025-12-19 20:37:26.250058+00,
48f5f041-7ff2-4ffe-80a8-55291642ace3,SP,Martinópolis,f,0,,0,2025-12-19 20:37:26.250058+00,
3842c93e-d034-4741-a48d-b850f009afae,SP,Matão,f,0,,0,2025-12-19 20:37:26.250058+00,
7a224617-c08c-4b4a-92d4-a2461aefc6f7,SP,Mauá,f,0,,0,2025-12-19 20:37:26.250058+00,
59c303b9-5c1c-4bad-90f1-ff1064a5edc7,SP,Mendonça,f,0,,0,2025-12-19 20:37:26.250058+00,
912cbc29-6193-49db-ac8e-4ded06b491dc,SP,Meridiano,f,0,,0,2025-12-19 20:37:26.250058+00,
f82c555c-32c9-4789-9595-3a97652a2e83,SP,Mesópolis,f,0,,0,2025-12-19 20:37:26.250058+00,
5519a487-7786-4bc8-a2aa-fb6deca39d64,SP,Miguelópolis,f,0,,0,2025-12-19 20:37:26.250058+00,
decec572-657d-4672-9323-1f7c7da750a0,SP,Mineiros do Tietê,f,0,,0,2025-12-19 20:37:26.250058+00,
7e02144d-9716-4771-9d17-05c9bcbf2c0b,SP,Mira Estrela,f,0,,0,2025-12-19 20:37:26.250058+00,
9daaed85-81df-46b8-99ca-460150331acd,SP,Miracatu,f,0,,0,2025-12-19 20:37:26.250058+00,
f03d2665-e495-42a7-b962-808d9dd4cfef,SP,Mirandópolis,f,0,,0,2025-12-19 20:37:26.250058+00,
7c9deea7-da8a-41be-b1ec-dc7db8a88f6d,SP,Mirante do Paranapanema,f,0,,0,2025-12-19 20:37:26.250058+00,
f2cb073b-213f-4dbd-9283-24bb05fab46a,SP,Mirassol,f,0,,0,2025-12-19 20:37:26.250058+00,
73c05200-94ed-48b0-90ac-61c825a1a476,SP,Mirassolândia,f,0,,0,2025-12-19 20:37:26.250058+00,
09e0cf86-ee21-4a80-a7c5-e3023f4ed00f,SP,Mococa,f,0,,0,2025-12-19 20:37:26.250058+00,
62a97156-d6a8-404c-9d71-7d7039d35b6e,SP,Mogi das Cruzes,f,0,,0,2025-12-19 20:37:26.250058+00,
9c898039-c3d8-4c3f-ab5d-e9561e8e238f,SP,Mogi Guaçu,f,0,,0,2025-12-19 20:37:26.250058+00,
78768da1-2353-425e-b7d6-19510700b21c,SP,Mogi Mirim,f,0,,0,2025-12-19 20:37:26.250058+00,
f1895b85-f4cf-4b68-aa5a-48b230452e99,SP,Mombuca,f,0,,0,2025-12-19 20:37:26.250058+00,
4835735e-fd05-4eb1-8ea8-bc22d9c53092,SP,Monções,f,0,,0,2025-12-19 20:37:26.250058+00,
0e69b327-9ce2-4f11-b290-4679e199ddc8,SP,Mongaguá,f,0,,0,2025-12-19 20:37:26.250058+00,
ccc5ef3f-3f31-40c7-afbc-9b67603881b6,SP,Monte Alegre do Sul,f,0,,0,2025-12-19 20:37:26.250058+00,
8c550762-cfba-4f55-9a8d-7849bf3b1000,SP,Monte Alto,f,0,,0,2025-12-19 20:37:26.250058+00,
18efbaf7-41c1-421c-8e20-ad38c06b15b0,SP,Monte Aprazível,f,0,,0,2025-12-19 20:37:26.250058+00,
506f5222-9c8e-41f5-b54e-83912a8610b5,SP,Monte Azul Paulista,f,0,,0,2025-12-19 20:37:26.250058+00,
e7f1a941-52d1-46ca-9a77-04d72802f32c,SP,Monte Castelo,f,0,,0,2025-12-19 20:37:26.250058+00,
4d85ddd1-9926-4983-b9fc-e9962e899fa0,SP,Monte Mor,f,0,,0,2025-12-19 20:37:26.250058+00,
aad40309-17cd-45ba-85bd-1134378bf242,SP,Monteiro Lobato,f,0,,0,2025-12-19 20:37:26.250058+00,
6331d809-d564-42cc-af5a-3a0c7d3deb71,SP,Morro Agudo,f,0,,0,2025-12-19 20:37:26.250058+00,
4d1596e7-cdc9-4e9d-b1a6-4988268f5062,SP,Morungaba,f,0,,0,2025-12-19 20:37:26.250058+00,
442aa5b4-a5bf-4dff-95a7-215e5f396a86,SP,Motuca,f,0,,0,2025-12-19 20:37:26.250058+00,
81194a8f-a54b-484e-bc8e-648a422eefb8,SP,Murutinga do Sul,f,0,,0,2025-12-19 20:37:26.250058+00,
afc34950-8a65-49e7-8f57-a425966b726b,SP,Nantes,f,0,,0,2025-12-19 20:37:26.250058+00,
b3be71cc-5783-40e6-a352-8210c72b2171,SP,Narandiba,f,0,,0,2025-12-19 20:37:26.250058+00,
82a592ac-6a3e-4be9-b760-a693a9a7b416,SP,Natividade da Serra,f,0,,0,2025-12-19 20:37:26.250058+00,
cc2c8e22-e609-4264-9341-3d6f2a251152,SP,Nazaré Paulista,f,0,,0,2025-12-19 20:37:26.250058+00,
d3cc9111-1d59-4202-af20-26a2bee8acd4,SP,Neves Paulista,f,0,,0,2025-12-19 20:37:26.250058+00,
e83d8c80-db94-4d69-9cfc-5e122e3bac3c,SP,Nhandeara,f,0,,0,2025-12-19 20:37:26.250058+00,
46c84229-964a-48b5-894d-062487f37c5c,SP,Nipoã,f,0,,0,2025-12-19 20:37:26.250058+00,
d9a5222a-d4c5-4fd4-a04f-ff03f3e9309a,SP,Nova Aliança,f,0,,0,2025-12-19 20:37:26.250058+00,
05443798-5002-4e3b-9700-d2ca9e45e200,SP,Nova Campina,f,0,,0,2025-12-19 20:37:26.250058+00,
fdfb8228-5273-4ff6-9301-adb2a5622897,SP,Nova Canaã Paulista,f,0,,0,2025-12-19 20:37:26.250058+00,
3b759d6e-6400-4080-8ece-f42983194b09,SP,Nova Castilho,f,0,,0,2025-12-19 20:37:26.250058+00,
dc62a49f-fcc4-4541-99b2-3e0738ee6c7d,SP,Nova Europa,f,0,,0,2025-12-19 20:37:26.250058+00,
139a7471-94fb-4eb9-993f-074a000e9f6a,SP,Nova Granada,f,0,,0,2025-12-19 20:37:26.250058+00,
4ef502b1-df1a-4c54-8b85-ffb247bbb743,SC,Nova Trento,f,0,,0,2025-12-19 20:37:25.913527+00,
990b7c7b-425a-4529-822e-3dd039967727,SC,Nova Veneza,f,0,,0,2025-12-19 20:37:25.913527+00,
fb6786bc-5d13-4f71-8acf-2ee86b5c8ede,SC,Novo Horizonte,f,0,,0,2025-12-19 20:37:25.913527+00,
64d08810-833d-45d5-970f-7270157b33a7,SC,Orleans,f,0,,0,2025-12-19 20:37:25.913527+00,
0ab802be-681d-41b9-9958-b2e18602c908,SC,Otacílio Costa,f,0,,0,2025-12-19 20:37:25.913527+00,
01a4e699-689a-431b-85e0-fb203d721fca,SC,Ouro,f,0,,0,2025-12-19 20:37:25.913527+00,
7f755d5f-c6f4-4cb9-b0c3-0fa0ad61b982,SC,Ouro Verde,f,0,,0,2025-12-19 20:37:25.913527+00,
b3129a6e-9398-48d9-8fb5-6999d66b0b25,SC,Paial,f,0,,0,2025-12-19 20:37:25.913527+00,
c0176669-b466-4f4a-b00a-203436319733,SC,Painel,f,0,,0,2025-12-19 20:37:25.913527+00,
f97c7063-6a0a-4988-9736-74d0fe7278d8,SC,Palhoça,f,0,,0,2025-12-19 20:37:25.913527+00,
b5c1bcac-45fc-46ce-8f88-82e6d2f4d1ee,SC,Palma Sola,f,0,,0,2025-12-19 20:37:25.913527+00,
6ed30703-b1ab-4ad9-9fc1-d0bf1fa5ead1,SC,Palmeira,f,0,,0,2025-12-19 20:37:25.913527+00,
1afc6325-93ae-44d0-a801-ffd4f2efc8c4,SC,Palmitos,f,0,,0,2025-12-19 20:37:25.913527+00,
78bf2112-0fd6-4703-8c71-3a8f25d130f2,SC,Papanduva,f,0,,0,2025-12-19 20:37:25.913527+00,
6d0e64ed-abf3-482d-8959-a023cde82b5c,SC,Paraíso,f,0,,0,2025-12-19 20:37:25.913527+00,
24115269-a5d5-42db-a83e-8758351da03d,SC,Passo de Torres,f,0,,0,2025-12-19 20:37:25.913527+00,
65415b2a-5bb9-4842-b5a5-3e3d547f63e5,SC,Passos Maia,f,0,,0,2025-12-19 20:37:25.913527+00,
5f725a12-eb5b-4bae-8aee-f4bf861837ca,SC,Paulo Lopes,f,0,,0,2025-12-19 20:37:25.913527+00,
9e1181f3-b989-48d3-9194-c0c67bce59a0,SC,Pedras Grandes,f,0,,0,2025-12-19 20:37:25.913527+00,
133b1f4a-76bf-45f2-9cdf-5f89e287dd51,SC,Penha,f,0,,0,2025-12-19 20:37:25.913527+00,
9058e42e-e8ac-4083-85bd-1626a4ac30d8,SC,Peritiba,f,0,,0,2025-12-19 20:37:25.913527+00,
fd605ca9-7366-44c5-a729-385840ce9f38,SC,Pescaria Brava,f,0,,0,2025-12-19 20:37:25.913527+00,
8f5d41f3-b6c8-4bdd-a65b-3ba8f2e14bfa,SC,Petrolândia,f,0,,0,2025-12-19 20:37:25.913527+00,
332189bf-cbd3-4500-8b02-e83647cff9e9,SC,Piçarras,f,0,,0,2025-12-19 20:37:25.913527+00,
5014e194-de93-4ba0-a481-f68d892ce583,SC,Pinhalzinho,f,0,,0,2025-12-19 20:37:25.913527+00,
87f9455b-0bc5-473a-be58-3b61bcf17972,SC,Pinheiro Preto,f,0,,0,2025-12-19 20:37:25.913527+00,
972b90cc-abad-4bdd-9387-00d2bb8abe8d,SC,Piratuba,f,0,,0,2025-12-19 20:37:25.913527+00,
73cd2d96-4019-428e-b1c8-ed2bf447b585,SC,Planalto Alegre,f,0,,0,2025-12-19 20:37:25.913527+00,
2579298f-c612-4825-b39a-61c93a5d7465,SC,Pomerode,f,0,,0,2025-12-19 20:37:25.913527+00,
4bb49c42-163e-4fcd-8ff7-b594e72bd68c,SC,Ponte Alta,f,0,,0,2025-12-19 20:37:25.913527+00,
22daec2d-9d78-4ae1-85e6-8cd26afddd0f,SC,Ponte Alta do Norte,f,0,,0,2025-12-19 20:37:25.913527+00,
adca6d18-be37-4790-8022-3be2dd078c3b,SC,Ponte Serrada,f,0,,0,2025-12-19 20:37:25.913527+00,
d0225e1c-b874-4d71-9321-2bcc7f12efbc,SC,Porto Belo,f,0,,0,2025-12-19 20:37:25.913527+00,
1ec7a70d-cb35-48b1-bdd0-3af093ccbb98,SC,Porto União,f,0,,0,2025-12-19 20:37:25.913527+00,
45df5950-fd00-4f4b-8a27-621ce3e170a9,SC,Pouso Redondo,f,0,,0,2025-12-19 20:37:25.913527+00,
5d92e189-21bb-43f4-bda7-49e89ce4d9d6,SC,Praia Grande,f,0,,0,2025-12-19 20:37:25.913527+00,
53c3bec9-4b18-41b1-bb6c-80e7fb0461b8,SC,Presidente Castello Branco,f,0,,0,2025-12-19 20:37:25.913527+00,
cc051327-2771-41a7-bf07-806ba4f12495,SC,Presidente Getúlio,f,0,,0,2025-12-19 20:37:25.913527+00,
3f1c478b-2e2e-44cc-a68f-2149eca4a1b8,SC,Presidente Nereu,f,0,,0,2025-12-19 20:37:25.913527+00,
b8a5baa5-034e-4b86-9e11-45e724c43271,SC,Princesa,f,0,,0,2025-12-19 20:37:25.913527+00,
456fcc3e-9cdb-4d48-93d1-ca30ac2c6f44,SC,Quilombo,f,0,,0,2025-12-19 20:37:25.913527+00,
49715a21-cbc9-4ea2-9435-5507b01f34a7,SC,Rancho Queimado,f,0,,0,2025-12-19 20:37:25.913527+00,
9c843756-0e71-40a0-be68-ea3fd8795ed5,SC,Rio das Antas,f,0,,0,2025-12-19 20:37:25.913527+00,
0cc503b2-a086-467e-84b8-123ed16f45ec,SC,Rio do Campo,f,0,,0,2025-12-19 20:37:25.913527+00,
628b148d-dcba-44f6-a499-b76439a7c5aa,SC,Rio do Oeste,f,0,,0,2025-12-19 20:37:25.913527+00,
f9ef946f-5e7c-4bb5-9952-ad867aae5fc5,SC,Rio do Sul,f,0,,0,2025-12-19 20:37:25.913527+00,
566ba121-2fd4-435d-9ec3-826c3a2cc91e,SC,Rio dos Cedros,f,0,,0,2025-12-19 20:37:25.913527+00,
2d4bcbf1-ca74-42bc-b083-e3814634d280,SC,Rio Fortuna,f,0,,0,2025-12-19 20:37:25.913527+00,
1f577eb2-604b-41f7-b3eb-f81c43dfa183,SC,Rio Negrinho,f,0,,0,2025-12-19 20:37:25.913527+00,
e75e6bf2-2c3f-451a-9d98-e66088912da8,SC,Rio Rufino,f,0,,0,2025-12-19 20:37:25.913527+00,
776574bb-b567-4ef4-9a7a-ae2c1a98d6b5,SC,Riqueza,f,0,,0,2025-12-19 20:37:25.913527+00,
132b6aa7-2721-4dda-b83b-4d3626ea4c1a,SC,Rodeio,f,0,,0,2025-12-19 20:37:25.913527+00,
6803607e-da98-4405-996b-2b50d6f001d4,SC,Romelândia,f,0,,0,2025-12-19 20:37:25.913527+00,
e8d4e6b0-e52d-416a-bb2a-ff9380fa6f90,SC,Salete,f,0,,0,2025-12-19 20:37:25.913527+00,
f532aec4-556c-4469-b531-3a8955b7541e,SC,Saltinho,f,0,,0,2025-12-19 20:37:25.913527+00,
db4a6867-bccb-4f60-9264-faeb472fdda1,SC,Salto Veloso,f,0,,0,2025-12-19 20:37:25.913527+00,
a479c818-9bb3-4620-82a2-dddb93330869,SC,Sangão,f,0,,0,2025-12-19 20:37:25.913527+00,
51fc3f13-fa44-4fd4-848f-05651e2c54bc,SC,Santa Cecília,f,0,,0,2025-12-19 20:37:25.913527+00,
ae5394e6-5c30-4a2d-a487-167becaa4c62,SC,Santa Helena,f,0,,0,2025-12-19 20:37:25.913527+00,
4b254be5-debc-44c6-ad56-c33ba097815d,SC,Santa Rosa de Lima,f,0,,0,2025-12-19 20:37:25.913527+00,
824eaa96-0e6d-49e7-8cc2-e4b893b5e4ef,SC,Santa Rosa do Sul,f,0,,0,2025-12-19 20:37:25.913527+00,
dab596f3-93a2-4668-b553-43165114a36f,SC,Santa Terezinha,f,0,,0,2025-12-19 20:37:25.913527+00,
9d92f2e8-f9c6-4ba2-8c0c-03ad0ea5aa1c,SC,Santa Terezinha do Progresso,f,0,,0,2025-12-19 20:37:25.913527+00,
9903d365-9150-4969-b5e5-170a3a75048f,SC,Santiago do Sul,f,0,,0,2025-12-19 20:37:25.913527+00,
c507527e-4a6a-409c-9f28-29e34aedf64d,SC,Santo Amaro da Imperatriz,f,0,,0,2025-12-19 20:37:25.913527+00,
f304ddcb-1351-44a5-b28c-f6c10bce5e5e,SC,São Bento do Sul,f,0,,0,2025-12-19 20:37:25.913527+00,
d1283a94-9139-496d-a00e-36aae3be9911,SC,São Bernardino,f,0,,0,2025-12-19 20:37:25.913527+00,
45b20a41-bfb8-4c0d-a118-f34202a4b4a6,SC,São Bonifácio,f,0,,0,2025-12-19 20:37:25.913527+00,
7d088758-2acf-4aa6-aadd-38109eac7a62,SC,São Carlos,f,0,,0,2025-12-19 20:37:25.913527+00,
b0506360-1dbe-4bbb-b6f7-f04e3d562917,SC,São Cristóvão do Sul,f,0,,0,2025-12-19 20:37:25.913527+00,
800b53c7-e6e7-4467-af67-1a88bab51a4b,SC,São Domingos,f,0,,0,2025-12-19 20:37:25.913527+00,
6f881475-d166-4d8f-b282-dde9fff9246e,SC,São Francisco do Sul,f,0,,0,2025-12-19 20:37:25.913527+00,
3e6f7ff6-7d57-4c83-8763-27d1ffaf63b0,SC,São João Batista,f,0,,0,2025-12-19 20:37:25.913527+00,
0c900e22-33c8-456b-ac43-fa6dca8a3027,SC,São João do Itaperiú,f,0,,0,2025-12-19 20:37:25.913527+00,
a095cf97-223b-4c1a-8727-71b877a17fbf,SC,São João do Oeste,f,0,,0,2025-12-19 20:37:25.913527+00,
5f7d7021-ccf0-41db-9606-00e89ba8c21f,SC,São João do Sul,f,0,,0,2025-12-19 20:37:25.913527+00,
9c79038d-a188-40b5-9a93-7399f36df6a6,SC,São Joaquim,f,0,,0,2025-12-19 20:37:25.913527+00,
97410bf1-85ac-44e4-9dd5-b5105ff58271,SC,São José,f,0,,0,2025-12-19 20:37:25.913527+00,
7a06b680-f170-4bc8-be94-c41f5ee882eb,SC,São José do Cedro,f,0,,0,2025-12-19 20:37:25.913527+00,
c9ad93c5-9882-4abe-b8d4-bbe41c22fad0,SC,São José do Cerrito,f,0,,0,2025-12-19 20:37:25.913527+00,
d2062960-16f8-4722-b021-59be77bd5dad,SC,São Lourenço do Oeste,f,0,,0,2025-12-19 20:37:25.913527+00,
87b0a449-2e92-4b66-8d41-4382558e4686,SC,São Ludgero,f,0,,0,2025-12-19 20:37:25.913527+00,
568baafb-cdd7-45e3-884d-0448d09d0bd5,SC,São Martinho,f,0,,0,2025-12-19 20:37:25.913527+00,
c7f5e1e9-c8cc-48e8-a717-810e1e16c222,SC,São Miguel da Boa Vista,f,0,,0,2025-12-19 20:37:25.913527+00,
d2498b73-6d80-45b6-8146-33b5618bf19d,SC,São Miguel do Oeste,f,0,,0,2025-12-19 20:37:25.913527+00,
cafa1015-15cf-40a8-9f6b-30d16e3c7ca2,SC,São Pedro de Alcântara,f,0,,0,2025-12-19 20:37:25.913527+00,
cf085660-2655-47dc-a109-4baccf1cd54a,SC,Saudades,f,0,,0,2025-12-19 20:37:25.913527+00,
9f48d77a-a14a-4b6a-a6bb-7b10d84ae12e,SC,Schroeder,f,0,,0,2025-12-19 20:37:25.913527+00,
7da20c91-6aba-44ce-b1b8-012f0d286320,SC,Seara,f,0,,0,2025-12-19 20:37:25.913527+00,
e79ae2aa-3e9b-4bf1-ac66-04bf15b917bd,SC,Serra Alta,f,0,,0,2025-12-19 20:37:25.913527+00,
0d9bcbd8-88c8-4bfe-b6d3-231ae07ad6b4,SC,Siderópolis,f,0,,0,2025-12-19 20:37:25.913527+00,
9bac7f1a-68d0-4b75-9a7c-8ac88ea553cb,SC,Sombrio,f,0,,0,2025-12-19 20:37:25.913527+00,
e8f15b2e-7a60-4636-9790-f19c27df618b,SC,Sul Brasil,f,0,,0,2025-12-19 20:37:25.913527+00,
99dda2e2-f3a4-429c-ae3b-4299ed180f11,SC,Taió,f,0,,0,2025-12-19 20:37:25.913527+00,
8ce25ad8-e59d-44e2-a910-b8add12106b1,SC,Tangará,f,0,,0,2025-12-19 20:37:25.913527+00,
9609d31d-fa4c-4fef-afe4-2aff66fedb52,SC,Tigrinhos,f,0,,0,2025-12-19 20:37:25.913527+00,
f27e3bf4-7956-46a0-a973-2a7be6caa42f,SC,Tijucas,f,0,,0,2025-12-19 20:37:25.913527+00,
dbcd2344-6dc9-43c0-9c39-7e64ff68dc04,SC,Timbé do Sul,f,0,,0,2025-12-19 20:37:25.913527+00,
c66601b7-0ec7-4ef2-a3c7-b962afe1c828,SC,Timbó,f,0,,0,2025-12-19 20:37:25.913527+00,
b9a25609-01d9-46eb-9ea5-13322baedc40,SC,Timbó Grande,f,0,,0,2025-12-19 20:37:25.913527+00,
ef90fa57-78e5-4d4d-b6f1-d4723de1076d,SC,Três Barras,f,0,,0,2025-12-19 20:37:25.913527+00,
d27d6c84-d287-4ad8-8485-56298f582398,SC,Treviso,f,0,,0,2025-12-19 20:37:25.913527+00,
dd26a88b-f6ec-42aa-a86d-304b82b34425,SC,Treze de Maio,f,0,,0,2025-12-19 20:37:25.913527+00,
f59d8e4e-2825-4adc-bb1e-cf1d1b4bdfb5,SC,Treze Tílias,f,0,,0,2025-12-19 20:37:25.913527+00,
feaa9ebf-8d0f-40c8-a59d-89b6ba3671e1,SC,Trombudo Central,f,0,,0,2025-12-19 20:37:25.913527+00,
67a9050a-384a-412d-8f9e-45fb66d84328,SC,Tubarão,f,0,,0,2025-12-19 20:37:25.913527+00,
f1d15df6-fc3e-40a1-8258-d6fccd631df5,SC,Tunápolis,f,0,,0,2025-12-19 20:37:25.913527+00,
b7567efd-2cc0-432f-ba06-8bfa85a5a258,SC,Turvo,f,0,,0,2025-12-19 20:37:25.913527+00,
e741fb31-fa69-4f5f-913b-ad0b6fdcf338,SC,União do Oeste,f,0,,0,2025-12-19 20:37:25.913527+00,
cb046146-1167-46b7-9578-d459a9da6641,SC,Urubici,f,0,,0,2025-12-19 20:37:25.913527+00,
a89f356c-7480-4602-8dfc-46380860816b,SC,Urupema,f,0,,0,2025-12-19 20:37:25.913527+00,
4c5b6d35-f78c-4999-9ad4-62665ecac4c1,SC,Urussanga,f,0,,0,2025-12-19 20:37:25.913527+00,
3a137fed-98fa-415e-8723-762efaf2ab1a,SC,Vargeão,f,0,,0,2025-12-19 20:37:25.913527+00,
c8f1d42e-5363-416b-b076-9db985f989ff,SC,Vargem,f,0,,0,2025-12-19 20:37:25.913527+00,
0ce9beea-98c5-4459-a697-6d4e6a22fee1,SC,Vargem Bonita,f,0,,0,2025-12-19 20:37:25.913527+00,
98604d4e-8f94-45d0-9cb5-05f3bc08976a,SC,Vidal Ramos,f,0,,0,2025-12-19 20:37:25.913527+00,
36099993-129b-4995-81e8-de16bbae369c,SC,Videira,f,0,,0,2025-12-19 20:37:25.913527+00,
b0bff650-af3d-447b-b238-cdd7c80e5175,SC,Vitor Meireles,f,0,,0,2025-12-19 20:37:25.913527+00,
f1d7964c-3a0f-4a13-98a4-f724be82d85d,SC,Witmarsum,f,0,,0,2025-12-19 20:37:25.913527+00,
ca913b61-89e5-462d-b6d8-839e24a156ca,SC,Xanxerê,f,0,,0,2025-12-19 20:37:25.913527+00,
1cdcdf52-7978-4910-8c90-18d31eb342c0,SC,Xavantina,f,0,,0,2025-12-19 20:37:25.913527+00,
351ddfbd-1fba-4d31-8706-1a221ad00d22,SC,Xaxim,f,0,,0,2025-12-19 20:37:25.913527+00,
818390d4-51c1-4804-926a-16d72479f736,SC,Zortéa,f,0,,0,2025-12-19 20:37:25.913527+00,
f076e938-fceb-4653-82cf-511ecb8700a5,SP,Adamantina,f,0,,0,2025-12-19 20:37:25.913527+00,
b3de3f1f-1e0a-4ba0-8bb6-e644cc71c3b5,SP,Adolfo,f,0,,0,2025-12-19 20:37:25.913527+00,
92ebde6d-49b3-4259-9eed-d5ebceb1e096,SP,Aguaí,f,0,,0,2025-12-19 20:37:25.913527+00,
7706e4b3-08cc-4427-8b89-d6e7f4101348,SP,Águas da Prata,f,0,,0,2025-12-19 20:37:25.913527+00,
88ef269e-b480-4b9b-85c2-ee8274627e75,SP,Águas de Lindóia,f,0,,0,2025-12-19 20:37:25.913527+00,
4fe3957c-697e-416c-be7b-6eafef1dbf0b,SP,Águas de Santa Bárbara,f,0,,0,2025-12-19 20:37:25.913527+00,
bfff330b-5cd9-4a9b-893d-ff44f3636612,SP,Águas de São Pedro,f,0,,0,2025-12-19 20:37:25.913527+00,
7c14a728-1e2c-4089-b33a-b58b215ca51a,SP,Agudos,f,0,,0,2025-12-19 20:37:25.913527+00,
da32ef71-e53b-4813-bd01-65c14e2b5c7b,SP,Alambari,f,0,,0,2025-12-19 20:37:25.913527+00,
04da420d-255c-4fea-945c-b7d0ffafd1d4,SP,Alfredo Marcondes,f,0,,0,2025-12-19 20:37:25.913527+00,
873efe52-dca7-4b4a-8638-432ec84c8af1,SP,Altair,f,0,,0,2025-12-19 20:37:25.913527+00,
ffa92480-dc04-4d29-af3b-32914ea17bab,SP,Altinópolis,f,0,,0,2025-12-19 20:37:25.913527+00,
34c5066e-768e-41ac-a27f-9c03207b5696,SP,Alto Alegre,f,0,,0,2025-12-19 20:37:25.913527+00,
070ab044-5598-43d9-9058-a711910ee935,SP,Alumínio,f,0,,0,2025-12-19 20:37:25.913527+00,
ad34c2c2-1be8-4cac-805b-54347634a69e,SP,Álvares Florence,f,0,,0,2025-12-19 20:37:25.913527+00,
fe4fdb8f-e0e3-4597-86ec-5615a62b35a1,SP,Álvares Machado,f,0,,0,2025-12-19 20:37:25.913527+00,
1b0edc74-feb6-4bbd-ad52-5a42d6fd9476,SP,Álvaro de Carvalho,f,0,,0,2025-12-19 20:37:25.913527+00,
635c0283-66f6-475a-982b-6d5966e73113,SP,Alvinlândia,f,0,,0,2025-12-19 20:37:25.913527+00,
07c690e9-97a3-46be-95c0-1f0a41ff08a3,SP,Americana,f,0,,0,2025-12-19 20:37:25.913527+00,
6f21a5db-0714-4d73-9ac9-c84c1efed6dd,SP,Américo Brasiliense,f,0,,0,2025-12-19 20:37:25.913527+00,
38997ca6-3da8-4847-b68d-2a9619bdcd48,SP,Américo de Campos,f,0,,0,2025-12-19 20:37:25.913527+00,
1a1e530b-b0d6-4224-99d5-4806a490ff84,SP,Amparo,f,0,,0,2025-12-19 20:37:25.913527+00,
a897ff3f-51be-45ae-8a8c-81c650bcfa9c,SP,Analândia,f,0,,0,2025-12-19 20:37:25.913527+00,
baf39b3d-d7d6-48d2-9c01-0e7c2a60c39b,SP,Andradina,f,0,,0,2025-12-19 20:37:25.913527+00,
5913444a-e1ac-4666-97de-f78822b292e7,SP,Angatuba,f,0,,0,2025-12-19 20:37:25.913527+00,
8ed87b66-3379-413e-b4ba-592b7975570e,SP,Anhembi,f,0,,0,2025-12-19 20:37:25.913527+00,
eb98436c-9cee-471a-a305-19cc589f4cf6,SP,Anhumas,f,0,,0,2025-12-19 20:37:25.913527+00,
1f0bb35f-5e73-4cca-8e20-a24e810d7226,SP,Aparecida,f,0,,0,2025-12-19 20:37:25.913527+00,
785411a6-386f-4fd8-b8cb-bb0995beb440,SP,Aparecida d'Oeste,f,0,,0,2025-12-19 20:37:25.913527+00,
7119a15c-e710-496b-802e-753b2702b192,SP,Apiaí,f,0,,0,2025-12-19 20:37:25.913527+00,
845c4a49-8394-4a88-8eed-c0db8bef35a8,SP,Araçariguama,f,0,,0,2025-12-19 20:37:25.913527+00,
71dee867-a3bd-42af-b94c-a4538f27ef4c,SP,Araçatuba,f,0,,0,2025-12-19 20:37:25.913527+00,
6d31acb4-6bd4-4e6f-af50-a9b60f49aef2,SP,Araçoiaba da Serra,f,0,,0,2025-12-19 20:37:25.913527+00,
1e7f25b2-3b2a-4090-85de-8619e4e024de,SP,Aramina,f,0,,0,2025-12-19 20:37:25.913527+00,
76347790-2944-4454-9862-ce547d3869d7,SP,Arandu,f,0,,0,2025-12-19 20:37:25.913527+00,
1baca099-c1ae-4422-90e3-2b8b6f473638,SP,Arapeí,f,0,,0,2025-12-19 20:37:25.913527+00,
6be380c2-4b7e-484a-91ba-41f4688f23a4,SP,Araraquara,f,0,,0,2025-12-19 20:37:25.913527+00,
22249352-7433-4cae-98f6-c7b05ddec65e,SP,Araras,f,0,,0,2025-12-19 20:37:25.913527+00,
cf222562-7eaf-47bc-9b2d-eca4fc721dd7,SP,Arco-Íris,f,0,,0,2025-12-19 20:37:25.913527+00,
8b7fc885-599f-4033-8da4-bde81576b886,SP,Arealva,f,0,,0,2025-12-19 20:37:25.913527+00,
a0a8bda2-8657-4348-8c47-31acf79304d6,SP,Areias,f,0,,0,2025-12-19 20:37:25.913527+00,
525cbe68-2d40-4f8c-b336-04d9239dc535,SP,Areiópolis,f,0,,0,2025-12-19 20:37:25.913527+00,
c18e2e1f-8587-4e0b-9094-605b5cbcbe3a,SP,Ariranha,f,0,,0,2025-12-19 20:37:25.913527+00,
3873a9ba-ff8d-4eb2-a6b5-37cf4744462a,SP,Artur Nogueira,f,0,,0,2025-12-19 20:37:25.913527+00,
f284cf7d-ca1d-4f63-acbf-ab508682c2d4,SP,Arujá,f,0,,0,2025-12-19 20:37:25.913527+00,
5f97b237-c4ab-48c7-aad6-570d4b51d816,SP,Aspásia,f,0,,0,2025-12-19 20:37:25.913527+00,
95a6074a-290f-44aa-b5c0-dc4b3ce98c6b,SP,Assis,f,0,,0,2025-12-19 20:37:25.913527+00,
b3af44eb-abe9-4ad4-94c4-7643cc6df165,SP,Atibaia,f,0,,0,2025-12-19 20:37:25.913527+00,
9803ee9e-30c0-4ea4-a54f-6c1024849f4d,SP,Auriflama,f,0,,0,2025-12-19 20:37:25.913527+00,
d0bba6ea-f50f-443e-b5a1-e1a5d195a78c,SP,Avaí,f,0,,0,2025-12-19 20:37:25.913527+00,
af26901b-7e6c-4ca1-bc01-a98d48fb4c0d,SP,Avanhandava,f,0,,0,2025-12-19 20:37:25.913527+00,
9c6b3fde-ed9a-4618-a6e1-758f02630972,SP,Avaré,f,0,,0,2025-12-19 20:37:25.913527+00,
830272c8-00c2-48c1-b693-0bbfbc26e485,SP,Bady Bassitt,f,0,,0,2025-12-19 20:37:25.913527+00,
9b342002-fcba-45b3-9f2e-8693a7600180,SP,Balbinos,f,0,,0,2025-12-19 20:37:25.913527+00,
ca604f22-fc74-4245-b9a6-a2c833ce2600,SP,Bálsamo,f,0,,0,2025-12-19 20:37:25.913527+00,
2bad7ac7-43d7-47ec-a76b-a871c63a62b1,SP,Bananal,f,0,,0,2025-12-19 20:37:25.913527+00,
c3494dfd-2cf2-428c-a34a-42d220a07cbc,SP,Barão de Antonina,f,0,,0,2025-12-19 20:37:25.913527+00,
90456f44-2505-42f0-8f61-1fce3d266a50,SP,Barbosa,f,0,,0,2025-12-19 20:37:25.913527+00,
48ff23fe-40d5-48dd-9789-dc6b0ff969de,SP,Bariri,f,0,,0,2025-12-19 20:37:25.913527+00,
797dd0b8-58b6-4753-825d-07cfc79e2788,SP,Barra Bonita,f,0,,0,2025-12-19 20:37:25.913527+00,
88d8cdf6-134e-459f-b301-1faad618546a,SP,Barra do Chapéu,f,0,,0,2025-12-19 20:37:25.913527+00,
11534349-a0d0-48c7-9f13-809b22f87cfe,SP,Barra do Turvo,f,0,,0,2025-12-19 20:37:25.913527+00,
f6c7289a-029f-4df2-a4f5-cfc31d8e7a96,SP,Barretos,f,0,,0,2025-12-19 20:37:25.913527+00,
44a582fb-a0f9-4919-ac98-0d480dcc387d,SP,Barrinha,f,0,,0,2025-12-19 20:37:25.913527+00,
0b0ee138-c55c-4c89-88ec-c8910327124f,SP,Barueri,f,0,,0,2025-12-19 20:37:25.913527+00,
6112a342-6f13-4a1c-a6ad-9068f1c579a7,SP,Bastos,f,0,,0,2025-12-19 20:37:25.913527+00,
ed0c4a67-0373-4489-aec5-0b675146d8aa,SP,Batatais,f,0,,0,2025-12-19 20:37:25.913527+00,
534fbf7c-6ba4-40f0-bf38-6c0b2ad661d8,SP,Bauru,f,0,,0,2025-12-19 20:37:25.913527+00,
c49481e4-a046-46fe-9210-b2ea130804de,SP,Bebedouro,f,0,,0,2025-12-19 20:37:25.913527+00,
3e4cf54a-ba3d-452a-bafa-6f527b7146cf,SP,Bento de Abreu,f,0,,0,2025-12-19 20:37:25.913527+00,
f3ebdda2-2906-43dc-b8a0-a93b68acda06,SP,Bernardino de Campos,f,0,,0,2025-12-19 20:37:25.913527+00,
b236dea8-45b9-48c7-9419-b5da9b086708,SP,Bertioga,f,0,,0,2025-12-19 20:37:25.913527+00,
eaa41fd5-9102-43bc-a461-aa2619bd8225,SP,Bilac,f,0,,0,2025-12-19 20:37:25.913527+00,
9c189e22-5857-4c2f-877d-e76be78af8d1,SP,Birigui,f,0,,0,2025-12-19 20:37:25.913527+00,
d60a8486-757d-40bb-a7f7-f4a1e82bfb50,SP,Biritiba Mirim,f,0,,0,2025-12-19 20:37:25.913527+00,
0aae50f5-82da-4c85-a874-49ea538d4acc,SP,Boa Esperança do Sul,f,0,,0,2025-12-19 20:37:25.913527+00,
fc41c9cf-ff49-4c9e-952f-644063a10b46,SP,Bocaina,f,0,,0,2025-12-19 20:37:25.913527+00,
88946f8e-a15e-4289-8aae-e7cdc540958a,SP,Bofete,f,0,,0,2025-12-19 20:37:25.913527+00,
c21864d8-9519-4610-bb9b-ca87713c5326,SP,Boituva,f,0,,0,2025-12-19 20:37:25.913527+00,
6a03d3b0-2659-4b18-91ce-7e641ef18055,SP,Bom Jesus dos Perdões,f,0,,0,2025-12-19 20:37:25.913527+00,
0805e42e-5564-41b9-b35c-d65cb641c189,SP,Bom Sucesso de Itararé,f,0,,0,2025-12-19 20:37:25.913527+00,
606204d5-a3b5-488c-a0a5-751d2d3c4ded,SP,Borá,f,0,,0,2025-12-19 20:37:25.913527+00,
8be25f85-18f6-45fa-9ec2-b3ffa32e43c0,SP,Boraceia,f,0,,0,2025-12-19 20:37:25.913527+00,
2abe162a-6135-42ce-b32d-af3f167a68cd,SP,Borborema,f,0,,0,2025-12-19 20:37:25.913527+00,
3dc1b46b-7cef-4b17-881c-f454655bebde,SP,Borebi,f,0,,0,2025-12-19 20:37:25.913527+00,
a05e49b4-8f38-4dae-958b-af47d75e9c26,SP,Botucatu,f,0,,0,2025-12-19 20:37:25.913527+00,
ac2f9938-b895-48cb-82f1-adf6baa8ac5f,SP,Bragança Paulista,f,0,,0,2025-12-19 20:37:25.913527+00,
647fecc2-8931-4ffe-9ac7-f97cdaeeac4d,SP,Braúna,f,0,,0,2025-12-19 20:37:25.913527+00,
465f1d17-c7f0-4949-b56a-e83243032269,SP,Brejo Alegre,f,0,,0,2025-12-19 20:37:25.913527+00,
25aee5e4-4e70-4156-bf8e-4344569b878e,SP,Brodowski,f,0,,0,2025-12-19 20:37:25.913527+00,
0d928859-d4bb-4d27-8508-e78203fea3be,SP,Brotas,f,0,,0,2025-12-19 20:37:25.913527+00,
3faed210-3f9f-4b71-a567-049ab3f82791,SP,Buri,f,0,,0,2025-12-19 20:37:25.913527+00,
c3950e04-dd17-4f2b-a87e-8b6d5fe8b7e6,SP,Buritama,f,0,,0,2025-12-19 20:37:25.913527+00,
ea85a4c0-7c73-44f2-b058-6a5caa327113,SP,Buritizal,f,0,,0,2025-12-19 20:37:25.913527+00,
105e0797-d990-404f-a5ea-c1e70dc26d82,SP,Cabrália Paulista,f,0,,0,2025-12-19 20:37:25.913527+00,
2d18b16a-97be-4f9b-b60b-4e481e496359,SP,Cabreúva,f,0,,0,2025-12-19 20:37:25.913527+00,
dbefe8a4-5d7c-404b-adda-9e603bd06ff5,SP,Caçapava,f,0,,0,2025-12-19 20:37:25.913527+00,
7f3d72c8-c74b-4ce0-a7de-599e1f4782ce,SP,Cachoeira Paulista,f,0,,0,2025-12-19 20:37:25.913527+00,
d71ad93d-9884-4328-bcb8-d460697ac0ce,SP,Caconde,f,0,,0,2025-12-19 20:37:25.913527+00,
cffaf2a8-4461-418a-abcf-93d5db90c330,SP,Cafelândia,f,0,,0,2025-12-19 20:37:25.913527+00,
068f37b9-816b-41dd-9e35-e9295419a1e6,SP,Caiabu,f,0,,0,2025-12-19 20:37:25.913527+00,
a741607f-aa43-4d63-8895-6975506750af,SP,Caieiras,f,0,,0,2025-12-19 20:37:25.913527+00,
436343eb-7cb8-449c-811d-48d047b9589a,SP,Caiuá,f,0,,0,2025-12-19 20:37:25.913527+00,
c3658763-63b2-40e3-8733-ffba79f0cc8b,SP,Cajamar,f,0,,0,2025-12-19 20:37:25.913527+00,
60f6fb79-a690-4235-9f8c-5bc894134b29,SP,Cajati,f,0,,0,2025-12-19 20:37:25.913527+00,
34c605e2-34c1-4bae-8b9e-adaa6ed843d9,SP,Cajobi,f,0,,0,2025-12-19 20:37:25.913527+00,
67057549-8183-4925-984d-0c345e804145,SP,Cajuru,f,0,,0,2025-12-19 20:37:25.913527+00,
39065abe-e530-4c7e-9e6e-ba04cc99dfef,SP,Campina do Monte Alegre,f,0,,0,2025-12-19 20:37:25.913527+00,
e8fa9e78-2e8f-4988-8719-eddcaba2afed,SP,Campinas,f,0,,0,2025-12-19 20:37:25.913527+00,
5c331015-b954-4f0f-9c91-8f80a0c15699,SP,Campo Limpo Paulista,f,0,,0,2025-12-19 20:37:25.913527+00,
da0ab04d-0cec-40ed-b874-4bfac761fcae,SP,Campos do Jordão,f,0,,0,2025-12-19 20:37:25.913527+00,
9135b9ea-f144-46e6-a642-154f5107825e,SP,Campos Novos Paulista,f,0,,0,2025-12-19 20:37:25.913527+00,
716b136b-2daf-4895-90be-6a06bc9daaa7,SP,Cananéia,f,0,,0,2025-12-19 20:37:25.913527+00,
cdd5eaa9-aa18-43a5-acb9-5121326021dd,SP,Canas,f,0,,0,2025-12-19 20:37:25.913527+00,
171156f1-cd1d-4012-a144-a2aee85f801d,SP,Cândido Mota,f,0,,0,2025-12-19 20:37:25.913527+00,
3fab698f-7c85-4476-a77b-c74693175662,SP,Cândido Rodrigues,f,0,,0,2025-12-19 20:37:25.913527+00,
d4429f15-f245-4ce2-acb0-3945b94e09bd,SP,Canitar,f,0,,0,2025-12-19 20:37:25.913527+00,
db14a701-ae27-4ae6-917e-e9ce757401d0,SP,Capão Bonito,f,0,,0,2025-12-19 20:37:25.913527+00,
e44d59da-8fae-4d4e-b690-141e69be899f,SP,Capela do Alto,f,0,,0,2025-12-19 20:37:25.913527+00,
02f7b243-1d0a-47af-916e-6e1f51490abf,SP,Capivari,f,0,,0,2025-12-19 20:37:25.913527+00,
43fde246-e41e-40b4-a89b-7fda688e34c5,SP,Caraguatatuba,f,0,,0,2025-12-19 20:37:25.913527+00,
f1ffe60c-7601-46f3-b194-25dcd272d409,SP,Carapicuíba,f,0,,0,2025-12-19 20:37:25.913527+00,
ca14908d-ff8e-46cd-82f0-42798deda8e6,SP,Cardoso,f,0,,0,2025-12-19 20:37:25.913527+00,
719aa9cf-7789-4c23-b2c3-9c1e303c5731,SP,Casa Branca,f,0,,0,2025-12-19 20:37:25.913527+00,
e090f2df-77b9-4c47-8b99-51453bbc1415,SP,Cássia dos Coqueiros,f,0,,0,2025-12-19 20:37:25.913527+00,
1d2de59b-d8f8-434e-be61-a16d43f1fc03,SP,Castilho,f,0,,0,2025-12-19 20:37:25.913527+00,
aeefb42b-d32f-4bc0-9b74-9e35904465ca,SP,Catanduva,f,0,,0,2025-12-19 20:37:25.913527+00,
22c093dc-032b-4d55-8816-ff2d6fd6c1d1,SP,Catiguá,f,0,,0,2025-12-19 20:37:25.913527+00,
b67949d3-fa45-4025-ac3f-4384c37f5f45,SP,Cedral,f,0,,0,2025-12-19 20:37:25.913527+00,
516026e7-2d6e-4ca5-8166-8f2f1ef13f78,SP,Cerqueira César,f,0,,0,2025-12-19 20:37:25.913527+00,
25dbce48-3b36-42db-8037-c014e2330b69,SP,Cerquilho,f,0,,0,2025-12-19 20:37:25.913527+00,
e31484ad-e934-49a6-b3c7-7d4528df3e40,SP,Cesário Lange,f,0,,0,2025-12-19 20:37:25.913527+00,
a113cddf-ed3c-45c4-96ba-1f2443062c10,SP,Charqueada,f,0,,0,2025-12-19 20:37:25.913527+00,
59cfa2d4-3930-4b25-bc1a-654812f9c4bb,SP,Chavantes,f,0,,0,2025-12-19 20:37:25.913527+00,
158665ff-3756-41e9-9469-68d461519f5c,SP,Clementina,f,0,,0,2025-12-19 20:37:25.913527+00,
8f72ab8e-0a51-4c0b-a84b-e04b30cbc762,SP,Colina,f,0,,0,2025-12-19 20:37:25.913527+00,
101c2602-9aa0-4d62-bed8-d63a4ef7636c,SP,Colômbia,f,0,,0,2025-12-19 20:37:25.913527+00,
62ea0834-c1f4-485a-b0d9-f95a6aacfdbe,SP,Conchal,f,0,,0,2025-12-19 20:37:25.913527+00,
ad7ddadf-fc1b-45a1-84f6-b1feca984e75,SP,Conchas,f,0,,0,2025-12-19 20:37:25.913527+00,
83965f50-e54f-4d2b-a00e-60ab95cc9ac4,SP,Cordeirópolis,f,0,,0,2025-12-19 20:37:25.913527+00,
df43cd68-9f10-4fbc-b915-9887707626af,SP,Coroados,f,0,,0,2025-12-19 20:37:25.913527+00,
2542e558-a16b-4605-a922-5a0371205814,SP,Coronel Macedo,f,0,,0,2025-12-19 20:37:25.913527+00,
9934b482-45a9-4032-8d43-468be17eb1d1,SP,Corumbataí,f,0,,0,2025-12-19 20:37:25.913527+00,
2afcc8b0-6588-496c-8346-883c1808e573,SP,Cosmópolis,f,0,,0,2025-12-19 20:37:25.913527+00,
52dac614-f54e-4438-9af4-0905eef870fd,SP,Cosmorama,f,0,,0,2025-12-19 20:37:25.913527+00,
7e4f4df0-6af1-48f3-8263-56dcc62407de,SP,Cotia,f,0,,0,2025-12-19 20:37:25.913527+00,
3c7a4570-735b-45e6-a5a7-ff5fe4e3f514,SP,Cravinhos,f,0,,0,2025-12-19 20:37:25.913527+00,
62aeac96-6dca-446e-bb05-df93ef0ceace,SP,Cristais Paulista,f,0,,0,2025-12-19 20:37:25.913527+00,
bfe5a4b8-6580-4eb9-87fa-c33d8b2d069f,SP,Cruzália,f,0,,0,2025-12-19 20:37:25.913527+00,
38c1e7d6-0753-4058-b24b-d30eb43bd5ad,SP,Cruzeiro,f,0,,0,2025-12-19 20:37:25.913527+00,
8c496883-34ce-4ec6-b7ee-e3b75f5be2b7,SP,Cubatão,f,0,,0,2025-12-19 20:37:25.913527+00,
46353b21-dcbe-47aa-bc7b-a10a2c62c95b,SP,Cunha,f,0,,0,2025-12-19 20:37:25.913527+00,
12639776-4365-4743-9a33-b3c31f17d254,SP,Descalvado,f,0,,0,2025-12-19 20:37:25.913527+00,
0ce8f831-2356-4a4a-afe9-1519b27309d3,SP,Diadema,f,0,,0,2025-12-19 20:37:25.913527+00,
8322601f-7e70-4af0-b426-4708c9ec3d93,SP,Dirce Reis,f,0,,0,2025-12-19 20:37:25.913527+00,
654fbf58-3b32-4cf0-b6e8-b9b9b9b03709,SP,Divinolândia,f,0,,0,2025-12-19 20:37:25.913527+00,
6a3ec71c-93c3-4443-ba0c-760ed43f86c2,SP,Dobrada,f,0,,0,2025-12-19 20:37:25.913527+00,
c83d4717-53b2-40ce-88bb-655a5b03932c,SP,Dois Córregos,f,0,,0,2025-12-19 20:37:25.913527+00,
269c41df-bee1-469c-91c1-7010a25b6078,SP,Dolcinópolis,f,0,,0,2025-12-19 20:37:25.913527+00,
b723229e-7607-4657-ac0b-3a4f1b025d17,SP,Dourado,f,0,,0,2025-12-19 20:37:25.913527+00,
83b856d3-9402-4ed8-8c7f-e5f1f8705b88,SP,Dracena,f,0,,0,2025-12-19 20:37:25.913527+00,
74a96f49-aa2e-4ba5-babb-ca9cb5084a1e,SP,Duartina,f,0,,0,2025-12-19 20:37:25.913527+00,
6ab4b307-3544-46fd-a08b-72abb83deb0b,SP,Dumont,f,0,,0,2025-12-19 20:37:25.913527+00,
1b1904e0-cf3c-412b-9a84-90ee28a7b789,SP,Echaporã,f,0,,0,2025-12-19 20:37:25.913527+00,
064169f7-30c4-4181-b74d-ca9e16655e13,SP,Eldorado,f,0,,0,2025-12-19 20:37:25.913527+00,
ec4644bb-c9b5-4abb-a1a3-8f2969c66b61,SP,Elias Fausto,f,0,,0,2025-12-19 20:37:25.913527+00,
53bd511d-c828-4f83-aa0a-3c96faffd517,SP,Elisiário,f,0,,0,2025-12-19 20:37:25.913527+00,
b86dfaad-b762-4be5-b1ab-a8bdc077d735,SP,Embaúba,f,0,,0,2025-12-19 20:37:25.913527+00,
91033268-f414-48ab-91ef-5d91834d8457,SP,Embu das Artes,f,0,,0,2025-12-19 20:37:25.913527+00,
6d1637e0-e608-416e-a67c-e334a76785f2,SP,Embu-Guaçu,f,0,,0,2025-12-19 20:37:25.913527+00,
b029e648-8197-42e1-8124-ed1aade11d5a,SP,Emilianópolis,f,0,,0,2025-12-19 20:37:25.913527+00,
c8b9ec58-e261-4b5c-ad53-e5332d976372,SP,Engenheiro Coelho,f,0,,0,2025-12-19 20:37:25.913527+00,
e5cf2bfe-0c5e-4a13-9278-ac93735e77a9,SP,Espírito Santo do Pinhal,f,0,,0,2025-12-19 20:37:25.913527+00,
cfed70a5-03ee-43be-a204-6a907998cd61,SP,Espírito Santo do Turvo,f,0,,0,2025-12-19 20:37:25.913527+00,
f9b5b67e-ca31-4c35-9b58-8bc6f253991e,SP,Estiva Gerbi,f,0,,0,2025-12-19 20:37:25.913527+00,
99e5a881-cedc-4c54-8524-a8c5b3bb1071,SP,Estrela d'Oeste,f,0,,0,2025-12-19 20:37:25.913527+00,
67148360-633a-4506-8846-65e6c8707c9e,SP,Estrela do Norte,f,0,,0,2025-12-19 20:37:25.913527+00,
009edc1a-31c2-40ef-a060-f53540793684,SP,Euclides da Cunha Paulista,f,0,,0,2025-12-19 20:37:25.913527+00,
a1ca7f3d-9f8d-4978-b135-b1077a879168,SP,Fartura,f,0,,0,2025-12-19 20:37:25.913527+00,
c4ed6a20-480b-441c-a2c6-6503ed0f76dc,SP,Fernando Prestes,f,0,,0,2025-12-19 20:37:25.913527+00,
7edc9fe8-f513-4bc0-984b-4f237e508b1d,SP,Fernandópolis,f,0,,0,2025-12-19 20:37:25.913527+00,
ac98343d-e4cb-4b55-bea6-1f38e45bc7e3,SP,Fernão,f,0,,0,2025-12-19 20:37:25.913527+00,
6ef679fe-685b-4327-9913-348c313b01ff,SP,Ferraz de Vasconcelos,f,0,,0,2025-12-19 20:37:25.913527+00,
3af74804-dd30-4a80-8699-afabf6c390d8,SP,Flora Rica,f,0,,0,2025-12-19 20:37:25.913527+00,
2383f2e4-1137-40d7-9a3e-44eceb89b811,SP,Floreal,f,0,,0,2025-12-19 20:37:25.913527+00,
c0812fd3-26fa-4c13-a026-a6f02d037dad,SP,Flórida Paulista,f,0,,0,2025-12-19 20:37:25.913527+00,
f8f04475-a75d-418c-ae59-59d308431090,SP,Florínea,f,0,,0,2025-12-19 20:37:25.913527+00,
08124b63-7917-45fd-afbe-8b4d64174ac2,SP,Franca,f,0,,0,2025-12-19 20:37:25.913527+00,
83d16eac-a5c3-4723-8ad3-882515492327,SP,Francisco Morato,f,0,,0,2025-12-19 20:37:25.913527+00,
11c23ecf-0e24-47f4-bb4c-1b87dd01eef1,SP,Franco da Rocha,f,0,,0,2025-12-19 20:37:25.913527+00,
bb0c236e-b79b-49b3-9c14-4d78dd91523b,SP,Gabriel Monteiro,f,0,,0,2025-12-19 20:37:25.913527+00,
b0af95f5-6b5b-4ef6-8440-7342ed2f6d09,SP,Gália,f,0,,0,2025-12-19 20:37:25.913527+00,
a264fbca-021e-48bb-ad9d-8ea5c5c96a93,SP,Garça,f,0,,0,2025-12-19 20:37:25.913527+00,
bd5f4e85-51af-48ff-af22-3329f0a8fcac,SP,Gastão Vidigal,f,0,,0,2025-12-19 20:37:25.913527+00,
0d0a9b52-44b6-49b8-bb7c-ef390a9bd1f1,SP,Gavião Peixoto,f,0,,0,2025-12-19 20:37:25.913527+00,
da61a048-dcbf-4b84-8874-7c9b90f3abb1,SP,General Salgado,f,0,,0,2025-12-19 20:37:25.913527+00,
118dd79a-ea7e-442c-907d-7da816d67ade,SP,Getulina,f,0,,0,2025-12-19 20:37:25.913527+00,
bb111ff0-a49b-4eaf-a185-ef0de6f84b91,SP,Glicério,f,0,,0,2025-12-19 20:37:25.913527+00,
be15d3b4-3254-4f54-b644-18d7ac5a0ac2,SP,Guaiçara,f,0,,0,2025-12-19 20:37:25.913527+00,
66eecd4b-e4af-4cf1-b0cb-56fd70cfcd09,SP,Guaimbê,f,0,,0,2025-12-19 20:37:25.913527+00,
e27e9961-b063-4418-b504-de3521bea278,SP,Guaíra,f,0,,0,2025-12-19 20:37:25.913527+00,
dca4c4db-42a0-4ca6-99ad-c5aed8d55037,SP,Guapiaçu,f,0,,0,2025-12-19 20:37:25.913527+00,
b031df35-6a31-4c0a-ace8-874a9946ecd4,SP,Guapiara,f,0,,0,2025-12-19 20:37:25.913527+00,
81610a71-947c-4c0a-a2c6-a4edc2047fef,SP,Guará,f,0,,0,2025-12-19 20:37:25.913527+00,
105c7912-183f-4542-8713-c9c5aff88d36,SP,Guaraçaí,f,0,,0,2025-12-19 20:37:25.913527+00,
249228ef-c2dc-4165-95a4-d718bd4269eb,SP,Guaraci,f,0,,0,2025-12-19 20:37:25.913527+00,
e9f8afee-bc9b-4492-a1d6-3f50f96bdb04,SP,Guarani d'Oeste,f,0,,0,2025-12-19 20:37:25.913527+00,
2c9b0a80-7d74-4089-b00b-94d46f9392d6,SP,Guarantã,f,0,,0,2025-12-19 20:37:25.913527+00,
06959801-b069-4889-9ac3-109a63fd6cf8,SP,Guararapes,f,0,,0,2025-12-19 20:37:25.913527+00,
85081833-27d2-48cd-8372-b458f612f6ec,SP,Guararema,f,0,,0,2025-12-19 20:37:25.913527+00,
69fa733b-bb25-45e2-85de-679668964afb,SP,Guaratinguetá,f,0,,0,2025-12-19 20:37:25.913527+00,
31d8b9e4-6a26-43bc-875a-47c9cd0e8854,SP,Guareí,f,0,,0,2025-12-19 20:37:25.913527+00,
c08538f6-103a-45d9-b9a6-82bb63e2069c,SP,Guariba,f,0,,0,2025-12-19 20:37:25.913527+00,
53002178-10db-41c2-b396-96f725152b55,SP,Guarujá,f,0,,0,2025-12-19 20:37:25.913527+00,
b30791ab-9f76-438e-a79e-69fca9c7a932,SP,Guarulhos,f,0,,0,2025-12-19 20:37:25.913527+00,
32cb9b41-ea86-4cc3-a8e1-ccf2942f9f3e,SP,Guatapará,f,0,,0,2025-12-19 20:37:25.913527+00,
c513f1de-d4d3-475f-80eb-06e2696bd1fa,SP,Guzolândia,f,0,,0,2025-12-19 20:37:25.913527+00,
9b47298f-e179-4eee-b433-06bdd8c3eeb4,SP,Herculândia,f,0,,0,2025-12-19 20:37:25.913527+00,
08b5bc4e-f3ad-463d-afeb-b7b8ab3977df,SP,Holambra,f,0,,0,2025-12-19 20:37:25.913527+00,
341ca3ac-6e42-48b2-9fce-000d096375e2,SP,Hortolândia,f,0,,0,2025-12-19 20:37:25.913527+00,
14fc8688-a3fd-4bdf-84a3-557f37024463,SP,Iacanga,f,0,,0,2025-12-19 20:37:25.913527+00,
f9546175-1bc6-46a5-989e-075461f7d244,SP,Iacri,f,0,,0,2025-12-19 20:37:25.913527+00,
260f3d0b-d814-4fb4-8c9e-22608dc0314c,SP,Iaras,f,0,,0,2025-12-19 20:37:25.913527+00,
316fc5c4-6bc8-4e4d-a02b-d8e2f9bc714c,SP,Ibaté,f,0,,0,2025-12-19 20:37:25.913527+00,
d4f13c46-cd3d-45a4-8eed-fb9e3f3e2007,SP,Ibirá,f,0,,0,2025-12-19 20:37:25.913527+00,
b707c663-3e71-4c13-931f-a1f565bb8abe,SP,Ibirarema,f,0,,0,2025-12-19 20:37:25.913527+00,
a2107831-8ad6-42e6-8d96-f748b0fd90c8,SP,Ibitinga,f,0,,0,2025-12-19 20:37:25.913527+00,
a9cb151c-e521-44ea-829e-4f3a40c0b86c,SP,Ibiúna,f,0,,0,2025-12-19 20:37:25.913527+00,
51642bf5-5d64-49d4-bf74-a1416d9fc8a1,SP,Icém,f,0,,0,2025-12-19 20:37:25.913527+00,
c3fa73b4-9a20-461e-a89b-979035b14e4e,SP,Iepê,f,0,,0,2025-12-19 20:37:25.913527+00,
a74769d1-d41d-4b7f-92bb-d7c02c03e6ad,SP,Igaraçu do Tietê,f,0,,0,2025-12-19 20:37:25.913527+00,
80ff8f88-8c7a-48c0-8d0a-3f58f7565279,SP,Igarapava,f,0,,0,2025-12-19 20:37:25.913527+00,
1cf3f4c3-331a-48fc-b33a-765ee72652ec,SP,Igaratá,f,0,,0,2025-12-19 20:37:25.913527+00,
fe7bc6b2-66f1-40c2-ae72-be181cc2c9e5,SP,Iguape,f,0,,0,2025-12-19 20:37:25.913527+00,
68d3efcd-6f5c-424e-a0aa-c9f4a27a6452,SP,Ilha Comprida,f,0,,0,2025-12-19 20:37:25.913527+00,
4263c07d-d80d-4efc-b725-e21dd4193db8,SP,Ilha Solteira,f,0,,0,2025-12-19 20:37:25.913527+00,
aa1cca63-7694-4844-8c36-34f5a1e91f16,SP,Ilhabela,f,0,,0,2025-12-19 20:37:25.913527+00,
af70aafc-97dc-4d4b-8a15-6c1c9ee7f533,SP,Indaiatuba,f,0,,0,2025-12-19 20:37:25.913527+00,
0c9aad8a-52ca-4c65-9590-492e6047d9c3,SP,Indiana,f,0,,0,2025-12-19 20:37:25.913527+00,
cc08ae95-6eeb-4928-9faa-e98a31d69ae5,SP,Indiaporã,f,0,,0,2025-12-19 20:37:25.913527+00,
1f8cb734-d2ab-4023-9a88-c70703a38284,SP,Inúbia Paulista,f,0,,0,2025-12-19 20:37:25.913527+00,
3c8e9793-bd7e-40c4-a6c4-c2b9840f8ce9,SP,Ipaussu,f,0,,0,2025-12-19 20:37:25.913527+00,
e4df8111-a7cf-4f56-9502-f8d409e3e12d,SP,Iperó,f,0,,0,2025-12-19 20:37:25.913527+00,
6bb35b2b-a5c5-45a1-b257-1bd372cab34e,SP,Ipeúna,f,0,,0,2025-12-19 20:37:25.913527+00,
12a1ca56-c3d9-4c1f-b0b9-e3b3d8aada43,SP,Ipiguá,f,0,,0,2025-12-19 20:37:25.913527+00,
7f0b6209-57b3-470d-a958-cb03dec70a8a,SP,Iporanga,f,0,,0,2025-12-19 20:37:25.913527+00,
1b392373-0165-456c-add8-fcf165d838e9,SP,Ipuã,f,0,,0,2025-12-19 20:37:25.913527+00,
eea92925-ba21-4840-9d84-c57244e1dcd9,SP,Iracemápolis,f,0,,0,2025-12-19 20:37:25.913527+00,
ce1856e1-6ad6-4d90-864e-cccd8fe43114,SP,Irapuã,f,0,,0,2025-12-19 20:37:25.913527+00,
8789e7af-d645-4a49-a139-72f33f1f5408,SP,Irapuru,f,0,,0,2025-12-19 20:37:25.913527+00,
1b826795-2ba9-4937-9694-454b82472183,SP,Itaberá,f,0,,0,2025-12-19 20:37:25.913527+00,
87133ed2-6f98-4a4a-8314-02dafb61dc72,SP,Itaí,f,0,,0,2025-12-19 20:37:25.913527+00,
5afb0447-c259-4ecb-b8d5-64e3d84dc53e,SP,Itajobi,f,0,,0,2025-12-19 20:37:25.913527+00,
0ffd8f5b-8a08-4488-955a-52a6c9afa604,SP,Itaju,f,0,,0,2025-12-19 20:37:25.913527+00,
f9adc412-edd0-4625-becc-be9169a52281,SP,Itanhaém,f,0,,0,2025-12-19 20:37:25.913527+00,
74f25494-5b2b-49b3-b1f8-f9eda38e8265,SP,Itaóca,f,0,,0,2025-12-19 20:37:25.913527+00,
202406ab-441b-44d6-8cae-45c44317dd98,SP,Itapecerica da Serra,f,0,,0,2025-12-19 20:37:25.913527+00,
9c5c6939-b253-471e-a394-dc2038e83188,SP,Itapetininga,f,0,,0,2025-12-19 20:37:25.913527+00,
7ca9633c-da7f-44bf-a6a8-bcbe5c5574aa,SP,Itapeva,f,0,,0,2025-12-19 20:37:25.913527+00,
9125b268-481e-4e52-8e04-2d26a49d2637,SP,Itapevi,f,0,,0,2025-12-19 20:37:25.913527+00,
28d7d5e4-4866-4302-93e7-014de83c44dc,SP,Itapira,f,0,,0,2025-12-19 20:37:25.913527+00,
9432f98f-abef-4436-a95d-f8ed3bcb45be,SP,Itapirapuã Paulista,f,0,,0,2025-12-19 20:37:25.913527+00,
27cc42c9-1e91-43bb-ad29-ba358c1c33b5,SP,Itápolis,f,0,,0,2025-12-19 20:37:25.913527+00,
2dc80188-bb46-4899-adcc-bfde4ec82801,SP,Itaporanga,f,0,,0,2025-12-19 20:37:25.913527+00,
bdd3f3fd-f210-4ba7-b381-39955b6ca7ea,SP,Itapuí,f,0,,0,2025-12-19 20:37:25.913527+00,
e731a8e5-f6de-4939-b1ea-edbd85bbc5de,SP,Itapura,f,0,,0,2025-12-19 20:37:25.913527+00,
a63f01fc-2849-4b31-91f6-ba9b3e4b061f,SP,Itaquaquecetuba,f,0,,0,2025-12-19 20:37:25.913527+00,
360dd88c-a583-4379-af45-12cdf8a6ef25,SP,Itararé,f,0,,0,2025-12-19 20:37:25.913527+00,
b1d529ed-ac8b-4997-a6b2-047e348757ff,SP,Itariri,f,0,,0,2025-12-19 20:37:25.913527+00,
34e45315-f0fa-4cdf-bac9-5b28297b3ac5,SP,Itatiba,f,0,,0,2025-12-19 20:37:25.913527+00,
fe87ae6b-32ed-4e47-8056-0ad0319b0be4,SP,Itatinga,f,0,,0,2025-12-19 20:37:25.913527+00,
6a7be3a4-f274-4f61-a212-c1c863e860cb,SP,Itirapina,f,0,,0,2025-12-19 20:37:25.913527+00,
7ab1fb16-a43c-4889-843b-d3224e2dcff4,SP,Itirapuã,f,0,,0,2025-12-19 20:37:25.913527+00,
b0f0fc05-c11e-4b07-bb75-5d7f39ed995f,SP,Itobi,f,0,,0,2025-12-19 20:37:25.913527+00,
a27ce7f2-bacf-4c32-a233-53929927e168,SP,Itu,f,0,,0,2025-12-19 20:37:25.913527+00,
0c48e3ca-537e-4c4c-9a52-33e16e7af156,SP,Itupeva,f,0,,0,2025-12-19 20:37:25.913527+00,
06251787-e047-46ed-82a2-9cb172022f79,SP,Ituverava,f,0,,0,2025-12-19 20:37:25.913527+00,
fdd31ac2-f7b1-43e9-aaf6-f9a29086c876,SP,Jaborandi,f,0,,0,2025-12-19 20:37:25.913527+00,
654d1249-612a-4d65-b2d0-8ae689b4d5ca,SP,Jaboticabal,f,0,,0,2025-12-19 20:37:25.913527+00,
7f39d7bf-297f-47aa-bc7f-bba4523dcd71,SP,Jacareí,f,0,,0,2025-12-19 20:37:25.913527+00,
4a5420dc-3014-4f03-a726-3e8432505b20,SP,Jaci,f,0,,0,2025-12-19 20:37:25.913527+00,
fe419c51-72f8-4705-a482-ad9e3f8330f2,SP,Jacupiranga,f,0,,0,2025-12-19 20:37:25.913527+00,
5fab318a-0354-4807-a979-372962dd7041,SP,Jaguariúna,f,0,,0,2025-12-19 20:37:25.913527+00,
f12af05e-49df-4323-b8e7-7060521bbae7,SP,Jales,f,0,,0,2025-12-19 20:37:25.913527+00,
4a566d66-ec03-4485-83fb-f280f9521472,SP,Jambeiro,f,0,,0,2025-12-19 20:37:25.913527+00,
7082ea02-01cc-4716-8439-1d7675c24db2,SP,Jandira,f,0,,0,2025-12-19 20:37:25.913527+00,
7a19db7b-49f2-4d94-bf98-ff3a7f174922,SP,Jardinópolis,f,0,,0,2025-12-19 20:37:25.913527+00,
67934228-8027-4020-af0f-9c7d89201800,SP,Jarinu,f,0,,0,2025-12-19 20:37:25.913527+00,
a25419cb-54d9-4c77-b80a-b12eeda4801b,TO,Lajeado,f,0,,0,2025-12-19 20:37:26.528199+00,
580c3298-54f9-41e6-9200-08e960f1d3c3,TO,Lavandeira,f,0,,0,2025-12-19 20:37:26.528199+00,
db46cd2b-f9c0-45b0-bf89-65661dfd8382,TO,Lizarda,f,0,,0,2025-12-19 20:37:26.528199+00,
7375df54-4929-48ab-9a83-9ae97bd1674e,TO,Luzinópolis,f,0,,0,2025-12-19 20:37:26.528199+00,
e83fd3d3-9c12-4fd4-ab5e-ef678dc71770,TO,Marianópolis do Tocantins,f,0,,0,2025-12-19 20:37:26.528199+00,
84794103-f8a0-4e9f-9714-0fa60ca48e95,TO,Mateiros,f,0,,0,2025-12-19 20:37:26.528199+00,
ac768f23-bd8d-4db1-8e36-7c94aa82a51d,TO,Maurilândia do Tocantins,f,0,,0,2025-12-19 20:37:26.528199+00,
43010d86-7fc2-4f03-a259-b65189958d40,TO,Miracema do Tocantins,f,0,,0,2025-12-19 20:37:26.528199+00,
e2649cae-fb62-4284-b3b6-bdef59687f58,TO,Miranorte,f,0,,0,2025-12-19 20:37:26.528199+00,
881ce9e3-219e-4193-b551-e3f1d7013968,TO,Monte do Carmo,f,0,,0,2025-12-19 20:37:26.528199+00,
74fbb12a-6c24-49f4-94bc-4b7687ec06c0,TO,Monte Santo do Tocantins,f,0,,0,2025-12-19 20:37:26.528199+00,
f8dc4fcd-d9fa-47c6-bc06-d624c2f4fa55,TO,Muricilândia,f,0,,0,2025-12-19 20:37:26.528199+00,
76e570ed-27fd-4f85-88fb-4b723891d70a,TO,Natividade,f,0,,0,2025-12-19 20:37:26.528199+00,
1967dd6f-f017-443b-b47f-4787984262fa,TO,Nazaré,f,0,,0,2025-12-19 20:37:26.528199+00,
7a813ca7-ce15-4fc1-929d-ec900cde611d,TO,Nova Olinda,f,0,,0,2025-12-19 20:37:26.528199+00,
9ce2534c-0a60-4a67-a0ef-4ad19c9c794b,TO,Nova Rosalândia,f,0,,0,2025-12-19 20:37:26.528199+00,
fb692e83-4d89-4bb2-ba9c-6adf41ca82b5,TO,Novo Acordo,f,0,,0,2025-12-19 20:37:26.528199+00,
3d3525a1-979f-47e8-bd63-b2d208467c65,TO,Novo Alegre,f,0,,0,2025-12-19 20:37:26.528199+00,
255b2d95-0d4e-49df-951d-99ad0d77077d,TO,Novo Jardim,f,0,,0,2025-12-19 20:37:26.528199+00,
dd56d17a-d953-4c22-92c3-c5e34bcd614a,TO,Oliveira de Fátima,f,0,,0,2025-12-19 20:37:26.528199+00,
b192b9e4-8ff8-4281-bd26-ce9a9a6b4b95,TO,Palmas,f,0,,0,2025-12-19 20:37:26.528199+00,
3d5e913e-9010-4bee-b5c2-9786e3840ee5,TO,Palmeirante,f,0,,0,2025-12-19 20:37:26.528199+00,
a1b3a547-4620-4a51-aa2d-c5fab4ba6afd,TO,Palmeiras do Tocantins,f,0,,0,2025-12-19 20:37:26.528199+00,
c07a9bd0-3784-41fa-8ddd-d93d43656399,TO,Palmeirópolis,f,0,,0,2025-12-19 20:37:26.528199+00,
d007259d-5fce-4e5b-bd4a-b2c7d9aaf6b3,TO,Paraíso do Tocantins,f,0,,0,2025-12-19 20:37:26.528199+00,
b28b56a8-5b83-4044-98aa-9369f3bfb667,TO,Paranã,f,0,,0,2025-12-19 20:37:26.528199+00,
f8aeec2f-bcd1-4fb7-95a9-3b8b72110166,TO,Pau d'Arco,f,0,,0,2025-12-19 20:37:26.528199+00,
cdad0bce-18b7-4faa-b759-d7a84d25d0f1,TO,Pedro Afonso,f,0,,0,2025-12-19 20:37:26.528199+00,
354cb461-b02f-4244-8ab9-5414b6c75a65,TO,Peixe,f,0,,0,2025-12-19 20:37:26.528199+00,
e52e6253-1590-4794-a7ee-80799553e852,TO,Pequizeiro,f,0,,0,2025-12-19 20:37:26.528199+00,
dcb6e65d-97da-4f7d-bbb7-d90fc12fe58c,TO,Pindorama do Tocantins,f,0,,0,2025-12-19 20:37:26.528199+00,
039fda73-6836-4705-a5fe-38e23adad55a,TO,Piraquê,f,0,,0,2025-12-19 20:37:26.528199+00,
6459cc3e-1e02-4a44-82f2-57cfcbd0423a,TO,Pium,f,0,,0,2025-12-19 20:37:26.528199+00,
1553b164-aa20-4e40-994b-72256fcf9660,TO,Ponte Alta do Bom Jesus,f,0,,0,2025-12-19 20:37:26.528199+00,
19183aa8-5632-4070-90b9-4a1eca91f4ad,TO,Ponte Alta do Tocantins,f,0,,0,2025-12-19 20:37:26.528199+00,
d35ee524-3c08-4858-a68e-22268761fa13,TO,Porto Alegre do Tocantins,f,0,,0,2025-12-19 20:37:26.528199+00,
5ade36fc-ce8f-4d80-b56a-0e87de0cefcd,TO,Porto Nacional,f,0,,0,2025-12-19 20:37:26.528199+00,
ae5014be-339b-42a0-a91a-cbe795769835,TO,Praia Norte,f,0,,0,2025-12-19 20:37:26.528199+00,
1a47f43f-a842-4b0e-a2ba-a55eea561c35,TO,Presidente Kennedy,f,0,,0,2025-12-19 20:37:26.528199+00,
88fc0d45-c8b4-4cf5-a560-a8dea95d9abf,TO,Pugmil,f,0,,0,2025-12-19 20:37:26.528199+00,
b04ba23c-1b2f-4b78-ad65-8830d1270683,TO,Recursolândia,f,0,,0,2025-12-19 20:37:26.528199+00,
7fb23e7f-22ab-47a2-a035-99a6334bc74a,TO,Riachinho,f,0,,0,2025-12-19 20:37:26.528199+00,
f66653ab-5bbf-401f-8a5c-ff08bb54e0d8,TO,Rio da Conceição,f,0,,0,2025-12-19 20:37:26.528199+00,
50d4cdd2-e25d-47e9-b238-2a864d3fee51,TO,Rio dos Bois,f,0,,0,2025-12-19 20:37:26.528199+00,
7baed791-bf72-4de9-a9a5-9ce14d54480d,TO,Rio Sono,f,0,,0,2025-12-19 20:37:26.528199+00,
44fb24e8-3cde-4cb9-9087-5aede202fa1c,TO,Sampaio,f,0,,0,2025-12-19 20:37:26.528199+00,
5d249cc9-480d-41b9-a52f-ae6f6f547976,TO,Sandolândia,f,0,,0,2025-12-19 20:37:26.528199+00,
29310769-2dce-42b0-9b99-16e6aa911e0f,TO,Santa Fé do Araguaia,f,0,,0,2025-12-19 20:37:26.528199+00,
a90f880d-3f4b-406a-8685-5a708966ab33,TO,Santa Maria do Tocantins,f,0,,0,2025-12-19 20:37:26.528199+00,
10252f44-835f-41e4-830c-a8a9e4acdb6a,TO,Santa Rita do Tocantins,f,0,,0,2025-12-19 20:37:26.528199+00,
e482dd6c-3b6f-45a6-9539-80e640a05954,TO,Santa Rosa do Tocantins,f,0,,0,2025-12-19 20:37:26.528199+00,
78c226ac-8dbc-4d9a-96f8-ccf616750756,TO,Santa Tereza do Tocantins,f,0,,0,2025-12-19 20:37:26.528199+00,
435bdc76-97d6-4b88-b504-05a213095e65,SP,Nova Guataporanga,f,0,,0,2025-12-19 20:37:26.250058+00,
c99898d1-d771-4a6f-9fd2-28dbced2c53e,SP,Nova Independência,f,0,,0,2025-12-19 20:37:26.250058+00,
36cce8b9-6300-4db7-b30c-4a547fb959f8,SP,Nova Luzitânia,f,0,,0,2025-12-19 20:37:26.250058+00,
d61902c2-5a52-4a42-be7c-5604c773cc90,SP,Nova Odessa,f,0,,0,2025-12-19 20:37:26.250058+00,
668ae0ee-bc7b-46c4-8d98-63c77c69f266,SP,Novais,f,0,,0,2025-12-19 20:37:26.250058+00,
077bd874-8df5-421c-97d3-b0d9d90b0b3e,SP,Novo Horizonte,f,0,,0,2025-12-19 20:37:26.250058+00,
389ba1ae-a046-4b18-820f-a6e8289b5dc4,SP,Nuporanga,f,0,,0,2025-12-19 20:37:26.250058+00,
1f8964f1-eeb1-43c4-aae8-4b4d524cfc94,SP,Ocauçu,f,0,,0,2025-12-19 20:37:26.250058+00,
5e15f3a8-9d43-44a2-a6fd-6b565d55c6d2,SP,Óleo,f,0,,0,2025-12-19 20:37:26.250058+00,
51109119-85f4-4625-a465-333663cf2a05,SP,Olímpia,f,0,,0,2025-12-19 20:37:26.250058+00,
14eecfc7-9f06-4ebf-9654-9bc7973d00c1,SP,Onda Verde,f,0,,0,2025-12-19 20:37:26.250058+00,
c20da5be-e791-4a8d-a890-e2c443cf95e0,SP,Oriente,f,0,,0,2025-12-19 20:37:26.250058+00,
ecb2ccbe-2c0e-4f71-9fbe-8c220671e81c,SP,Orindiúva,f,0,,0,2025-12-19 20:37:26.250058+00,
85cc6c2f-bdb8-42df-91d8-2b40db5c4cc1,SP,Orlândia,f,0,,0,2025-12-19 20:37:26.250058+00,
7f47b3a4-ca23-48af-8633-8387122faeea,SP,Osasco,f,0,,0,2025-12-19 20:37:26.250058+00,
9b918859-435e-485b-bcab-89da631d3fef,SP,Oscar Bressane,f,0,,0,2025-12-19 20:37:26.250058+00,
d96ceaff-e0c7-47bc-abd5-c521008748f1,SP,Osvaldo Cruz,f,0,,0,2025-12-19 20:37:26.250058+00,
a0cea76a-636d-4685-8e69-826eb1744377,SP,Ourinhos,f,0,,0,2025-12-19 20:37:26.250058+00,
0f4c0c10-dfd8-472c-b95d-d2a538cab7c3,SP,Ouro Verde,f,0,,0,2025-12-19 20:37:26.250058+00,
e7bf669a-5557-481b-b351-25d596259f86,SP,Ouroeste,f,0,,0,2025-12-19 20:37:26.250058+00,
f2a57792-f2f6-4ee8-a3d7-de29487eda4f,SP,Pacaembu,f,0,,0,2025-12-19 20:37:26.250058+00,
c58f44ba-d781-45ca-acc8-d248b6b1645a,SP,Palestina,f,0,,0,2025-12-19 20:37:26.250058+00,
c30092a0-f035-4d1b-9b86-0258efe81ba8,SP,Palmares Paulista,f,0,,0,2025-12-19 20:37:26.250058+00,
f0605c7f-79cb-4960-bd48-3d5fdb677c6d,SP,Palmeira d'Oeste,f,0,,0,2025-12-19 20:37:26.250058+00,
14bb53ac-bb74-47de-b7b8-8a64a33f525d,SP,Palmital,f,0,,0,2025-12-19 20:37:26.250058+00,
62cd1e20-3602-4532-ac82-b5b87848bc85,SP,Panorama,f,0,,0,2025-12-19 20:37:26.250058+00,
d960aa0a-2e52-42a1-812b-6254ef26eb59,SP,Paraguaçu Paulista,f,0,,0,2025-12-19 20:37:26.250058+00,
24d7d848-7128-4596-b962-42dd3d1337f3,SP,Paraibuna,f,0,,0,2025-12-19 20:37:26.250058+00,
f26a26cc-e338-42f7-b8ce-51e6c9b1233f,SP,Paraíso,f,0,,0,2025-12-19 20:37:26.250058+00,
837f019d-7abf-4483-aaa4-89b0ce68a591,SP,Paranapanema,f,0,,0,2025-12-19 20:37:26.250058+00,
27d7a76a-d9fd-45f1-8a62-801380662107,SP,Paranapuã,f,0,,0,2025-12-19 20:37:26.250058+00,
e42d82a7-2ee0-4aec-b1f6-05559acb2ffc,SP,Parapuã,f,0,,0,2025-12-19 20:37:26.250058+00,
ea02983b-f310-450a-82bc-9d17b5f7f09c,SP,Pardinho,f,0,,0,2025-12-19 20:37:26.250058+00,
11328c57-44ab-4c2c-936e-7d33209de571,SP,Pariquera-Açu,f,0,,0,2025-12-19 20:37:26.250058+00,
5b6e971d-2bce-479f-a846-3beb41dc24a0,SP,Parisi,f,0,,0,2025-12-19 20:37:26.250058+00,
32b7a0b9-55f9-4459-bd2e-88ef8a80f65d,SP,Patrocínio Paulista,f,0,,0,2025-12-19 20:37:26.250058+00,
d7168b15-90ef-4473-8914-5d350c899b2c,SP,Paulicéia,f,0,,0,2025-12-19 20:37:26.250058+00,
7ecfe377-b82c-41f3-9b13-614387f6717e,SP,Paulínia,f,0,,0,2025-12-19 20:37:26.250058+00,
fa8e09b5-64ea-4bce-9206-b6b754dcb550,SP,Paulistânia,f,0,,0,2025-12-19 20:37:26.250058+00,
80a8c13b-c43d-47b5-8c03-16d2416f1e75,SP,Paulo de Faria,f,0,,0,2025-12-19 20:37:26.250058+00,
27809beb-2da3-4697-8f32-750dff5b893c,SP,Pederneiras,f,0,,0,2025-12-19 20:37:26.250058+00,
9693fef4-a9f0-426e-85ba-a2a9048363cf,SP,Pedra Bela,f,0,,0,2025-12-19 20:37:26.250058+00,
31252925-6bc3-4d28-ae04-06eab3c9d559,SP,Pedranópolis,f,0,,0,2025-12-19 20:37:26.250058+00,
cf254aef-5df3-451b-97a5-0f084d028786,SP,Pedregulho,f,0,,0,2025-12-19 20:37:26.250058+00,
916249be-df6c-4d6c-bcb9-151e8ad82b08,SP,Pedreira,f,0,,0,2025-12-19 20:37:26.250058+00,
f9923edd-e50f-4382-8c31-52199ac85854,SP,Pedrinhas Paulista,f,0,,0,2025-12-19 20:37:26.250058+00,
49c769a5-e389-4417-a9ac-c902a0ba3728,SP,Pedro de Toledo,f,0,,0,2025-12-19 20:37:26.250058+00,
e9c06b73-3b5b-47ac-9bdc-c664c5b09611,SP,Penápolis,f,0,,0,2025-12-19 20:37:26.250058+00,
9ff6cd5a-6454-4605-bf62-ad4cec84ff02,SP,Pereira Barreto,f,0,,0,2025-12-19 20:37:26.250058+00,
49a59966-9887-428c-ae94-7b7f71c7fbd9,SP,Pereiras,f,0,,0,2025-12-19 20:37:26.250058+00,
6714f2b4-d046-4d3d-812e-5e893a486b63,SP,Peruíbe,f,0,,0,2025-12-19 20:37:26.250058+00,
01a167a6-659e-4494-8847-2c5bb7909346,SP,Piacatu,f,0,,0,2025-12-19 20:37:26.250058+00,
000d5e4b-2c17-461b-a946-49a9e5d88182,SP,Piedade,f,0,,0,2025-12-19 20:37:26.250058+00,
c169eaf7-145c-4925-9f45-5e7792ed327c,SP,Pilar do Sul,f,0,,0,2025-12-19 20:37:26.250058+00,
f98b20e8-825c-4c5f-9bd3-f21f01ca185e,SP,Pindamonhangaba,f,0,,0,2025-12-19 20:37:26.250058+00,
dab7f28c-4b1a-4030-9de5-d7c4da607a28,SP,Pindorama,f,0,,0,2025-12-19 20:37:26.250058+00,
a24b8a7d-13ea-4746-ac90-79b5ca5225e0,SP,Pinhalzinho,f,0,,0,2025-12-19 20:37:26.250058+00,
5524c4c5-05a4-4e26-98f0-cda90ad88aaa,SP,Piquerobi,f,0,,0,2025-12-19 20:37:26.250058+00,
703f086c-ec74-445b-ae23-82ff0a85e088,SP,Piquete,f,0,,0,2025-12-19 20:37:26.250058+00,
310d4efb-922b-456a-94f2-d3c1ff835b3d,SP,Piracaia,f,0,,0,2025-12-19 20:37:26.250058+00,
0b0a819e-2fa6-491d-9b7a-88ce72adaeda,SP,Piracicaba,f,0,,0,2025-12-19 20:37:26.250058+00,
68fb69a6-6ed4-462a-8929-301981ae7f35,SP,Piraju,f,0,,0,2025-12-19 20:37:26.250058+00,
e9a59ab6-edde-4d22-a5db-4501fd85913a,SP,Pirajuí,f,0,,0,2025-12-19 20:37:26.250058+00,
f023a667-de54-4bc9-aa4d-17408d33cbae,SP,Pirangi,f,0,,0,2025-12-19 20:37:26.250058+00,
a93d8ee3-a846-4d72-9185-4e99f95e75a3,SP,Pirapora do Bom Jesus,f,0,,0,2025-12-19 20:37:26.250058+00,
8797e5e7-7179-4c09-856f-62793d99228b,SP,Pirapozinho,f,0,,0,2025-12-19 20:37:26.250058+00,
103e9aff-6272-417f-b84f-bc84d5398ec9,SP,Pirassununga,f,0,,0,2025-12-19 20:37:26.250058+00,
fcf29cb6-8e7c-4611-a0e0-0438e5db35e0,SP,Piratininga,f,0,,0,2025-12-19 20:37:26.250058+00,
8582ac17-25be-459a-bcc8-bffd4d89d985,SP,Pitangueiras,f,0,,0,2025-12-19 20:37:26.250058+00,
c8f703ff-fd28-488d-a9b9-cf9f5cf2dc9e,SP,Planalto,f,0,,0,2025-12-19 20:37:26.250058+00,
0148f846-68ef-4586-bc1a-b4848db8bdb0,SP,Platina,f,0,,0,2025-12-19 20:37:26.250058+00,
3accae1a-c904-4e90-825e-72681a5904f9,SP,Poá,f,0,,0,2025-12-19 20:37:26.250058+00,
73c81538-a46f-493c-8dd7-d945d5c03022,SP,Poloni,f,0,,0,2025-12-19 20:37:26.250058+00,
a8c9d8ab-afb4-4360-88ff-088484b586fc,SP,Pompéia,f,0,,0,2025-12-19 20:37:26.250058+00,
0c0b8e56-bc1e-41f9-92af-709579b6af0c,SP,Pongaí,f,0,,0,2025-12-19 20:37:26.250058+00,
f27dcc41-61ad-4b05-8c89-d79eb89e87fd,SP,Pontal,f,0,,0,2025-12-19 20:37:26.250058+00,
36a07794-b023-4caa-b9aa-44c3d745ab02,SP,Pontalinda,f,0,,0,2025-12-19 20:37:26.250058+00,
42e941c9-c500-4ea8-9aa5-1ae0ed8dc399,SP,Pontes Gestal,f,0,,0,2025-12-19 20:37:26.250058+00,
986fe403-3e84-4b31-b5f2-80a6f0b695f8,SP,Populina,f,0,,0,2025-12-19 20:37:26.250058+00,
a05d65ce-1f42-43e1-a454-ab0f90cae11d,SP,Porangaba,f,0,,0,2025-12-19 20:37:26.250058+00,
f9ab38e1-20d0-4670-8086-70a890220ef9,SP,Porto Feliz,f,0,,0,2025-12-19 20:37:26.250058+00,
b3b1fc26-3c0b-422c-98db-d45ebdf56ea6,SP,Porto Ferreira,f,0,,0,2025-12-19 20:37:26.250058+00,
8ed5bfa6-70bf-423d-a191-c22e7687979c,SP,Potim,f,0,,0,2025-12-19 20:37:26.250058+00,
025d97a8-b7e1-4d44-ace4-2362f956f6fe,SP,Potirendaba,f,0,,0,2025-12-19 20:37:26.250058+00,
76d9d5d6-a87c-45df-aea5-ac0cfc113bf6,SP,Pracinha,f,0,,0,2025-12-19 20:37:26.250058+00,
a4117097-4e47-4adb-845a-a8b590de9fb9,SP,Pradópolis,f,0,,0,2025-12-19 20:37:26.250058+00,
0d7721f4-dfb5-461e-a2d1-ee3ae55b3b40,SP,Praia Grande,f,0,,0,2025-12-19 20:37:26.250058+00,
87d46ed0-a2f4-4f05-a865-f41f2b00c93c,SP,Pratânia,f,0,,0,2025-12-19 20:37:26.250058+00,
23eadaaf-c54f-415b-be23-b9a87c7b377d,SP,Presidente Alves,f,0,,0,2025-12-19 20:37:26.250058+00,
6c121128-5320-4a60-adbc-c752478e60a6,SP,Presidente Bernardes,f,0,,0,2025-12-19 20:37:26.250058+00,
fbbb6049-77b2-402a-b45a-3e0254b7d1ae,SP,Presidente Epitácio,f,0,,0,2025-12-19 20:37:26.250058+00,
b099ce43-cabf-4288-9f8f-02ab9a88042d,SP,Presidente Prudente,f,0,,0,2025-12-19 20:37:26.250058+00,
918dce33-2218-4913-853a-92d295babad3,SP,Presidente Venceslau,f,0,,0,2025-12-19 20:37:26.250058+00,
238e3744-2351-4a2e-a693-3d8a5515e64d,SP,Promissão,f,0,,0,2025-12-19 20:37:26.250058+00,
9af8cc4e-18d5-4fba-8dfb-a5550d60618e,SP,Quadra,f,0,,0,2025-12-19 20:37:26.250058+00,
fc87bb46-2d44-40e4-ae76-b3f2aa81d001,SP,Quatá,f,0,,0,2025-12-19 20:37:26.250058+00,
480f1504-a639-48b1-ab37-65e4a7a287de,SP,Queiroz,f,0,,0,2025-12-19 20:37:26.250058+00,
1b0ce054-fb21-4007-b2ec-44aa6fa4c1c2,SP,Queluz,f,0,,0,2025-12-19 20:37:26.250058+00,
e61de4c4-aa8c-48b6-978a-1a7c9ed29642,SP,Quintana,f,0,,0,2025-12-19 20:37:26.250058+00,
a32ccbd7-1f47-4fbb-a796-5271b30d02b6,SP,Rafard,f,0,,0,2025-12-19 20:37:26.250058+00,
ff5672aa-238e-46e0-8950-d6eefe6d402c,SP,Rancharia,f,0,,0,2025-12-19 20:37:26.250058+00,
bb74cb5a-f679-4d61-9b75-5bc7e193a0dd,SP,Redenção da Serra,f,0,,0,2025-12-19 20:37:26.250058+00,
bd9fad29-9cd9-49fd-ad87-efb32b6f6ea8,SP,Regente Feijó,f,0,,0,2025-12-19 20:37:26.250058+00,
6d7571fb-ceb8-43ec-92b0-5e9302eb5a5d,SP,Reginópolis,f,0,,0,2025-12-19 20:37:26.250058+00,
b45b1ac6-c21f-4603-84e8-5b84f4188571,SP,Registro,f,0,,0,2025-12-19 20:37:26.250058+00,
10866842-c875-48fd-b53a-00469feeab42,SP,Restinga,f,0,,0,2025-12-19 20:37:26.250058+00,
9b93e4d6-e1ff-4ee7-92ca-f94c77347fa2,SP,Ribeira,f,0,,0,2025-12-19 20:37:26.250058+00,
8ad41b26-4c5d-4ad7-aa8c-d9f72995b4b8,SP,Ribeirão Bonito,f,0,,0,2025-12-19 20:37:26.250058+00,
d4f2a5f0-ec64-4c8b-84b6-a63a1c102b8c,SP,Ribeirão Branco,f,0,,0,2025-12-19 20:37:26.250058+00,
c38a4a03-f85b-4757-9392-465dc0e6671c,SP,Ribeirão Corrente,f,0,,0,2025-12-19 20:37:26.250058+00,
57d4ab79-e94a-4257-ada8-acfbb19faca0,SP,Ribeirão do Sul,f,0,,0,2025-12-19 20:37:26.250058+00,
007e2972-fb4f-451c-9dfc-d4ae1c5f377d,SP,Ribeirão dos Índios,f,0,,0,2025-12-19 20:37:26.250058+00,
86d9c40e-5057-4c4f-9c9f-54b62cee8518,SP,Ribeirão Grande,f,0,,0,2025-12-19 20:37:26.250058+00,
d97f47f3-cf8e-40ad-b59a-e9d34e9ad924,SP,Ribeirão Pires,f,0,,0,2025-12-19 20:37:26.250058+00,
775e7188-3361-4eba-927b-4f013067c48e,SP,Ribeirão Preto,f,0,,0,2025-12-19 20:37:26.250058+00,
786428f2-5464-4e5a-b0a7-8ac04b0f3fa8,SP,Rifaina,f,0,,0,2025-12-19 20:37:26.250058+00,
6de6582f-aa48-47e1-90d8-98ae286cac9e,SP,Rincão,f,0,,0,2025-12-19 20:37:26.250058+00,
c9ebb634-132f-4594-af09-0198e2fec1d9,SP,Rinópolis,f,0,,0,2025-12-19 20:37:26.250058+00,
751306da-5b32-4703-a847-ccd4ee7256fa,SP,Rio Claro,f,0,,0,2025-12-19 20:37:26.250058+00,
d2fcb255-0e35-48b9-acae-2453278ca52c,SP,Rio das Pedras,f,0,,0,2025-12-19 20:37:26.250058+00,
7b3b0a45-ea59-42fc-bbf7-750781888346,SP,Rio Grande da Serra,f,0,,0,2025-12-19 20:37:26.250058+00,
1dcb77bd-c7fd-4c2e-b419-57d7b9e0f70f,SP,Riolândia,f,0,,0,2025-12-19 20:37:26.250058+00,
ba929080-9016-485a-b995-2e33d5ffd3aa,SP,Riversul,f,0,,0,2025-12-19 20:37:26.250058+00,
fbc23f9d-d181-478a-8249-6a8620933845,SP,Rosana,f,0,,0,2025-12-19 20:37:26.250058+00,
0ec63b22-bdf6-4b42-aa1b-d29db6be66e2,SP,Roseira,f,0,,0,2025-12-19 20:37:26.250058+00,
ab804442-eb17-44b8-a90d-564f79c77335,SP,Rubiácea,f,0,,0,2025-12-19 20:37:26.250058+00,
d27ab41d-5d48-488f-bb9f-d0454109dce6,SP,Rubinéia,f,0,,0,2025-12-19 20:37:26.250058+00,
801f8c07-c8c4-408f-8844-9ad45c95f8e2,SP,Sabino,f,0,,0,2025-12-19 20:37:26.250058+00,
855317ae-394f-468f-ae16-91e3fdfd2ed3,SP,Sagres,f,0,,0,2025-12-19 20:37:26.250058+00,
4b1db83a-7ca0-4c4d-9f65-6f8d194f821b,SP,Sales,f,0,,0,2025-12-19 20:37:26.250058+00,
1f20e456-f9bd-438d-99d7-1e64584b3ec7,SP,Sales Oliveira,f,0,,0,2025-12-19 20:37:26.250058+00,
a3165ca5-76b8-49a4-846f-5e9283502386,SP,Salesópolis,f,0,,0,2025-12-19 20:37:26.250058+00,
4e96c7fb-81cd-4de5-8dc5-744e1e82eec8,SP,Salmourão,f,0,,0,2025-12-19 20:37:26.250058+00,
8c7c9956-8d47-4fb8-8014-ab11aff8ed73,SP,Saltinho,f,0,,0,2025-12-19 20:37:26.250058+00,
1fe53f92-d4b6-41bc-bb4e-d43d68d2390c,SP,Salto,f,0,,0,2025-12-19 20:37:26.250058+00,
5bd7b5a0-0834-4bcd-8b28-661c80230e91,SP,Salto de Pirapora,f,0,,0,2025-12-19 20:37:26.250058+00,
1fcf8d90-8a45-4d02-8d56-715b73a4be4e,SP,Salto Grande,f,0,,0,2025-12-19 20:37:26.250058+00,
330dcf4d-9615-439c-8148-39883cd439ff,SP,Sandovalina,f,0,,0,2025-12-19 20:37:26.250058+00,
d50c32ff-357d-412c-95f4-ff3304ff55a4,SP,Santa Adélia,f,0,,0,2025-12-19 20:37:26.250058+00,
f233b8b7-0ba4-4fb4-8023-b81f49a51b63,SP,Santa Albertina,f,0,,0,2025-12-19 20:37:26.250058+00,
213067ce-335a-4d06-8cbf-64530b9c0889,SP,Santa Bárbara d'Oeste,f,0,,0,2025-12-19 20:37:26.250058+00,
362b6fe1-d2e5-461e-baa3-2b5daf1620a3,SP,Santa Branca,f,0,,0,2025-12-19 20:37:26.250058+00,
44ab819d-77b1-4df7-a4d8-411d98b7b3a7,SP,Santa Clara d'Oeste,f,0,,0,2025-12-19 20:37:26.250058+00,
dcfe9d66-f1ff-464a-9483-66d4df7c01ab,SP,Santa Cruz da Conceição,f,0,,0,2025-12-19 20:37:26.250058+00,
77d121ef-ac1c-4f24-88ba-297713442f55,SP,Santa Cruz da Esperança,f,0,,0,2025-12-19 20:37:26.250058+00,
49c64f74-c58d-495a-a3e8-72433cd5672a,SP,Santa Cruz das Palmeiras,f,0,,0,2025-12-19 20:37:26.250058+00,
7c94da60-92e2-44d9-ba8a-65c614718381,SP,Santa Cruz do Rio Pardo,f,0,,0,2025-12-19 20:37:26.250058+00,
a7a5cc4d-8dd0-44e1-b826-8692c5a7f15f,SP,Santa Ernestina,f,0,,0,2025-12-19 20:37:26.250058+00,
8a5c3a6e-6bba-4cbf-9bd2-001a47cb11f1,SP,Santa Fé do Sul,f,0,,0,2025-12-19 20:37:26.250058+00,
ef5d4446-e8d4-4e67-8433-cb804140c664,SP,Santa Gertrudes,f,0,,0,2025-12-19 20:37:26.250058+00,
711bfc75-4bfb-4f3d-9b57-b08cb90b0afa,SP,Santa Isabel,f,0,,0,2025-12-19 20:37:26.250058+00,
df3be7e5-d3a4-491b-815a-949ce34ad619,SP,Santa Lúcia,f,0,,0,2025-12-19 20:37:26.250058+00,
ecbd7802-71b5-4fd7-a4a8-962be344ed21,SP,Santa Maria da Serra,f,0,,0,2025-12-19 20:37:26.250058+00,
26738329-bf57-45d8-914f-04392bdc4fed,SP,Santa Mercedes,f,0,,0,2025-12-19 20:37:26.250058+00,
d6106348-8dbf-4e90-8e2c-afd01b56a7b4,SP,Santa Rita d'Oeste,f,0,,0,2025-12-19 20:37:26.250058+00,
533155e4-4695-4482-b5a7-4777b1586705,SP,Santa Rita do Passa Quatro,f,0,,0,2025-12-19 20:37:26.250058+00,
69162b43-6976-45f5-8b64-7098f8317f91,SP,Santa Rosa de Viterbo,f,0,,0,2025-12-19 20:37:26.250058+00,
e82daa82-371a-404a-98a6-a8c7887a9835,SP,Santa Salete,f,0,,0,2025-12-19 20:37:26.250058+00,
99991365-ec65-4226-a49d-ea8179eb7bac,SP,Santana da Ponte Pensa,f,0,,0,2025-12-19 20:37:26.250058+00,
1b2928fe-cc11-478d-a41c-45b15a51ac3f,SP,Santana de Parnaíba,f,0,,0,2025-12-19 20:37:26.250058+00,
b471d344-b338-4910-8aed-a466826dac14,SP,Santo Anastácio,f,0,,0,2025-12-19 20:37:26.250058+00,
3ee1d717-f4eb-47fc-b756-0ed7f064581b,SP,Santo André,f,0,,0,2025-12-19 20:37:26.250058+00,
8dc44600-6929-4f19-8fad-50577de9f14a,SP,Santo Antônio da Alegria,f,0,,0,2025-12-19 20:37:26.250058+00,
bc3ef034-461e-4f3f-9667-26b16cce412b,SP,Santo Antônio de Posse,f,0,,0,2025-12-19 20:37:26.250058+00,
13cb0d31-5fc3-44a5-a413-d4e86a270d6e,SP,Santo Antônio do Aracanguá,f,0,,0,2025-12-19 20:37:26.250058+00,
98bc6d03-8e72-43c6-82fb-c6d6b9e36d95,SP,Santo Antônio do Jardim,f,0,,0,2025-12-19 20:37:26.250058+00,
e7739954-ad34-4a34-8f1c-ec011ca4c6d0,SP,Santo Antônio do Pinhal,f,0,,0,2025-12-19 20:37:26.250058+00,
7a2521d1-5b9f-48d2-819a-c088f07ef393,SP,Santo Expedito,f,0,,0,2025-12-19 20:37:26.250058+00,
91bc81d5-a541-4789-bca3-965742c48e54,SP,Santópolis do Aguapeí,f,0,,0,2025-12-19 20:37:26.250058+00,
ed8e6ebc-acf7-4f02-94a8-078d5222f54d,SP,Santos,f,0,,0,2025-12-19 20:37:26.250058+00,
3413b1df-bd37-4b83-8236-b087fa80c257,SP,São Bento do Sapucaí,f,0,,0,2025-12-19 20:37:26.250058+00,
92f7af27-a36f-4c36-bd44-79821f703aa4,SP,São Bernardo do Campo,f,0,,0,2025-12-19 20:37:26.250058+00,
b1ef47a8-53c6-4999-886a-7433587407c5,SP,São Caetano do Sul,f,0,,0,2025-12-19 20:37:26.250058+00,
3b65ab32-b8f7-4967-80f1-f225f25fdfd5,SP,São Carlos,f,0,,0,2025-12-19 20:37:26.250058+00,
9acc6abd-3bc5-494b-9dc1-b42abed4f3fe,SP,São Francisco,f,0,,0,2025-12-19 20:37:26.250058+00,
f0fb5428-fea4-48f8-b221-9126e2bd5986,SP,São João da Boa Vista,f,0,,0,2025-12-19 20:37:26.250058+00,
79b542d8-42ec-45fc-93c3-71cabe4224b8,SP,São João das Duas Pontes,f,0,,0,2025-12-19 20:37:26.250058+00,
deb27767-c486-41ca-ade1-65ff333f38c6,SP,São João de Iracema,f,0,,0,2025-12-19 20:37:26.250058+00,
92c4235b-fe5a-4ca3-992d-a867517c9f95,SP,São João do Pau d'Alho,f,0,,0,2025-12-19 20:37:26.250058+00,
59b050c1-bbae-4260-b857-32528f41fe13,SP,São Joaquim da Barra,f,0,,0,2025-12-19 20:37:26.250058+00,
b5b8da8f-768b-4c35-9da6-4153d6fc83b7,SP,São José da Bela Vista,f,0,,0,2025-12-19 20:37:26.250058+00,
b232fbc5-fe95-4efc-aed2-40f886fd4146,SP,São José do Barreiro,f,0,,0,2025-12-19 20:37:26.250058+00,
bb764281-0e45-44d9-bf21-ef4a5b28b4bb,SP,São José do Rio Pardo,f,0,,0,2025-12-19 20:37:26.250058+00,
8a54a6dd-e3ca-412f-ad15-df8bce4f62c5,SP,São José do Rio Preto,f,0,,0,2025-12-19 20:37:26.250058+00,
cd36335c-8aa2-4d48-860e-54176281df06,SP,São José dos Campos,f,0,,0,2025-12-19 20:37:26.250058+00,
9c9cfee7-0a3c-44f8-9fef-ebf17426c8ad,SP,São Lourenço da Serra,f,0,,0,2025-12-19 20:37:26.250058+00,
1182ed0f-6538-4746-818d-0813c7c69420,SP,São Luís do Paraitinga,f,0,,0,2025-12-19 20:37:26.250058+00,
1a99f2c8-24a9-488d-8eaf-d1cb6fd2fcb1,SP,São Manuel,f,0,,0,2025-12-19 20:37:26.250058+00,
9995d590-5a4e-4954-b949-8e9b2ab36a09,SP,São Miguel Arcanjo,f,0,,0,2025-12-19 20:37:26.250058+00,
38021a33-bcba-4127-adf9-d1c59b8ece61,SP,São Paulo,f,0,,0,2025-12-19 20:37:26.250058+00,
a4102b40-1645-49bd-a176-d3d2f806c19d,SP,São Pedro,f,0,,0,2025-12-19 20:37:26.250058+00,
83be2d2c-85c3-4d12-a3b8-5b8debe64ece,SP,São Pedro do Turvo,f,0,,0,2025-12-19 20:37:26.250058+00,
6dbed71c-c61c-456c-ad52-9f5d50c3d580,SP,São Roque,f,0,,0,2025-12-19 20:37:26.250058+00,
20673072-d4c2-422c-8c5d-0c783af66bed,SP,São Sebastião,f,0,,0,2025-12-19 20:37:26.250058+00,
873e63a2-6c2a-4592-9d0d-c3678bcfdeda,SP,São Sebastião da Grama,f,0,,0,2025-12-19 20:37:26.250058+00,
21398659-72b0-4125-a55e-2cff1108de63,SP,São Simão,f,0,,0,2025-12-19 20:37:26.250058+00,
58f7d237-0708-4d89-b1ba-3b78409389e6,SP,São Vicente,f,0,,0,2025-12-19 20:37:26.250058+00,
40a70bed-cf9d-47b2-9ed4-72cb0ed46622,SP,Sarapuí,f,0,,0,2025-12-19 20:37:26.250058+00,
1af620ba-78df-4279-9e55-6cbe43721a34,SP,Sarutaiá,f,0,,0,2025-12-19 20:37:26.250058+00,
31592208-ac35-4cdf-a48a-9d98db908990,SP,Sebastianópolis do Sul,f,0,,0,2025-12-19 20:37:26.250058+00,
b8340874-4da4-4c3d-aa4c-9d671b048f04,SP,Serra Azul,f,0,,0,2025-12-19 20:37:26.250058+00,
cdde7434-5499-4ea1-a01f-eedb86868c1a,SP,Serra Negra,f,0,,0,2025-12-19 20:37:26.250058+00,
df6434d4-0661-412a-96b6-95efdc040fd7,SP,Serrana,f,0,,0,2025-12-19 20:37:26.250058+00,
c9e12585-7f4e-4d84-a246-ce647e21facf,SP,Sertãozinho,f,0,,0,2025-12-19 20:37:26.250058+00,
20820e63-ad8e-468e-984f-866b30a0affd,SP,Sete Barras,f,0,,0,2025-12-19 20:37:26.250058+00,
f8919252-fd0b-4889-880d-bc3438905b53,SP,Severínia,f,0,,0,2025-12-19 20:37:26.250058+00,
8e68d573-2f9a-4523-b469-983c7e082822,SP,Silveiras,f,0,,0,2025-12-19 20:37:26.250058+00,
7c884410-c7ec-4104-930f-ecd505c5225f,SP,Socorro,f,0,,0,2025-12-19 20:37:26.250058+00,
20acb94d-5268-41ff-b46a-0f08a6484a70,SP,Sorocaba,f,0,,0,2025-12-19 20:37:26.250058+00,
8f042a91-2077-4d47-aef5-92e1efe92798,SP,Sud Mennucci,f,0,,0,2025-12-19 20:37:26.250058+00,
15bd9a87-d0dc-44f1-8a11-836bf0f5029a,SP,Sumaré,f,0,,0,2025-12-19 20:37:26.250058+00,
3e5c8712-6e82-4c8a-86ba-b668e85191c6,SP,Suzanápolis,f,0,,0,2025-12-19 20:37:26.250058+00,
1bbff6ca-f77f-4929-8d1c-f3752120e36b,SP,Suzano,f,0,,0,2025-12-19 20:37:26.250058+00,
7db722ba-6c78-4a04-b77f-ce84f2490c66,SP,Tabapuã,f,0,,0,2025-12-19 20:37:26.250058+00,
011b1ac5-ef36-42ed-8f55-e116e7e4debf,SP,Tabatinga,f,0,,0,2025-12-19 20:37:26.250058+00,
e1e23548-2c72-430f-8d32-d64ac9db3577,SP,Taboão da Serra,f,0,,0,2025-12-19 20:37:26.250058+00,
739a7516-f5d7-4323-8731-73fbfea0e099,SP,Taciba,f,0,,0,2025-12-19 20:37:26.250058+00,
af8fa283-e9ed-4b2c-a3a6-eacc73dc0145,SP,Taguaí,f,0,,0,2025-12-19 20:37:26.250058+00,
9e7fdfb4-9156-4e05-91f5-8639f841d754,SP,Taiaçu,f,0,,0,2025-12-19 20:37:26.250058+00,
3d188e35-bcb1-4cee-b486-b5c112b4687a,SP,Taiúva,f,0,,0,2025-12-19 20:37:26.250058+00,
cedee888-ccc7-44b5-bb01-935c79801dc3,SP,Tambaú,f,0,,0,2025-12-19 20:37:26.250058+00,
bbab31a0-0107-4208-9f55-2456376ecf7d,SP,Tanabi,f,0,,0,2025-12-19 20:37:26.250058+00,
015da421-2ac1-44b5-9186-c900f41d0826,SP,Tapiraí,f,0,,0,2025-12-19 20:37:26.250058+00,
e57d5d1c-83ef-4861-9ba2-18927a2a0687,SP,Tapiratiba,f,0,,0,2025-12-19 20:37:26.250058+00,
ace84370-9c8c-44d3-85cc-ae8acdfaeb9a,SP,Taquaral,f,0,,0,2025-12-19 20:37:26.250058+00,
d072c3d6-0784-4908-9c8d-08f098e2f578,SP,Taquaritinga,f,0,,0,2025-12-19 20:37:26.250058+00,
80d5c649-25bc-4395-a1c6-090d85670242,SP,Taquarituba,f,0,,0,2025-12-19 20:37:26.250058+00,
e741be9a-220a-4dfd-b04c-ef00ec8c608f,SP,Taquarivaí,f,0,,0,2025-12-19 20:37:26.250058+00,
9d1b3c80-0f89-420d-8d02-aedd24dd0bd2,SP,Tarabai,f,0,,0,2025-12-19 20:37:26.250058+00,
7d706412-54e2-4d2f-a5ea-b9a9b4c85cb9,SP,Tarumã,f,0,,0,2025-12-19 20:37:26.250058+00,
bf02f2fb-90cf-439e-9768-83ff83eb24ab,SP,Tatuí,f,0,,0,2025-12-19 20:37:26.250058+00,
feafe8b8-8873-4ee2-8715-2976fad9fdec,SP,Taubaté,f,0,,0,2025-12-19 20:37:26.250058+00,
641788bb-f169-40d3-810a-006285ab0c42,SP,Tejupá,f,0,,0,2025-12-19 20:37:26.250058+00,
4244d7de-1ef8-48a4-bf99-0b51387e3644,SP,Teodoro Sampaio,f,0,,0,2025-12-19 20:37:26.250058+00,
406abd20-dd5a-4e05-a187-136d9d31918a,SP,Terra Roxa,f,0,,0,2025-12-19 20:37:26.250058+00,
7747a870-4dd3-4826-b135-818e1b2ec0f8,SP,Tietê,f,0,,0,2025-12-19 20:37:26.250058+00,
8fccc867-a61b-48e4-b089-219531b1d10a,SP,Timburi,f,0,,0,2025-12-19 20:37:26.250058+00,
480d6206-b372-440f-b433-00a298cb19d5,SP,Torre de Pedra,f,0,,0,2025-12-19 20:37:26.250058+00,
da75fcea-001b-4abd-a5c3-749d89c57253,SP,Torrinha,f,0,,0,2025-12-19 20:37:26.250058+00,
85487122-ea92-407e-a92b-6080b16fad5f,SP,Trabiju,f,0,,0,2025-12-19 20:37:26.250058+00,
b0fb78f1-d3fa-4687-9096-b752734689fd,SP,Tremembé,f,0,,0,2025-12-19 20:37:26.250058+00,
eee19569-74dc-4cb2-a95d-145129807e66,SP,Três Fronteiras,f,0,,0,2025-12-19 20:37:26.250058+00,
1c4c440e-bf37-426c-b0cb-bcbaa1857f39,SP,Tuiuti,f,0,,0,2025-12-19 20:37:26.250058+00,
221f8cda-3763-4500-9e37-bace88982c0c,SP,Tupã,f,0,,0,2025-12-19 20:37:26.250058+00,
2b520b8e-42d9-418a-89cd-df89abc4741c,SP,Tupi Paulista,f,0,,0,2025-12-19 20:37:26.250058+00,
24ed72e2-ce5a-44fc-ad61-e97a080ef482,SP,Turiúba,f,0,,0,2025-12-19 20:37:26.250058+00,
9293936b-d04d-4bfc-9d7c-d88d6c4fa2bd,SP,Turmalina,f,0,,0,2025-12-19 20:37:26.250058+00,
5b02189d-ce3f-4a8d-9bf5-fdf666cc5d36,SP,Ubarana,f,0,,0,2025-12-19 20:37:26.250058+00,
63cc5cc6-686c-48f7-9870-281282bec2eb,SP,Ubatuba,f,0,,0,2025-12-19 20:37:26.250058+00,
d90d2176-7d6f-4b1a-afaa-24dfba1a50af,SP,Ubirajara,f,0,,0,2025-12-19 20:37:26.250058+00,
8f6288dc-8f73-4c6d-8844-0e4125fc79d2,SP,Uchoa,f,0,,0,2025-12-19 20:37:26.250058+00,
5fd9a87c-0183-4920-adef-0b104ae7c2d8,SP,União Paulista,f,0,,0,2025-12-19 20:37:26.250058+00,
50e8fb96-1370-4f37-b852-c80651aa0630,SP,Urânia,f,0,,0,2025-12-19 20:37:26.250058+00,
9570ac82-b535-4ada-a4c2-26e6a7507879,SP,Uru,f,0,,0,2025-12-19 20:37:26.250058+00,
b09c6f9e-0892-404c-bab2-4211db87f431,SP,Urupês,f,0,,0,2025-12-19 20:37:26.250058+00,
737dd48a-ad05-4b1a-9f0c-0767c02b6399,SP,Valentim Gentil,f,0,,0,2025-12-19 20:37:26.250058+00,
ac365927-3e5c-4a64-9359-818633811efc,SP,Valinhos,f,0,,0,2025-12-19 20:37:26.250058+00,
1aac14f2-59b1-4160-8010-09f33c223349,SP,Valparaíso,f,0,,0,2025-12-19 20:37:26.250058+00,
0cb76d79-a661-44da-ba8d-fa681b7881ee,SP,Vargem,f,0,,0,2025-12-19 20:37:26.250058+00,
74d3673f-2f2e-4558-bcd1-6faaffbccdd2,SP,Vargem Grande do Sul,f,0,,0,2025-12-19 20:37:26.250058+00,
88cb61fb-ddb1-4580-a245-39f387373599,SP,Vargem Grande Paulista,f,0,,0,2025-12-19 20:37:26.250058+00,
3f4e0c43-744f-4db1-a846-1aebcc330bb2,SP,Várzea Paulista,f,0,,0,2025-12-19 20:37:26.250058+00,
a032d19c-14f7-4cd4-a348-da9bd27462bb,SP,Vera Cruz,f,0,,0,2025-12-19 20:37:26.250058+00,
2eebebdd-f174-4248-b6b7-14da93292b00,SP,Vinhedo,f,0,,0,2025-12-19 20:37:26.250058+00,
f8c8989d-d091-4166-b4b1-ac8c698b7d98,SP,Viradouro,f,0,,0,2025-12-19 20:37:26.250058+00,
523f1b5c-ff6e-447a-81aa-01a2cb699410,SP,Vista Alegre do Alto,f,0,,0,2025-12-19 20:37:26.250058+00,
49fafd61-801b-49b7-8e8e-d4da58f254b6,SP,Vitória Brasil,f,0,,0,2025-12-19 20:37:26.250058+00,
d136f456-8cfe-4ea0-82b4-f91ad2ce14b2,SP,Votorantim,f,0,,0,2025-12-19 20:37:26.250058+00,
70c8ae39-8b8d-4265-902f-a0e76bff69dc,SP,Votuporanga,f,0,,0,2025-12-19 20:37:26.250058+00,
fd5289c5-e931-4edb-ac7d-e24e4e8cd284,SP,Zacarias,f,0,,0,2025-12-19 20:37:26.250058+00,
b8881541-bc33-4627-b3ae-3cff2763b50e,SE,Amparo de São Francisco,f,0,,0,2025-12-19 20:37:26.250058+00,
8ed956d3-1019-4716-9fff-f1719f20ef51,SE,Aquidabã,f,0,,0,2025-12-19 20:37:26.250058+00,
362eb22a-8ae0-4fcf-a1c5-bcc76d3dd085,SE,Aracaju,f,0,,0,2025-12-19 20:37:26.250058+00,
5804d339-5d2d-41eb-882d-43e38a77459c,SE,Arauá,f,0,,0,2025-12-19 20:37:26.250058+00,
8dbbf748-fd0d-4a71-950b-3cc9f78544c9,SE,Areia Branca,f,0,,0,2025-12-19 20:37:26.250058+00,
3894f378-26d4-4423-bf64-c9c1cc585012,SE,Barra dos Coqueiros,f,0,,0,2025-12-19 20:37:26.250058+00,
fdbe0a5a-51ac-41fe-bd80-71eb8ba33846,SE,Boquim,f,0,,0,2025-12-19 20:37:26.250058+00,
bab7cdb5-0c2d-449e-88f2-c2c88b3c94ea,SE,Brejo Grande,f,0,,0,2025-12-19 20:37:26.250058+00,
75f54348-058e-4737-ade0-36eacc046e02,SE,Campo do Brito,f,0,,0,2025-12-19 20:37:26.250058+00,
b6033d1a-b698-466d-847c-59b2b78e57c0,SE,Canhoba,f,0,,0,2025-12-19 20:37:26.250058+00,
7643a943-73e1-4ad2-b4b6-f72c2c2ca8fa,SE,Canindé de São Francisco,f,0,,0,2025-12-19 20:37:26.250058+00,
58237ac1-a8ed-48a0-90a3-30a3f9abfde3,SE,Capela,f,0,,0,2025-12-19 20:37:26.250058+00,
fef221ea-a003-4bcd-b391-40b48987b4fd,SE,Carira,f,0,,0,2025-12-19 20:37:26.250058+00,
22a0b33f-9dac-43cb-8706-0240ea93861f,SE,Carmópolis,f,0,,0,2025-12-19 20:37:26.250058+00,
db94785a-f841-44d7-9d7e-4e2ba7068b2f,SE,Cedro de São João,f,0,,0,2025-12-19 20:37:26.250058+00,
637dc279-d7a8-4c1a-b906-e2386da1bbb7,SE,Cristinápolis,f,0,,0,2025-12-19 20:37:26.250058+00,
b95e27e6-e899-4c84-955a-da83be030004,SE,Cumbe,f,0,,0,2025-12-19 20:37:26.250058+00,
0d4c7b33-de23-494c-b1bb-2798cbca90bd,SE,Divina Pastora,f,0,,0,2025-12-19 20:37:26.250058+00,
a6500a04-8b91-4555-9e30-db65623e6cb2,SE,Estância,f,0,,0,2025-12-19 20:37:26.250058+00,
08a683d1-1df0-449f-b87b-d45bb8643eda,SE,Feira Nova,f,0,,0,2025-12-19 20:37:26.250058+00,
8f161e31-c689-4b3e-ab35-de302c691408,SE,Frei Paulo,f,0,,0,2025-12-19 20:37:26.250058+00,
b905518a-6ae6-41ff-99d5-c18c49c1b8e7,SE,Gararu,f,0,,0,2025-12-19 20:37:26.250058+00,
75116dac-d205-47a5-b48e-163041ccfd8d,SE,General Maynard,f,0,,0,2025-12-19 20:37:26.250058+00,
081b74cf-0557-4335-ba26-a8c912fb6bf0,SE,Gracho Cardoso,f,0,,0,2025-12-19 20:37:26.250058+00,
8ab40c77-f333-43ef-8f35-137ceba61be3,SE,Ilha das Flores,f,0,,0,2025-12-19 20:37:26.250058+00,
7d041b11-3ee3-405f-82d8-324b9d499e2f,SE,Indiaroba,f,0,,0,2025-12-19 20:37:26.250058+00,
f68a5ac0-4898-4167-a06f-aaef8d00bc1d,SE,Itabaiana,f,0,,0,2025-12-19 20:37:26.250058+00,
eb49398b-b144-43b1-bdf1-4887b95686a1,SE,Itabaianinha,f,0,,0,2025-12-19 20:37:26.250058+00,
25faaafc-1ee5-4ced-a4a3-d5310d40dcab,SE,Itabi,f,0,,0,2025-12-19 20:37:26.250058+00,
228625e9-3be1-447c-92fe-5fb7bcbf21f0,SE,Itaporanga d'Ajuda,f,0,,0,2025-12-19 20:37:26.250058+00,
6318c2bf-e18e-40bc-8abd-9a9e4a0c6863,SE,Japaratuba,f,0,,0,2025-12-19 20:37:26.250058+00,
8f5b8ae0-8b9e-4044-9285-f50af853d240,SE,Japoatã,f,0,,0,2025-12-19 20:37:26.250058+00,
7b9de093-f888-4013-8b92-c874b226608b,SE,Lagarto,f,0,,0,2025-12-19 20:37:26.250058+00,
b9d7355e-237c-4332-b975-9c2ba60cf191,SE,Laranjeiras,f,0,,0,2025-12-19 20:37:26.250058+00,
9454f0fc-55f2-4ed6-8b3d-a3cbd554cf2a,SE,Macambira,f,0,,0,2025-12-19 20:37:26.250058+00,
1d252731-79a4-44df-92b1-4effe3447e47,SE,Malhada dos Bois,f,0,,0,2025-12-19 20:37:26.250058+00,
4a55234c-081f-4fdf-8259-ab70cf72bee3,SE,Malhador,f,0,,0,2025-12-19 20:37:26.250058+00,
c69400a1-c904-4707-9a9d-41b22122713e,SE,Maruim,f,0,,0,2025-12-19 20:37:26.250058+00,
fc92b3d7-56f0-4ed9-84e3-2e89f4640f29,SE,Moita Bonita,f,0,,0,2025-12-19 20:37:26.250058+00,
62d90641-129c-41ab-923e-798be964df0b,SE,Monte Alegre de Sergipe,f,0,,0,2025-12-19 20:37:26.250058+00,
ee1971b3-2544-4a07-bd1b-ae30140a3519,SE,Muribeca,f,0,,0,2025-12-19 20:37:26.250058+00,
44e05f48-9b22-4f42-9e8d-d189d5919548,SE,Neópolis,f,0,,0,2025-12-19 20:37:26.250058+00,
66493ea5-1708-43b6-aee4-bafd7b98b160,SE,Nossa Senhora Aparecida,f,0,,0,2025-12-19 20:37:26.250058+00,
3de1aa98-ec89-424f-bda8-c8dc71d8c708,SE,Nossa Senhora da Glória,f,0,,0,2025-12-19 20:37:26.250058+00,
484a7876-7e38-4fad-a087-51705616c948,SE,Nossa Senhora das Dores,f,0,,0,2025-12-19 20:37:26.250058+00,
a9896bf1-5990-4590-9c69-767ef5a002b0,SE,Nossa Senhora de Lourdes,f,0,,0,2025-12-19 20:37:26.250058+00,
9c6651ab-264e-4647-abed-12230e70edb6,SE,Nossa Senhora do Socorro,f,0,,0,2025-12-19 20:37:26.250058+00,
373a3af1-8287-4ef1-8a33-5dbf5139d0aa,SE,Pacatuba,f,0,,0,2025-12-19 20:37:26.250058+00,
dfe1909d-d450-46f5-80c8-379c441aaf12,SE,Pedra Mole,f,0,,0,2025-12-19 20:37:26.250058+00,
db03eeb7-6c22-42d2-9aa7-414bd233d59e,SE,Pedrinhas,f,0,,0,2025-12-19 20:37:26.250058+00,
83ac62ef-cff6-440f-a5d8-b62cde6dded8,SE,Pinhão,f,0,,0,2025-12-19 20:37:26.250058+00,
244deab7-824d-48ce-839e-aba0b75f4478,SE,Pirambu,f,0,,0,2025-12-19 20:37:26.250058+00,
ec998c92-8520-49bc-81fa-a2c7110de945,SE,Poço Redondo,f,0,,0,2025-12-19 20:37:26.250058+00,
9671485f-55de-464e-8899-b9848cd0af70,SE,Poço Verde,f,0,,0,2025-12-19 20:37:26.250058+00,
dcfa85b3-3ea9-4cbe-b6a0-b3e257d3fabf,SE,Porto da Folha,f,0,,0,2025-12-19 20:37:26.250058+00,
c621e128-480c-49c1-be69-2ffd62db4de6,SE,Propriá,f,0,,0,2025-12-19 20:37:26.250058+00,
6c8498b9-68b5-48d7-b6f0-facfc0e52f71,SE,Riachão do Dantas,f,0,,0,2025-12-19 20:37:26.250058+00,
8d8e752a-df62-49d0-915e-dd694f7acb17,SE,Riachuelo,f,0,,0,2025-12-19 20:37:26.250058+00,
80960466-72c4-466c-8042-cd73fa295728,SE,Ribeirópolis,f,0,,0,2025-12-19 20:37:26.250058+00,
777e2578-0e50-4b89-8474-aa0b31788498,SE,Rosário do Catete,f,0,,0,2025-12-19 20:37:26.250058+00,
11e8de4d-6df0-4d66-ab6d-57972f675fb0,SE,Salgado,f,0,,0,2025-12-19 20:37:26.250058+00,
220035de-777a-40fb-b022-d0a6fc6a366b,SE,Santa Luzia do Itanhy,f,0,,0,2025-12-19 20:37:26.250058+00,
7075185a-5bd3-434f-8f4f-57323f7d36aa,SE,Santa Rosa de Lima,f,0,,0,2025-12-19 20:37:26.250058+00,
c83a1f97-3651-4375-9372-60aae905ac07,SE,Santana do São Francisco,f,0,,0,2025-12-19 20:37:26.250058+00,
5283e73d-d0ae-45fb-9c01-51d67dc199bc,SE,Santo Amaro das Brotas,f,0,,0,2025-12-19 20:37:26.250058+00,
58822cd6-7359-4ed6-b2ff-73f8bfae0d7b,SE,São Cristóvão,f,0,,0,2025-12-19 20:37:26.250058+00,
60f32048-143a-4cd3-941e-695bbcfdf9be,SE,São Domingos,f,0,,0,2025-12-19 20:37:26.250058+00,
25ae6b8d-629a-4eb5-96d2-4efeec26c386,SE,São Francisco,f,0,,0,2025-12-19 20:37:26.250058+00,
41aa6050-eecc-42c5-8878-1d257ce60da9,SE,São Miguel do Aleixo,f,0,,0,2025-12-19 20:37:26.250058+00,
0290bb78-dbe7-46c0-b656-35adaa55d079,SE,Simão Dias,f,0,,0,2025-12-19 20:37:26.250058+00,
1032e7a8-3d5c-4764-a7a5-dc0f053406e2,SE,Siriri,f,0,,0,2025-12-19 20:37:26.250058+00,
ecfd502b-2389-4579-94a9-d2d2f45e3577,SE,Telha,f,0,,0,2025-12-19 20:37:26.250058+00,
d0486021-f070-4c33-bceb-56016c775cfd,SE,Tobias Barreto,f,0,,0,2025-12-19 20:37:26.250058+00,
fb5306ae-a31d-4b0f-a2bb-493e80db3f19,SE,Tomar do Geru,f,0,,0,2025-12-19 20:37:26.250058+00,
6992d281-1c30-457d-96cc-a612a78305e5,SE,Umbaúba,f,0,,0,2025-12-19 20:37:26.250058+00,
cc5e4e9d-1fa8-4620-8730-717c72b8010d,TO,Abreulândia,f,0,,0,2025-12-19 20:37:26.250058+00,
eb15b461-8a48-4264-ba24-849817768c10,TO,Aguiarnópolis,f,0,,0,2025-12-19 20:37:26.250058+00,
948cfbbe-942f-48aa-9d0c-8729fa9ae9dc,TO,Aliança do Tocantins,f,0,,0,2025-12-19 20:37:26.250058+00,
3e3c17e4-5918-4c5f-9ce3-1ae4213edce5,TO,Almas,f,0,,0,2025-12-19 20:37:26.250058+00,
f7203799-ae4c-498a-99f9-d6582a246e2e,TO,Alvorada,f,0,,0,2025-12-19 20:37:26.250058+00,
17aa4ba4-9204-401a-81b0-6da73f7c4be5,TO,Ananás,f,0,,0,2025-12-19 20:37:26.250058+00,
1fef90c8-45fb-425b-aaef-d46dc1b5385f,TO,Angico,f,0,,0,2025-12-19 20:37:26.250058+00,
2f924571-bfed-4933-af1c-f610a594d523,TO,Aparecida do Rio Negro,f,0,,0,2025-12-19 20:37:26.250058+00,
e1d3122d-01b2-4960-aced-bdd28679bc7d,TO,Aragominas,f,0,,0,2025-12-19 20:37:26.250058+00,
ffb3e556-7f0a-41d8-b701-732916ad6bf2,TO,Araguacema,f,0,,0,2025-12-19 20:37:26.250058+00,
aed0eec7-63aa-427d-bd29-4d1565d24b5a,TO,Araguaçu,f,0,,0,2025-12-19 20:37:26.250058+00,
7dd4449e-1538-40ba-aa5c-e2beb2c58394,TO,Araguaína,f,0,,0,2025-12-19 20:37:26.250058+00,
c10b1a2e-0042-4de0-b685-9cd4eb5a690c,TO,Araguanã,f,0,,0,2025-12-19 20:37:26.250058+00,
61891526-e5c4-43b5-822b-5de827fd9a82,TO,Araguatins,f,0,,0,2025-12-19 20:37:26.250058+00,
a4765247-3721-4302-9f87-9241bd9f0da4,TO,Arapoema,f,0,,0,2025-12-19 20:37:26.250058+00,
fbe47e45-e606-44b7-b95a-99295285de7a,TO,Arraias,f,0,,0,2025-12-19 20:37:26.250058+00,
6b6f6652-c49e-4b4f-bc7a-9a7d582c9c8c,TO,Augustinópolis,f,0,,0,2025-12-19 20:37:26.250058+00,
40ea916a-b9f5-4b63-9a8c-3e7cc7e4619b,TO,Aurora do Tocantins,f,0,,0,2025-12-19 20:37:26.250058+00,
840373e3-6797-4c3a-bd57-6c89dc2f08ef,TO,Axixá do Tocantins,f,0,,0,2025-12-19 20:37:26.250058+00,
470c8f91-916b-46c2-9b02-80da20c25ec3,TO,Babaçulândia,f,0,,0,2025-12-19 20:37:26.250058+00,
c3852b50-d5a3-4e82-9344-94e898aed38b,TO,Bandeirantes do Tocantins,f,0,,0,2025-12-19 20:37:26.250058+00,
f2626b3c-58e2-406c-96ce-b4a341c238ed,TO,Barra do Ouro,f,0,,0,2025-12-19 20:37:26.250058+00,
f5fe3bb2-d4f8-4294-95a0-06623cf077cc,TO,Barrolândia,f,0,,0,2025-12-19 20:37:26.250058+00,
031db1e9-197a-40da-b6af-1a0aea13277f,TO,Bernardo Sayão,f,0,,0,2025-12-19 20:37:26.250058+00,
ee28ec2d-5879-4ba7-936d-de63ae311e23,TO,Bom Jesus do Tocantins,f,0,,0,2025-12-19 20:37:26.250058+00,
5015ef9f-e5b3-4a7e-b1af-f7b831a8b34a,TO,Brasilândia do Tocantins,f,0,,0,2025-12-19 20:37:26.250058+00,
ac33e069-004c-4ec5-9dd8-dd5481aae243,TO,Brejinho de Nazaré,f,0,,0,2025-12-19 20:37:26.250058+00,
1676641c-990f-4724-bc87-fed7e5cb63ef,TO,Buriti do Tocantins,f,0,,0,2025-12-19 20:37:26.250058+00,
5d4b9b9d-6c42-4f23-ab37-44baf773305e,TO,Cachoeirinha,f,0,,0,2025-12-19 20:37:26.250058+00,
b7929978-9cba-4ce8-8d63-7ca6d0177d8f,TO,Campos Lindos,f,0,,0,2025-12-19 20:37:26.250058+00,
15665ae2-e328-482b-a85f-8811290bb0c2,TO,Cariri do Tocantins,f,0,,0,2025-12-19 20:37:26.250058+00,
29de0c3c-6fd5-4295-a743-f8f0d9e8afb3,TO,Carmolândia,f,0,,0,2025-12-19 20:37:26.250058+00,
db52141c-db43-49ce-b28a-e46be2c549ba,TO,Carrasco Bonito,f,0,,0,2025-12-19 20:37:26.250058+00,
1b60de6b-44c6-435b-9f96-2b0608cc6e25,TO,Caseara,f,0,,0,2025-12-19 20:37:26.250058+00,
95a0488d-beab-4c3d-b12f-dbbf30fd0773,TO,Centenário,f,0,,0,2025-12-19 20:37:26.250058+00,
5de353b7-e4f6-4c56-9428-250276a6f4d5,TO,Chapada da Natividade,f,0,,0,2025-12-19 20:37:26.250058+00,
bffb9153-d089-4c65-b0e3-917159d3968b,TO,Chapada de Areia,f,0,,0,2025-12-19 20:37:26.250058+00,
d8662ac6-779b-4457-8d37-01c5073be49c,TO,Colinas do Tocantins,f,0,,0,2025-12-19 20:37:26.250058+00,
0a63ea67-19b7-401b-b96f-6878849c7988,TO,Colméia,f,0,,0,2025-12-19 20:37:26.250058+00,
93216c8c-66df-46c7-88e9-bf6922018f43,TO,Combinado,f,0,,0,2025-12-19 20:37:26.250058+00,
9c24fc3f-bc6c-47a3-8316-63d5513a8cbb,TO,Conceição do Tocantins,f,0,,0,2025-12-19 20:37:26.250058+00,
e693e5bb-eb2a-46a6-ad9d-b261474d07ff,TO,Couto Magalhães,f,0,,0,2025-12-19 20:37:26.250058+00,
db9d016f-1ce1-40b7-83ca-43c15d05c296,TO,Cristalândia,f,0,,0,2025-12-19 20:37:26.250058+00,
9ca7d288-4811-49e1-ba60-3fcf4232b69f,TO,Crixás do Tocantins,f,0,,0,2025-12-19 20:37:26.250058+00,
7788bc84-f3c1-4e43-9170-21333c312b4f,TO,Darcinópolis,f,0,,0,2025-12-19 20:37:26.250058+00,
0555fd8d-29e3-4081-bd41-c904d9ddabbf,TO,Dianópolis,f,0,,0,2025-12-19 20:37:26.250058+00,
3800d7b2-316b-425f-8a01-484b8dc5b3ab,TO,Divinópolis do Tocantins,f,0,,0,2025-12-19 20:37:26.250058+00,
2eb2ada8-7fca-478b-8c6e-e941554b0d75,TO,Dois Irmãos do Tocantins,f,0,,0,2025-12-19 20:37:26.250058+00,
e07014e1-6a6d-4f8f-876a-9d11b0a04506,TO,Dueré,f,0,,0,2025-12-19 20:37:26.250058+00,
359b3954-e4ea-46ba-ba4b-5955b6685411,TO,Esperantina,f,0,,0,2025-12-19 20:37:26.250058+00,
287885b9-0ef5-42be-bd3f-4876541aa248,TO,Fátima,f,0,,0,2025-12-19 20:37:26.250058+00,
576e5c98-f692-415a-a4dc-fa322004f2fe,TO,Figueirópolis,f,0,,0,2025-12-19 20:37:26.250058+00,
b55aaa7c-8253-47d2-a8fe-c5d21b5c076e,TO,Filadélfia,f,0,,0,2025-12-19 20:37:26.250058+00,
ebbf456c-12ac-4ea3-9b93-fe7c26898257,TO,Formoso do Araguaia,f,0,,0,2025-12-19 20:37:26.250058+00,
63834be8-9014-4951-8ff0-944874ffd0c4,TO,Fortaleza do Tabocão,f,0,,0,2025-12-19 20:37:26.250058+00,
b987cfdd-78aa-4270-8497-5d64bb666e95,TO,Goianorte,f,0,,0,2025-12-19 20:37:26.250058+00,
c5512b27-b885-4a86-9292-2d2871854ce2,TO,Goiatins,f,0,,0,2025-12-19 20:37:26.250058+00,
cc86956c-6e4c-4c99-9aa1-01844a2d5a99,TO,Guaraí,f,0,,0,2025-12-19 20:37:26.250058+00,
453911f3-b0e6-485a-a275-960c3dbf667d,TO,Gurupi,f,0,,0,2025-12-19 20:37:26.250058+00,
24e2ff6d-b515-447c-ac25-cfd009fb8682,TO,Ipueiras,f,0,,0,2025-12-19 20:37:26.250058+00,
3e11ac21-e20b-424a-8cc6-b16f72cc849e,TO,Itacajá,f,0,,0,2025-12-19 20:37:26.250058+00,
a5068a17-0f07-41c8-9f0e-afdde9b037b7,TO,Itaguatins,f,0,,0,2025-12-19 20:37:26.250058+00,
d761bcd9-140c-4c33-a72c-0486fbb6dee3,TO,Itapiratins,f,0,,0,2025-12-19 20:37:26.250058+00,
560aa0c7-027b-430e-862f-01652ffc8e81,TO,Itaporã do Tocantins,f,0,,0,2025-12-19 20:37:26.250058+00,
54149be7-8db9-4a85-8cab-bb5c2446ac6f,TO,Jaú do Tocantins,f,0,,0,2025-12-19 20:37:26.250058+00,
2b09d4a9-d631-450e-8686-0cf052a66ac6,TO,Juarina,f,0,,0,2025-12-19 20:37:26.250058+00,
574609b0-ed84-4623-b6b7-a7cdb7a60c8b,TO,Lagoa da Confusão,f,0,,0,2025-12-19 20:37:26.250058+00,
4c32f8b4-91d6-4a11-acf6-187d7439f9ef,TO,Lagoa do Tocantins,f,0,,0,2025-12-19 20:37:26.250058+00,
63c89824-4a70-40a4-84d3-553b145b1078,MG,Viçosa,t,0,,0,2025-12-19 20:37:24.183482+00,2025-12-19 20:41:22.866+00
83c9946c-1a0d-49ea-b07a-ee725ae22532,TO,Santa Terezinha do Tocantins,f,0,,0,2025-12-19 20:37:26.528199+00,
61e98bab-922a-4b60-bbc5-abd65271a31a,TO,São Bento do Tocantins,f,0,,0,2025-12-19 20:37:26.528199+00,
136ac40d-e390-45f5-847f-30ccadef37c6,TO,São Félix do Tocantins,f,0,,0,2025-12-19 20:37:26.528199+00,
572415dc-ad98-49b7-b457-7e642e97ca0a,TO,São Miguel do Tocantins,f,0,,0,2025-12-19 20:37:26.528199+00,
7a76959c-c8a3-4be2-9ef7-c982629ba5b7,TO,São Salvador do Tocantins,f,0,,0,2025-12-19 20:37:26.528199+00,
be131b69-36e4-4493-996a-ff9ce1c2a862,TO,São Sebastião do Tocantins,f,0,,0,2025-12-19 20:37:26.528199+00,
d07001f7-243d-4d55-85c0-f6363739933f,TO,São Valério,f,0,,0,2025-12-19 20:37:26.528199+00,
377c2ef8-ce19-46de-bfff-032b1ea6ae94,TO,Silvanópolis,f,0,,0,2025-12-19 20:37:26.528199+00,
d1a6709b-9010-4c8f-99c8-cff728219634,TO,Sítio Novo do Tocantins,f,0,,0,2025-12-19 20:37:26.528199+00,
a7810b81-6ef9-4089-9992-8afc4aa4a13d,TO,Sucupira,f,0,,0,2025-12-19 20:37:26.528199+00,
e09d565a-1a7e-4dfd-9f4f-2d48bcbf4a70,TO,Taguatinga,f,0,,0,2025-12-19 20:37:26.528199+00,
b72368b4-1192-4c84-a19a-de2a2102dde0,TO,Taipas do Tocantins,f,0,,0,2025-12-19 20:37:26.528199+00,
0723d62a-55b0-4d7d-bb33-3b3c83fac54c,TO,Talismã,f,0,,0,2025-12-19 20:37:26.528199+00,
8aea392e-d7fc-42b3-aee4-ccb150478423,TO,Tocantínia,f,0,,0,2025-12-19 20:37:26.528199+00,
1baaf6cd-b323-41f1-8cac-9036e652601f,TO,Tocantinópolis,f,0,,0,2025-12-19 20:37:26.528199+00,
e757d729-7ea6-4db9-b999-ec9681fe8123,TO,Tupirama,f,0,,0,2025-12-19 20:37:26.528199+00,
31a05d45-0518-4b31-a9f0-d58c8c31e627,TO,Tupiratins,f,0,,0,2025-12-19 20:37:26.528199+00,
af7d8e8c-2f11-49bc-8460-32a674c7592d,TO,Wanderlândia,f,0,,0,2025-12-19 20:37:26.528199+00,
79d59f16-185b-4470-89b8-19c3553ffc74,TO,Xambioá,f,0,,0,2025-12-19 20:37:26.528199+00,
